#
# There is insufficient memory for the Java Runtime Environment to continue.
# Native memory allocation (mmap) failed to map 23068672 bytes. Error detail: G1 virtual space
# Possible reasons:
#   The system is out of physical RAM or swap space
#   This process is running with CompressedOops enabled, and the Java Heap may be blocking the growth of the native heap
# Possible solutions:
#   Reduce memory load on the system
#   Increase physical memory or swap space
#   Check if swap backing store is full
#   Decrease Java heap size (-Xmx/-Xms)
#   Decrease number of Java threads
#   Decrease Java thread stack sizes (-Xss)
#   Set larger code cache with -XX:ReservedCodeCacheSize=
#   JVM is running with Unscaled Compressed Oops mode in which the Java heap is
#     placed in the first 4GB address space. The Java Heap base address is the
#     maximum limit for the native heap growth. Please use -XX:HeapBaseMinAddress
#     to set the Java Heap base and to place the Java Heap above 4GB virtual address.
# This output file may be truncated or incomplete.
#
#  Out of Memory Error (os_windows.cpp:3925), pid=6452, tid=7756
#
# JRE version: OpenJDK Runtime Environment (21.0.8) (build 21.0.8+-14196175-b1038.72)
# Java VM: OpenJDK 64-Bit Server VM (21.0.8+-14196175-b1038.72, mixed mode, tiered, compressed oops, compressed class ptrs, g1 gc, windows-amd64)
# No core dump will be written. Minidumps are not enabled by default on client versions of Windows
#

---------------  S U M M A R Y ------------

Command Line: --add-opens=java.base/java.lang=ALL-UNNAMED --add-opens=java.base/java.lang.invoke=ALL-UNNAMED --add-opens=java.base/java.util=ALL-UNNAMED --add-opens=java.prefs/java.util.prefs=ALL-UNNAMED --add-exports=jdk.compiler/com.sun.tools.javac.api=ALL-UNNAMED --add-exports=jdk.compiler/com.sun.tools.javac.util=ALL-UNNAMED --add-opens=java.base/java.util=ALL-UNNAMED --add-opens=java.prefs/java.util.prefs=ALL-UNNAMED --add-opens=java.base/java.nio.charset=ALL-UNNAMED --add-opens=java.base/java.net=ALL-UNNAMED --add-opens=java.base/java.util.concurrent.atomic=ALL-UNNAMED --add-opens=java.xml/javax.xml.namespace=ALL-UNNAMED -Xmx2048m -Dfile.encoding=UTF-8 -Duser.country=US -Duser.language=en -Duser.variant -javaagent:C:\Users\DELL\.gradle\wrapper\dists\gradle-8.11.1-bin\bpt9gzteqjrbo1mjrsomdt32c\gradle-8.11.1\lib\agents\gradle-instrumentation-agent-8.11.1.jar org.gradle.launcher.daemon.bootstrap.GradleDaemon 8.11.1

Host: 11th Gen Intel(R) Core(TM) i5-11320H @ 3.20GHz, 8 cores, 15G,  Windows 11 , 64 bit Build 22621 (10.0.22621.5415)
Time: Mon Jan  5 13:46:33 2026 SE Asia Standard Time elapsed time: 35.368484 seconds (0d 0h 0m 35s)

---------------  T H R E A D  ---------------

Current thread (0x00000276ffbaf2e0):  VMThread "VM Thread"          [id=7756, stack(0x000000b08f800000,0x000000b08f900000) (1024K)]

Stack: [0x000000b08f800000,0x000000b08f900000]
Native frames: (J=compiled Java code, j=interpreted, Vv=VM code, C=native code)
V  [jvm.dll+0x6d68d9]
V  [jvm.dll+0x866693]
V  [jvm.dll+0x868c4e]
V  [jvm.dll+0x869333]
V  [jvm.dll+0x280566]
V  [jvm.dll+0x6d3195]
V  [jvm.dll+0x6c69ea]
V  [jvm.dll+0x3586db]
V  [jvm.dll+0x360336]
V  [jvm.dll+0x3b23f6]
V  [jvm.dll+0x3b26c8]
V  [jvm.dll+0x32ae6c]
V  [jvm.dll+0x32d806]
V  [jvm.dll+0x3376dd]
V  [jvm.dll+0x36ee15]
V  [jvm.dll+0x86f0b8]
V  [jvm.dll+0x870434]
V  [jvm.dll+0x870970]
V  [jvm.dll+0x870c03]
V  [jvm.dll+0x80eac8]
V  [jvm.dll+0x6d512d]
C  [ucrtbase.dll+0x29333]
C  [KERNEL32.DLL+0x1259d]
C  [ntdll.dll+0x5af78]

VM_Operation (0x000000b08f3ff5e0): G1PauseRemark, mode: safepoint, requested by thread 0x00000276ec456430


---------------  P R O C E S S  ---------------

Threads class SMR info:
_java_thread_list=0x00000276ff8559d0, length=80, elements={
0x00000276ec3ef0f0, 0x00000276ffc23f20, 0x00000276ffc2d090, 0x00000276ffc2e0a0,
0x00000276ffc4a0a0, 0x00000276ffc4cb20, 0x00000276ffc4d580, 0x00000276ffc4dfe0,
0x00000276ffc50590, 0x00000276ffc51030, 0x00000276842c7e90, 0x000002768a464010,
0x000002768a3a6140, 0x000002768a2cc5b0, 0x000002768a3bc970, 0x000002768a4271d0,
0x000002768a38ce80, 0x000002768a38a720, 0x000002768a38d510, 0x000002768a38c7f0,
0x000002768a38a090, 0x000002768a38adb0, 0x000002768a38b440, 0x000002768a38bad0,
0x000002768cad4c30, 0x000002768cad7a20, 0x000002768cadbbc0, 0x000002768cad8dd0,
0x000002768cad80b0, 0x000002768cad52c0, 0x000002768cadc250, 0x000002768cada180,
0x000002768cad5950, 0x000002768cad5fe0, 0x000002768cadb530, 0x000002768cad7390,
0x000002768cad8740, 0x000002768cadaea0, 0x000002768cad6670, 0x000002768cad9460,
0x000002768de999b0, 0x000002768de99320, 0x000002768de9ad60, 0x000002768de9a040,
0x000002768de97250, 0x000002768de97f70, 0x000002768de9ce30, 0x000002768de98600,
0x000002768ef0b190, 0x000002768ef062d0, 0x000002768ef090c0, 0x000002768ef07680,
0x000002768ef0beb0, 0x000002768ef06960, 0x000002768ef055b0, 0x000002768ef06ff0,
0x000002768ef09750, 0x000002768ef0ab00, 0x000002768f0f4f10, 0x000002768f0f3b60,
0x000002768f0f34d0, 0x000002768f0f62c0, 0x000002768f0f41f0, 0x000002768f0f2120,
0x000002768f0f4880, 0x000002768f0f1a90, 0x000002768f0f55a0, 0x000002768f0f5c30,
0x000002768f0f6950, 0x000002768f0f1400, 0x000002768f0f27b0, 0x000002768f0f0d70,
0x000002768f0f7670, 0x000002768de95810, 0x000002768de96530, 0x000002768de9c7a0,
0x000002768d8acc70, 0x000002768d8aaba0, 0x000002768d8b00f0, 0x000002768e0649a0
}

Java Threads: ( => current thread )
  0x00000276ec3ef0f0 JavaThread "main"                              [_thread_blocked, id=10856, stack(0x000000b08f100000,0x000000b08f200000) (1024K)]
  0x00000276ffc23f20 JavaThread "Common-Cleaner"             daemon [_thread_blocked, id=8708, stack(0x000000b08f900000,0x000000b08fa00000) (1024K)]
  0x00000276ffc2d090 JavaThread "Reference Handler"          daemon [_thread_blocked, id=20528, stack(0x000000b08fa00000,0x000000b08fb00000) (1024K)]
  0x00000276ffc2e0a0 JavaThread "Finalizer"                  daemon [_thread_blocked, id=17404, stack(0x000000b08fb00000,0x000000b08fc00000) (1024K)]
  0x00000276ffc4a0a0 JavaThread "Signal Dispatcher"          daemon [_thread_blocked, id=21196, stack(0x000000b08fc00000,0x000000b08fd00000) (1024K)]
  0x00000276ffc4cb20 JavaThread "Attach Listener"            daemon [_thread_blocked, id=19896, stack(0x000000b08fd00000,0x000000b08fe00000) (1024K)]
  0x00000276ffc4d580 JavaThread "Service Thread"             daemon [_thread_blocked, id=1768, stack(0x000000b08fe00000,0x000000b08ff00000) (1024K)]
  0x00000276ffc4dfe0 JavaThread "Monitor Deflation Thread"   daemon [_thread_blocked, id=2560, stack(0x000000b08ff00000,0x000000b090000000) (1024K)]
  0x00000276ffc50590 JavaThread "C2 CompilerThread0"         daemon [_thread_blocked, id=18364, stack(0x000000b090000000,0x000000b090100000) (1024K)]
  0x00000276ffc51030 JavaThread "C1 CompilerThread0"         daemon [_thread_blocked, id=19040, stack(0x000000b090100000,0x000000b090200000) (1024K)]
  0x00000276842c7e90 JavaThread "Notification Thread"        daemon [_thread_blocked, id=16692, stack(0x000000b090200000,0x000000b090300000) (1024K)]
  0x000002768a464010 JavaThread "Daemon health stats"               [_thread_blocked, id=13352, stack(0x000000b090b00000,0x000000b090c00000) (1024K)]
  0x000002768a3a6140 JavaThread "Incoming local TCP Connector on port 54811"        [_thread_in_native, id=5440, stack(0x000000b090c00000,0x000000b090d00000) (1024K)]
  0x000002768a2cc5b0 JavaThread "Daemon periodic checks"            [_thread_blocked, id=9868, stack(0x000000b090d00000,0x000000b090e00000) (1024K)]
  0x000002768a3bc970 JavaThread "Daemon"                            [_thread_blocked, id=6188, stack(0x000000b090e00000,0x000000b090f00000) (1024K)]
  0x000002768a4271d0 JavaThread "Handler for socket connection from /127.0.0.1:54811 to /127.0.0.1:54812"        [_thread_in_native, id=9960, stack(0x000000b090f00000,0x000000b091000000) (1024K)]
  0x000002768a38ce80 JavaThread "Cancel handler"                    [_thread_blocked, id=20188, stack(0x000000b091000000,0x000000b091100000) (1024K)]
  0x000002768a38a720 JavaThread "Daemon worker"                     [_thread_blocked, id=10464, stack(0x000000b091100000,0x000000b091200000) (1024K)]
  0x000002768a38d510 JavaThread "Asynchronous log dispatcher for DefaultDaemonConnection: socket connection from /127.0.0.1:54811 to /127.0.0.1:54812"        [_thread_blocked, id=16140, stack(0x000000b091200000,0x000000b091300000) (1024K)]
  0x000002768a38c7f0 JavaThread "Stdin handler"                     [_thread_blocked, id=6292, stack(0x000000b091300000,0x000000b091400000) (1024K)]
  0x000002768a38a090 JavaThread "Daemon client event forwarder"        [_thread_blocked, id=21844, stack(0x000000b091400000,0x000000b091500000) (1024K)]
  0x000002768a38adb0 JavaThread "Cache worker for journal cache (C:\Users\DELL\.gradle\caches\journal-1)"        [_thread_blocked, id=4048, stack(0x000000b091700000,0x000000b091800000) (1024K)]
  0x000002768a38b440 JavaThread "File lock request listener"        [_thread_in_native, id=13328, stack(0x000000b091800000,0x000000b091900000) (1024K)]
  0x000002768a38bad0 JavaThread "Cache worker for file hash cache (C:\Users\DELL\.gradle\caches\8.11.1\fileHashes)"        [_thread_blocked, id=10908, stack(0x000000b091900000,0x000000b091a00000) (1024K)]
  0x000002768cad4c30 JavaThread "Cache worker for file content cache (C:\Users\DELL\.gradle\caches\8.11.1\fileContent)"        [_thread_blocked, id=10752, stack(0x000000b091a00000,0x000000b091b00000) (1024K)]
  0x000002768cad7a20 JavaThread "Cache worker for file hash cache (C:\Users\DELL\AndroidStudioProjects\IoTApplication\.gradle\8.11.1\fileHashes)"        [_thread_blocked, id=17340, stack(0x000000b091b00000,0x000000b091c00000) (1024K)]
  0x000002768cadbbc0 JavaThread "Cache worker for Build Output Cleanup Cache (C:\Users\DELL\AndroidStudioProjects\IoTApplication\.gradle\buildOutputCleanup)"        [_thread_blocked, id=17428, stack(0x000000b091c00000,0x000000b091d00000) (1024K)]
  0x000002768cad8dd0 JavaThread "File watcher server"        daemon [_thread_in_native, id=22956, stack(0x000000b090300000,0x000000b090400000) (1024K)]
  0x000002768cad80b0 JavaThread "File watcher consumer"      daemon [_thread_blocked, id=8276, stack(0x000000b090400000,0x000000b090500000) (1024K)]
  0x000002768cad52c0 JavaThread "jar transforms"                    [_thread_blocked, id=8604, stack(0x000000b091e00000,0x000000b091f00000) (1024K)]
  0x000002768cadc250 JavaThread "jar transforms Thread 2"           [_thread_blocked, id=17036, stack(0x000000b091f00000,0x000000b092000000) (1024K)]
  0x000002768cada180 JavaThread "jar transforms Thread 3"           [_thread_blocked, id=22376, stack(0x000000b092000000,0x000000b092100000) (1024K)]
  0x000002768cad5950 JavaThread "jar transforms Thread 4"           [_thread_blocked, id=764, stack(0x000000b092100000,0x000000b092200000) (1024K)]
  0x000002768cad5fe0 JavaThread "jar transforms Thread 5"           [_thread_blocked, id=23364, stack(0x000000b092200000,0x000000b092300000) (1024K)]
  0x000002768cadb530 JavaThread "jar transforms Thread 6"           [_thread_blocked, id=3516, stack(0x000000b092300000,0x000000b092400000) (1024K)]
  0x000002768cad7390 JavaThread "jar transforms Thread 7"           [_thread_blocked, id=4248, stack(0x000000b092400000,0x000000b092500000) (1024K)]
  0x000002768cad8740 JavaThread "jar transforms Thread 8"           [_thread_blocked, id=20896, stack(0x000000b092500000,0x000000b092600000) (1024K)]
  0x000002768cadaea0 JavaThread "Cache worker for checksums cache (C:\Users\DELL\AndroidStudioProjects\IoTApplication\.gradle\8.11.1\checksums)"        [_thread_blocked, id=15392, stack(0x000000b092700000,0x000000b092800000) (1024K)]
  0x000002768cad6670 JavaThread "Cache worker for cache directory md-rule (C:\Users\DELL\.gradle\caches\8.11.1\md-rule)"        [_thread_blocked, id=23448, stack(0x000000b092800000,0x000000b092900000) (1024K)]
  0x000002768cad9460 JavaThread "Cache worker for cache directory md-supplier (C:\Users\DELL\.gradle\caches\8.11.1\md-supplier)"        [_thread_blocked, id=6660, stack(0x000000b092900000,0x000000b092a00000) (1024K)]
  0x000002768de999b0 JavaThread "Unconstrained build operations"        [_thread_blocked, id=13620, stack(0x000000b092a00000,0x000000b092b00000) (1024K)]
  0x000002768de99320 JavaThread "Unconstrained build operations Thread 2"        [_thread_blocked, id=13516, stack(0x000000b092b00000,0x000000b092c00000) (1024K)]
  0x000002768de9ad60 JavaThread "Unconstrained build operations Thread 3"        [_thread_blocked, id=11580, stack(0x000000b092c00000,0x000000b092d00000) (1024K)]
  0x000002768de9a040 JavaThread "Unconstrained build operations Thread 4"        [_thread_blocked, id=13344, stack(0x000000b092d00000,0x000000b092e00000) (1024K)]
  0x000002768de97250 JavaThread "Unconstrained build operations Thread 5"        [_thread_blocked, id=2736, stack(0x000000b092e00000,0x000000b092f00000) (1024K)]
  0x000002768de97f70 JavaThread "Unconstrained build operations Thread 6"        [_thread_blocked, id=444, stack(0x000000b092f00000,0x000000b093000000) (1024K)]
  0x000002768de9ce30 JavaThread "Unconstrained build operations Thread 7"        [_thread_blocked, id=19840, stack(0x000000b093000000,0x000000b093100000) (1024K)]
  0x000002768de98600 JavaThread "Unconstrained build operations Thread 8"        [_thread_blocked, id=20848, stack(0x000000b093100000,0x000000b093200000) (1024K)]
  0x000002768ef0b190 JavaThread "Unconstrained build operations Thread 9"        [_thread_blocked, id=16712, stack(0x000000b093200000,0x000000b093300000) (1024K)]
  0x000002768ef062d0 JavaThread "Unconstrained build operations Thread 10"        [_thread_blocked, id=9040, stack(0x000000b093300000,0x000000b093400000) (1024K)]
  0x000002768ef090c0 JavaThread "Unconstrained build operations Thread 11"        [_thread_blocked, id=16432, stack(0x000000b093400000,0x000000b093500000) (1024K)]
  0x000002768ef07680 JavaThread "Unconstrained build operations Thread 12"        [_thread_blocked, id=15508, stack(0x000000b093500000,0x000000b093600000) (1024K)]
  0x000002768ef0beb0 JavaThread "Unconstrained build operations Thread 13"        [_thread_blocked, id=3556, stack(0x000000b093600000,0x000000b093700000) (1024K)]
  0x000002768ef06960 JavaThread "Unconstrained build operations Thread 14"        [_thread_blocked, id=19728, stack(0x000000b093700000,0x000000b093800000) (1024K)]
  0x000002768ef055b0 JavaThread "Unconstrained build operations Thread 15"        [_thread_blocked, id=8348, stack(0x000000b093800000,0x000000b093900000) (1024K)]
  0x000002768ef06ff0 JavaThread "Unconstrained build operations Thread 16"        [_thread_blocked, id=3752, stack(0x000000b093900000,0x000000b093a00000) (1024K)]
  0x000002768ef09750 JavaThread "Unconstrained build operations Thread 17"        [_thread_blocked, id=14824, stack(0x000000b093a00000,0x000000b093b00000) (1024K)]
  0x000002768ef0ab00 JavaThread "Unconstrained build operations Thread 18"        [_thread_blocked, id=2984, stack(0x000000b093b00000,0x000000b093c00000) (1024K)]
  0x000002768f0f4f10 JavaThread "Unconstrained build operations Thread 19"        [_thread_blocked, id=6196, stack(0x000000b092600000,0x000000b092700000) (1024K)]
  0x000002768f0f3b60 JavaThread "Unconstrained build operations Thread 20"        [_thread_blocked, id=8280, stack(0x000000b093c00000,0x000000b093d00000) (1024K)]
  0x000002768f0f34d0 JavaThread "Unconstrained build operations Thread 21"        [_thread_blocked, id=11048, stack(0x000000b093d00000,0x000000b093e00000) (1024K)]
  0x000002768f0f62c0 JavaThread "Unconstrained build operations Thread 22"        [_thread_blocked, id=15520, stack(0x000000b093e00000,0x000000b093f00000) (1024K)]
  0x000002768f0f41f0 JavaThread "Unconstrained build operations Thread 23"        [_thread_blocked, id=14992, stack(0x000000b093f00000,0x000000b094000000) (1024K)]
  0x000002768f0f2120 JavaThread "Unconstrained build operations Thread 24"        [_thread_blocked, id=22040, stack(0x000000b094000000,0x000000b094100000) (1024K)]
  0x000002768f0f4880 JavaThread "Unconstrained build operations Thread 25"        [_thread_blocked, id=20516, stack(0x000000b094100000,0x000000b094200000) (1024K)]
  0x000002768f0f1a90 JavaThread "Unconstrained build operations Thread 26"        [_thread_blocked, id=6880, stack(0x000000b094200000,0x000000b094300000) (1024K)]
  0x000002768f0f55a0 JavaThread "Unconstrained build operations Thread 27"        [_thread_blocked, id=5180, stack(0x000000b094300000,0x000000b094400000) (1024K)]
  0x000002768f0f5c30 JavaThread "Unconstrained build operations Thread 28"        [_thread_blocked, id=21036, stack(0x000000b094400000,0x000000b094500000) (1024K)]
  0x000002768f0f6950 JavaThread "Unconstrained build operations Thread 29"        [_thread_blocked, id=23068, stack(0x000000b094500000,0x000000b094600000) (1024K)]
  0x000002768f0f1400 JavaThread "Unconstrained build operations Thread 30"        [_thread_blocked, id=15336, stack(0x000000b094600000,0x000000b094700000) (1024K)]
  0x000002768f0f27b0 JavaThread "Unconstrained build operations Thread 31"        [_thread_blocked, id=2364, stack(0x000000b094700000,0x000000b094800000) (1024K)]
  0x000002768f0f0d70 JavaThread "Unconstrained build operations Thread 32"        [_thread_blocked, id=15872, stack(0x000000b094800000,0x000000b094900000) (1024K)]
  0x000002768f0f7670 JavaThread "Unconstrained build operations Thread 33"        [_thread_blocked, id=15760, stack(0x000000b094900000,0x000000b094a00000) (1024K)]
  0x000002768de95810 JavaThread "Unconstrained build operations Thread 34"        [_thread_blocked, id=8328, stack(0x000000b094a00000,0x000000b094b00000) (1024K)]
  0x000002768de96530 JavaThread "Unconstrained build operations Thread 35"        [_thread_blocked, id=8648, stack(0x000000b094b00000,0x000000b094c00000) (1024K)]
  0x000002768de9c7a0 JavaThread "Unconstrained build operations Thread 36"        [_thread_blocked, id=10796, stack(0x000000b094c00000,0x000000b094d00000) (1024K)]
  0x000002768d8acc70 JavaThread "Unconstrained build operations Thread 37"        [_thread_blocked, id=18208, stack(0x000000b094d00000,0x000000b094e00000) (1024K)]
  0x000002768d8aaba0 JavaThread "Unconstrained build operations Thread 38"        [_thread_blocked, id=3628, stack(0x000000b094e00000,0x000000b094f00000) (1024K)]
  0x000002768d8b00f0 JavaThread "Unconstrained build operations Thread 39"        [_thread_blocked, id=17172, stack(0x000000b094f00000,0x000000b095000000) (1024K)]
  0x000002768e0649a0 JavaThread "C2 CompilerThread1"         daemon [_thread_blocked, id=10032, stack(0x000000b08ee00000,0x000000b08ef00000) (1024K)]
Total: 80

Other Threads:
=>0x00000276ffbaf2e0 VMThread "VM Thread"                           [id=7756, stack(0x000000b08f800000,0x000000b08f900000) (1024K)]
  0x00000276ffb90da0 WatcherThread "VM Periodic Task Thread"        [id=19136, stack(0x000000b08f700000,0x000000b08f800000) (1024K)]
  0x00000276ec4452e0 WorkerThread "GC Thread#0"                     [id=3064, stack(0x000000b08f200000,0x000000b08f300000) (1024K)]
  0x0000027684693c40 WorkerThread "GC Thread#1"                     [id=13712, stack(0x000000b090500000,0x000000b090600000) (1024K)]
  0x000002768473c970 WorkerThread "GC Thread#2"                     [id=2620, stack(0x000000b090600000,0x000000b090700000) (1024K)]
  0x000002768473cd10 WorkerThread "GC Thread#3"                     [id=2416, stack(0x000000b090700000,0x000000b090800000) (1024K)]
  0x000002768467ed20 WorkerThread "GC Thread#4"                     [id=3744, stack(0x000000b090800000,0x000000b090900000) (1024K)]
  0x000002768467f0c0 WorkerThread "GC Thread#5"                     [id=21320, stack(0x000000b090900000,0x000000b090a00000) (1024K)]
  0x00000276892985f0 WorkerThread "GC Thread#6"                     [id=23648, stack(0x000000b090a00000,0x000000b090b00000) (1024K)]
  0x000002768a18a800 WorkerThread "GC Thread#7"                     [id=2036, stack(0x000000b091500000,0x000000b091600000) (1024K)]
  0x00000276ec456430 ConcurrentGCThread "G1 Main Marker"            [id=1700, stack(0x000000b08f300000,0x000000b08f400000) (1024K)]
  0x00000276ec456f30 WorkerThread "G1 Conc#0"                       [id=19344, stack(0x000000b08f400000,0x000000b08f500000) (1024K)]
  0x000002768a18b680 WorkerThread "G1 Conc#1"                       [id=16168, stack(0x000000b091600000,0x000000b091700000) (1024K)]
  0x00000276ff90b1d0 ConcurrentGCThread "G1 Refine#0"               [id=22700, stack(0x000000b08f500000,0x000000b08f600000) (1024K)]
  0x00000276ff90b9f0 ConcurrentGCThread "G1 Service"                [id=18164, stack(0x000000b08f600000,0x000000b08f700000) (1024K)]
Total: 15

Threads with active compile tasks:
C2 CompilerThread1  35394 11498       4       jdk.internal.loader.BuiltinClassLoader::loadClassOrNull (7 bytes)
Total: 1

VM state: at safepoint (normal execution)

VM Mutex/Monitor currently owned by a thread:  ([mutex/lock_event])
[0x00007fffeb4c85b8] Threads_lock - owner thread: 0x00000276ffbaf2e0
[0x00007fffeb4c86b8] Heap_lock - owner thread: 0x00000276ec456430

Heap address: 0x0000000080000000, size: 2048 MB, Compressed Oops mode: 32-bit

CDS archive(s) not mapped
Compressed class space mapped at: 0x0000000100000000-0x0000000140000000, reserved size: 1073741824
Narrow klass base: 0x0000000000000000, Narrow klass shift: 3, Narrow klass range: 0x140000000

GC Precious Log:
 CardTable entry size: 512
 Card Set container configuration: InlinePtr #cards 5 size 8 Array Of Cards #cards 12 size 40 Howl #buckets 4 coarsen threshold 1843 Howl Bitmap #cards 512 size 80 coarsen threshold 460 Card regions per heap region 1 cards per card region 2048
 CPUs: 8 total, 8 available
 Memory: 16126M
 Large Page Support: Disabled
 NUMA Support: Disabled
 Compressed Oops: Enabled (32-bit)
 Heap Region Size: 1M
 Heap Min Capacity: 8M
 Heap Initial Capacity: 252M
 Heap Max Capacity: 2G
 Pre-touch: Disabled
 Parallel Workers: 8
 Concurrent Workers: 2
 Concurrent Refinement Workers: 8
 Periodic GC: Disabled

Heap:
 garbage-first heap   total 257024K, used 181157K [0x0000000080000000, 0x0000000100000000)
  region size 1024K, 10 young (10240K), 4 survivors (4096K)
 Metaspace       used 110643K, committed 112768K, reserved 1179648K
  class space    used 15413K, committed 16448K, reserved 1048576K

Heap Regions: E=young(eden), S=young(survivor), O=old, HS=humongous(starts), HC=humongous(continues), CS=collection set, F=free, TAMS=top-at-mark-start, PB=parsable bottom
|   0|0x0000000080000000, 0x0000000080100000, 0x0000000080100000|100%| O|  |TAMS 0x0000000080100000| PB 0x0000000080100000| Updating 
|   1|0x0000000080100000, 0x0000000080200000, 0x0000000080200000|100%|HS|  |TAMS 0x0000000080200000| PB 0x0000000080100000| Complete 
|   2|0x0000000080200000, 0x0000000080300000, 0x0000000080300000|100%|HC|  |TAMS 0x0000000080300000| PB 0x0000000080200000| Complete 
|   3|0x0000000080300000, 0x0000000080400000, 0x0000000080400000|100%|HC|  |TAMS 0x0000000080400000| PB 0x0000000080300000| Complete 
|   4|0x0000000080400000, 0x0000000080500000, 0x0000000080500000|100%| O|  |TAMS 0x0000000080500000| PB 0x0000000080500000| Untracked 
|   5|0x0000000080500000, 0x0000000080600000, 0x0000000080600000|100%| O|  |TAMS 0x0000000080600000| PB 0x0000000080600000| Untracked 
|   6|0x0000000080600000, 0x0000000080700000, 0x0000000080700000|100%| O|  |TAMS 0x0000000080700000| PB 0x0000000080700000| Untracked 
|   7|0x0000000080700000, 0x0000000080800000, 0x0000000080800000|100%|HS|  |TAMS 0x0000000080800000| PB 0x0000000080700000| Complete 
|   8|0x0000000080800000, 0x0000000080900000, 0x0000000080900000|100%| O|  |TAMS 0x0000000080900000| PB 0x0000000080900000| Untracked 
|   9|0x0000000080900000, 0x0000000080a00000, 0x0000000080a00000|100%| O|  |TAMS 0x0000000080a00000| PB 0x0000000080a00000| Untracked 
|  10|0x0000000080a00000, 0x0000000080b00000, 0x0000000080b00000|100%| O|  |TAMS 0x0000000080b00000| PB 0x0000000080b00000| Untracked 
|  11|0x0000000080b00000, 0x0000000080c00000, 0x0000000080c00000|100%| O|  |TAMS 0x0000000080c00000| PB 0x0000000080c00000| Untracked 
|  12|0x0000000080c00000, 0x0000000080d00000, 0x0000000080d00000|100%| O|  |TAMS 0x0000000080d00000| PB 0x0000000080d00000| Untracked 
|  13|0x0000000080d00000, 0x0000000080e00000, 0x0000000080e00000|100%| O|  |TAMS 0x0000000080e00000| PB 0x0000000080e00000| Untracked 
|  14|0x0000000080e00000, 0x0000000080f00000, 0x0000000080f00000|100%| O|  |TAMS 0x0000000080f00000| PB 0x0000000080f00000| Untracked 
|  15|0x0000000080f00000, 0x0000000081000000, 0x0000000081000000|100%| O|  |TAMS 0x0000000081000000| PB 0x0000000081000000| Untracked 
|  16|0x0000000081000000, 0x0000000081100000, 0x0000000081100000|100%| O|  |TAMS 0x0000000081100000| PB 0x0000000081100000| Untracked 
|  17|0x0000000081100000, 0x0000000081200000, 0x0000000081200000|100%| O|  |TAMS 0x0000000081200000| PB 0x0000000081200000| Untracked 
|  18|0x0000000081200000, 0x0000000081300000, 0x0000000081300000|100%| O|  |TAMS 0x0000000081300000| PB 0x0000000081300000| Untracked 
|  19|0x0000000081300000, 0x0000000081400000, 0x0000000081400000|100%| O|  |TAMS 0x0000000081400000| PB 0x0000000081400000| Untracked 
|  20|0x0000000081400000, 0x0000000081500000, 0x0000000081500000|100%|HS|  |TAMS 0x0000000081500000| PB 0x0000000081400000| Complete 
|  21|0x0000000081500000, 0x0000000081600000, 0x0000000081600000|100%| O|  |TAMS 0x0000000081600000| PB 0x0000000081600000| Updating 
|  22|0x0000000081600000, 0x0000000081700000, 0x0000000081700000|100%| O|  |TAMS 0x0000000081700000| PB 0x0000000081700000| Updating 
|  23|0x0000000081700000, 0x0000000081800000, 0x0000000081800000|100%|HS|  |TAMS 0x0000000081800000| PB 0x0000000081700000| Complete 
|  24|0x0000000081800000, 0x0000000081900000, 0x0000000081900000|100%|HC|  |TAMS 0x0000000081900000| PB 0x0000000081800000| Complete 
|  25|0x0000000081900000, 0x0000000081a00000, 0x0000000081a00000|100%|HC|  |TAMS 0x0000000081a00000| PB 0x0000000081900000| Complete 
|  26|0x0000000081a00000, 0x0000000081b00000, 0x0000000081b00000|100%|HC|  |TAMS 0x0000000081b00000| PB 0x0000000081a00000| Complete 
|  27|0x0000000081b00000, 0x0000000081c00000, 0x0000000081c00000|100%|HC|  |TAMS 0x0000000081c00000| PB 0x0000000081b00000| Complete 
|  28|0x0000000081c00000, 0x0000000081d00000, 0x0000000081d00000|100%|HC|  |TAMS 0x0000000081d00000| PB 0x0000000081c00000| Complete 
|  29|0x0000000081d00000, 0x0000000081e00000, 0x0000000081e00000|100%|HS|  |TAMS 0x0000000081e00000| PB 0x0000000081d00000| Complete 
|  30|0x0000000081e00000, 0x0000000081f00000, 0x0000000081f00000|100%|HS|  |TAMS 0x0000000081f00000| PB 0x0000000081e00000| Complete 
|  31|0x0000000081f00000, 0x0000000082000000, 0x0000000082000000|100%|HC|  |TAMS 0x0000000082000000| PB 0x0000000081f00000| Complete 
|  32|0x0000000082000000, 0x0000000082100000, 0x0000000082100000|100%|HS|  |TAMS 0x0000000082100000| PB 0x0000000082000000| Complete 
|  33|0x0000000082100000, 0x0000000082200000, 0x0000000082200000|100%|HC|  |TAMS 0x0000000082200000| PB 0x0000000082100000| Complete 
|  34|0x0000000082200000, 0x0000000082300000, 0x0000000082300000|100%|HC|  |TAMS 0x0000000082300000| PB 0x0000000082200000| Complete 
|  35|0x0000000082300000, 0x0000000082400000, 0x0000000082400000|100%|HC|  |TAMS 0x0000000082400000| PB 0x0000000082300000| Complete 
|  36|0x0000000082400000, 0x0000000082500000, 0x0000000082500000|100%|HS|  |TAMS 0x0000000082500000| PB 0x0000000082400000| Complete 
|  37|0x0000000082500000, 0x0000000082600000, 0x0000000082600000|100%|HS|  |TAMS 0x0000000082600000| PB 0x0000000082500000| Complete 
|  38|0x0000000082600000, 0x0000000082700000, 0x0000000082700000|100%|HC|  |TAMS 0x0000000082700000| PB 0x0000000082600000| Complete 
|  39|0x0000000082700000, 0x0000000082800000, 0x0000000082800000|100%|HC|  |TAMS 0x0000000082800000| PB 0x0000000082700000| Complete 
|  40|0x0000000082800000, 0x0000000082900000, 0x0000000082900000|100%|HC|  |TAMS 0x0000000082900000| PB 0x0000000082800000| Complete 
|  41|0x0000000082900000, 0x0000000082a00000, 0x0000000082a00000|100%|HC|  |TAMS 0x0000000082a00000| PB 0x0000000082900000| Complete 
|  42|0x0000000082a00000, 0x0000000082b00000, 0x0000000082b00000|100%|HC|  |TAMS 0x0000000082b00000| PB 0x0000000082a00000| Complete 
|  43|0x0000000082b00000, 0x0000000082c00000, 0x0000000082c00000|100%|HS|  |TAMS 0x0000000082c00000| PB 0x0000000082b00000| Complete 
|  44|0x0000000082c00000, 0x0000000082d00000, 0x0000000082d00000|100%|HS|  |TAMS 0x0000000082d00000| PB 0x0000000082c00000| Complete 
|  45|0x0000000082d00000, 0x0000000082e00000, 0x0000000082e00000|100%|HC|  |TAMS 0x0000000082e00000| PB 0x0000000082d00000| Complete 
|  46|0x0000000082e00000, 0x0000000082f00000, 0x0000000082f00000|100%|HS|  |TAMS 0x0000000082f00000| PB 0x0000000082e00000| Complete 
|  47|0x0000000082f00000, 0x0000000083000000, 0x0000000083000000|100%|HC|  |TAMS 0x0000000083000000| PB 0x0000000082f00000| Complete 
|  48|0x0000000083000000, 0x0000000083100000, 0x0000000083100000|100%|HC|  |TAMS 0x0000000083100000| PB 0x0000000083000000| Complete 
|  49|0x0000000083100000, 0x0000000083200000, 0x0000000083200000|100%|HC|  |TAMS 0x0000000083200000| PB 0x0000000083100000| Complete 
|  50|0x0000000083200000, 0x0000000083300000, 0x0000000083300000|100%|HS|  |TAMS 0x0000000083300000| PB 0x0000000083200000| Complete 
|  51|0x0000000083300000, 0x0000000083400000, 0x0000000083400000|100%| O|  |TAMS 0x0000000083400000| PB 0x0000000083400000| Untracked 
|  52|0x0000000083400000, 0x0000000083500000, 0x0000000083500000|100%| O|  |TAMS 0x0000000083500000| PB 0x0000000083500000| Untracked 
|  53|0x0000000083500000, 0x0000000083600000, 0x0000000083600000|100%| O|  |TAMS 0x0000000083600000| PB 0x0000000083600000| Untracked 
|  54|0x0000000083600000, 0x0000000083700000, 0x0000000083700000|100%| O|  |TAMS 0x0000000083700000| PB 0x0000000083700000| Untracked 
|  55|0x0000000083700000, 0x0000000083800000, 0x0000000083800000|100%| O|  |TAMS 0x0000000083800000| PB 0x0000000083800000| Untracked 
|  56|0x0000000083800000, 0x0000000083900000, 0x0000000083900000|100%| O|  |TAMS 0x0000000083900000| PB 0x0000000083900000| Untracked 
|  57|0x0000000083900000, 0x0000000083a00000, 0x0000000083a00000|100%| O|  |TAMS 0x0000000083a00000| PB 0x0000000083a00000| Updating 
|  58|0x0000000083a00000, 0x0000000083b00000, 0x0000000083b00000|100%| O|  |TAMS 0x0000000083b00000| PB 0x0000000083b00000| Untracked 
|  59|0x0000000083b00000, 0x0000000083c00000, 0x0000000083c00000|100%| O|  |TAMS 0x0000000083c00000| PB 0x0000000083c00000| Untracked 
|  60|0x0000000083c00000, 0x0000000083d00000, 0x0000000083d00000|100%| O|  |TAMS 0x0000000083d00000| PB 0x0000000083d00000| Untracked 
|  61|0x0000000083d00000, 0x0000000083e00000, 0x0000000083e00000|100%|HS|  |TAMS 0x0000000083e00000| PB 0x0000000083d00000| Complete 
|  62|0x0000000083e00000, 0x0000000083f00000, 0x0000000083f00000|100%| O|  |TAMS 0x0000000083f00000| PB 0x0000000083f00000| Updating 
|  63|0x0000000083f00000, 0x0000000084000000, 0x0000000084000000|100%| O|  |TAMS 0x0000000084000000| PB 0x0000000084000000| Untracked 
|  64|0x0000000084000000, 0x0000000084100000, 0x0000000084100000|100%| O|  |TAMS 0x0000000084100000| PB 0x0000000084100000| Untracked 
|  65|0x0000000084100000, 0x0000000084200000, 0x0000000084200000|100%| O|  |TAMS 0x0000000084200000| PB 0x0000000084200000| Untracked 
|  66|0x0000000084200000, 0x0000000084300000, 0x0000000084300000|100%| O|  |TAMS 0x0000000084300000| PB 0x0000000084300000| Updating 
|  67|0x0000000084300000, 0x0000000084400000, 0x0000000084400000|100%|HS|  |TAMS 0x0000000084400000| PB 0x0000000084300000| Complete 
|  68|0x0000000084400000, 0x0000000084500000, 0x0000000084500000|100%|HC|  |TAMS 0x0000000084500000| PB 0x0000000084400000| Complete 
|  69|0x0000000084500000, 0x0000000084600000, 0x0000000084600000|100%| O|  |TAMS 0x0000000084600000| PB 0x0000000084600000| Updating 
|  70|0x0000000084600000, 0x0000000084700000, 0x0000000084700000|100%| O|  |TAMS 0x0000000084700000| PB 0x0000000084700000| Updating 
|  71|0x0000000084700000, 0x0000000084800000, 0x0000000084800000|100%| O|  |TAMS 0x0000000084700000| PB 0x0000000084700000| Untracked 
|  72|0x0000000084800000, 0x0000000084900000, 0x0000000084900000|100%| O|  |TAMS 0x0000000084900000| PB 0x0000000084900000| Updating 
|  73|0x0000000084900000, 0x0000000084a00000, 0x0000000084a00000|100%| O|  |TAMS 0x0000000084a00000| PB 0x0000000084a00000| Updating 
|  74|0x0000000084a00000, 0x0000000084b00000, 0x0000000084b00000|100%|HS|  |TAMS 0x0000000084b00000| PB 0x0000000084a00000| Complete 
|  75|0x0000000084b00000, 0x0000000084c00000, 0x0000000084c00000|100%|HC|  |TAMS 0x0000000084c00000| PB 0x0000000084b00000| Complete 
|  76|0x0000000084c00000, 0x0000000084d00000, 0x0000000084d00000|100%|HC|  |TAMS 0x0000000084d00000| PB 0x0000000084c00000| Complete 
|  77|0x0000000084d00000, 0x0000000084e00000, 0x0000000084e00000|100%|HC|  |TAMS 0x0000000084e00000| PB 0x0000000084d00000| Complete 
|  78|0x0000000084e00000, 0x0000000084f00000, 0x0000000084f00000|100%|HC|  |TAMS 0x0000000084f00000| PB 0x0000000084e00000| Complete 
|  79|0x0000000084f00000, 0x0000000085000000, 0x0000000085000000|100%|HC|  |TAMS 0x0000000085000000| PB 0x0000000084f00000| Complete 
|  80|0x0000000085000000, 0x0000000085100000, 0x0000000085100000|100%|HS|  |TAMS 0x0000000085100000| PB 0x0000000085000000| Complete 
|  81|0x0000000085100000, 0x0000000085200000, 0x0000000085200000|100%| O|  |TAMS 0x0000000085200000| PB 0x0000000085200000| Updating 
|  82|0x0000000085200000, 0x0000000085300000, 0x0000000085300000|100%| O|  |TAMS 0x0000000085300000| PB 0x0000000085300000| Updating 
|  83|0x0000000085300000, 0x0000000085400000, 0x0000000085400000|100%| O|  |TAMS 0x0000000085400000| PB 0x0000000085400000| Updating 
|  84|0x0000000085400000, 0x0000000085500000, 0x0000000085500000|100%|HS|  |TAMS 0x0000000085500000| PB 0x0000000085400000| Complete 
|  85|0x0000000085500000, 0x0000000085600000, 0x0000000085600000|100%| O|  |TAMS 0x0000000085600000| PB 0x0000000085600000| Updating 
|  86|0x0000000085600000, 0x0000000085700000, 0x0000000085700000|100%|HS|  |TAMS 0x0000000085700000| PB 0x0000000085600000| Complete 
|  87|0x0000000085700000, 0x0000000085800000, 0x0000000085800000|100%|HC|  |TAMS 0x0000000085800000| PB 0x0000000085700000| Complete 
|  88|0x0000000085800000, 0x0000000085900000, 0x0000000085900000|100%|HC|  |TAMS 0x0000000085900000| PB 0x0000000085800000| Complete 
|  89|0x0000000085900000, 0x0000000085a00000, 0x0000000085a00000|100%|HC|  |TAMS 0x0000000085a00000| PB 0x0000000085900000| Complete 
|  90|0x0000000085a00000, 0x0000000085b00000, 0x0000000085b00000|100%|HC|  |TAMS 0x0000000085b00000| PB 0x0000000085a00000| Complete 
|  91|0x0000000085b00000, 0x0000000085c00000, 0x0000000085c00000|100%|HC|  |TAMS 0x0000000085c00000| PB 0x0000000085b00000| Complete 
|  92|0x0000000085c00000, 0x0000000085d00000, 0x0000000085d00000|100%| O|  |TAMS 0x0000000085d00000| PB 0x0000000085d00000| Updating 
|  93|0x0000000085d00000, 0x0000000085e00000, 0x0000000085e00000|100%| O|  |TAMS 0x0000000085e00000| PB 0x0000000085e00000| Updating 
|  94|0x0000000085e00000, 0x0000000085f00000, 0x0000000085f00000|100%| O|  |TAMS 0x0000000085f00000| PB 0x0000000085f00000| Untracked 
|  95|0x0000000085f00000, 0x0000000086000000, 0x0000000086000000|100%| O|  |TAMS 0x0000000086000000| PB 0x0000000086000000| Untracked 
|  96|0x0000000086000000, 0x0000000086100000, 0x0000000086100000|100%| O|  |TAMS 0x0000000086100000| PB 0x0000000086100000| Updating 
|  97|0x0000000086100000, 0x0000000086200000, 0x0000000086200000|100%| O|  |TAMS 0x0000000086200000| PB 0x0000000086200000| Untracked 
|  98|0x0000000086200000, 0x0000000086300000, 0x0000000086300000|100%| O|  |TAMS 0x0000000086300000| PB 0x0000000086300000| Untracked 
|  99|0x0000000086300000, 0x0000000086400000, 0x0000000086400000|100%|HS|  |TAMS 0x0000000086400000| PB 0x0000000086300000| Complete 
| 100|0x0000000086400000, 0x0000000086500000, 0x0000000086500000|100%| O|  |TAMS 0x0000000086500000| PB 0x0000000086500000| Untracked 
| 101|0x0000000086500000, 0x0000000086600000, 0x0000000086600000|100%| O|  |TAMS 0x0000000086600000| PB 0x0000000086600000| Untracked 
| 102|0x0000000086600000, 0x0000000086700000, 0x0000000086700000|100%| O|  |TAMS 0x0000000086700000| PB 0x0000000086700000| Untracked 
| 103|0x0000000086700000, 0x0000000086800000, 0x0000000086800000|100%| O|  |TAMS 0x0000000086700000| PB 0x0000000086700000| Untracked 
| 104|0x0000000086800000, 0x0000000086900000, 0x0000000086900000|100%| O|  |TAMS 0x0000000086900000| PB 0x0000000086900000| Updating 
| 105|0x0000000086900000, 0x0000000086a00000, 0x0000000086a00000|100%| O|  |TAMS 0x0000000086a00000| PB 0x0000000086a00000| Updating 
| 106|0x0000000086a00000, 0x0000000086b00000, 0x0000000086b00000|100%| O|  |TAMS 0x0000000086b00000| PB 0x0000000086b00000| Untracked 
| 107|0x0000000086b00000, 0x0000000086c00000, 0x0000000086c00000|100%| O|  |TAMS 0x0000000086c00000| PB 0x0000000086c00000| Untracked 
| 108|0x0000000086c00000, 0x0000000086d00000, 0x0000000086d00000|100%| O|  |TAMS 0x0000000086d00000| PB 0x0000000086d00000| Updating 
| 109|0x0000000086d00000, 0x0000000086e00000, 0x0000000086e00000|100%| O|  |TAMS 0x0000000086e00000| PB 0x0000000086e00000| Untracked 
| 110|0x0000000086e00000, 0x0000000086f00000, 0x0000000086f00000|100%| O|  |TAMS 0x0000000086f00000| PB 0x0000000086f00000| Updating 
| 111|0x0000000086f00000, 0x0000000087000000, 0x0000000087000000|100%|HS|  |TAMS 0x0000000087000000| PB 0x0000000086f00000| Complete 
| 112|0x0000000087000000, 0x0000000087100000, 0x0000000087100000|100%|HC|  |TAMS 0x0000000087100000| PB 0x0000000087000000| Complete 
| 113|0x0000000087100000, 0x0000000087200000, 0x0000000087200000|100%|HC|  |TAMS 0x0000000087200000| PB 0x0000000087100000| Complete 
| 114|0x0000000087200000, 0x0000000087300000, 0x0000000087300000|100%|HC|  |TAMS 0x0000000087300000| PB 0x0000000087200000| Complete 
| 115|0x0000000087300000, 0x0000000087400000, 0x0000000087400000|100%|HC|  |TAMS 0x0000000087400000| PB 0x0000000087300000| Complete 
| 116|0x0000000087400000, 0x0000000087500000, 0x0000000087500000|100%|HC|  |TAMS 0x0000000087500000| PB 0x0000000087400000| Complete 
| 117|0x0000000087500000, 0x0000000087600000, 0x0000000087600000|100%| O|  |TAMS 0x0000000087600000| PB 0x0000000087600000| Updating 
| 118|0x0000000087600000, 0x0000000087700000, 0x0000000087700000|100%| O|  |TAMS 0x0000000087700000| PB 0x0000000087700000| Untracked 
| 119|0x0000000087700000, 0x0000000087800000, 0x0000000087800000|100%| O|  |TAMS 0x0000000087800000| PB 0x0000000087800000| Untracked 
| 120|0x0000000087800000, 0x0000000087900000, 0x0000000087900000|100%| O|  |TAMS 0x0000000087900000| PB 0x0000000087900000| Untracked 
| 121|0x0000000087900000, 0x0000000087a00000, 0x0000000087a00000|100%| O|  |TAMS 0x0000000087a00000| PB 0x0000000087a00000| Untracked 
| 122|0x0000000087a00000, 0x0000000087b00000, 0x0000000087b00000|100%| O|  |TAMS 0x0000000087b00000| PB 0x0000000087b00000| Untracked 
| 123|0x0000000087b00000, 0x0000000087c00000, 0x0000000087c00000|100%| O|  |TAMS 0x0000000087c00000| PB 0x0000000087c00000| Untracked 
| 124|0x0000000087c00000, 0x0000000087d00000, 0x0000000087d00000|100%| O|  |TAMS 0x0000000087d00000| PB 0x0000000087d00000| Untracked 
| 125|0x0000000087d00000, 0x0000000087e00000, 0x0000000087e00000|100%| O|  |TAMS 0x0000000087d00000| PB 0x0000000087d00000| Untracked 
| 126|0x0000000087e00000, 0x0000000087f00000, 0x0000000087f00000|100%| O|  |TAMS 0x0000000087e00000| PB 0x0000000087e00000| Untracked 
| 127|0x0000000087f00000, 0x0000000088000000, 0x0000000088000000|100%| O|  |TAMS 0x0000000087f00000| PB 0x0000000087f00000| Untracked 
| 128|0x0000000088000000, 0x0000000088100000, 0x0000000088100000|100%|HS|  |TAMS 0x0000000088100000| PB 0x0000000088000000| Complete 
| 129|0x0000000088100000, 0x0000000088200000, 0x0000000088200000|100%|HC|  |TAMS 0x0000000088200000| PB 0x0000000088100000| Complete 
| 130|0x0000000088200000, 0x0000000088300000, 0x0000000088300000|100%| O|  |TAMS 0x0000000088200000| PB 0x0000000088200000| Untracked 
| 131|0x0000000088300000, 0x0000000088400000, 0x0000000088400000|100%| O|  |TAMS 0x0000000088400000| PB 0x0000000088400000| Untracked 
| 132|0x0000000088400000, 0x0000000088400000, 0x0000000088500000|  0%| F|  |TAMS 0x0000000088400000| PB 0x0000000088400000| Untracked 
| 133|0x0000000088500000, 0x0000000088600000, 0x0000000088600000|100%| O|  |TAMS 0x0000000088600000| PB 0x0000000088600000| Untracked 
| 134|0x0000000088600000, 0x0000000088700000, 0x0000000088700000|100%| O|  |TAMS 0x0000000088700000| PB 0x0000000088700000| Untracked 
| 135|0x0000000088700000, 0x0000000088800000, 0x0000000088800000|100%| O|  |TAMS 0x0000000088800000| PB 0x0000000088800000| Untracked 
| 136|0x0000000088800000, 0x0000000088900000, 0x0000000088900000|100%| O|  |TAMS 0x0000000088900000| PB 0x0000000088900000| Untracked 
| 137|0x0000000088900000, 0x0000000088a00000, 0x0000000088a00000|100%| O|  |TAMS 0x0000000088a00000| PB 0x0000000088a00000| Updating 
| 138|0x0000000088a00000, 0x0000000088b00000, 0x0000000088b00000|100%| O|  |TAMS 0x0000000088b00000| PB 0x0000000088b00000| Updating 
| 139|0x0000000088b00000, 0x0000000088c00000, 0x0000000088c00000|100%| O|  |TAMS 0x0000000088c00000| PB 0x0000000088c00000| Updating 
| 140|0x0000000088c00000, 0x0000000088d00000, 0x0000000088d00000|100%|HS|  |TAMS 0x0000000088d00000| PB 0x0000000088c00000| Complete 
| 141|0x0000000088d00000, 0x0000000088e00000, 0x0000000088e00000|100%|HC|  |TAMS 0x0000000088e00000| PB 0x0000000088d00000| Complete 
| 142|0x0000000088e00000, 0x0000000088f00000, 0x0000000088f00000|100%|HC|  |TAMS 0x0000000088f00000| PB 0x0000000088e00000| Complete 
| 143|0x0000000088f00000, 0x0000000089000000, 0x0000000089000000|100%| O|  |TAMS 0x0000000089000000| PB 0x0000000089000000| Untracked 
| 144|0x0000000089000000, 0x0000000089100000, 0x0000000089100000|100%| O|  |TAMS 0x0000000089100000| PB 0x0000000089100000| Untracked 
| 145|0x0000000089100000, 0x0000000089200000, 0x0000000089200000|100%| O|  |TAMS 0x0000000089200000| PB 0x0000000089200000| Untracked 
| 146|0x0000000089200000, 0x0000000089300000, 0x0000000089300000|100%| O|  |TAMS 0x0000000089300000| PB 0x0000000089300000| Untracked 
| 147|0x0000000089300000, 0x0000000089400000, 0x0000000089400000|100%| O|  |TAMS 0x0000000089400000| PB 0x0000000089400000| Untracked 
| 148|0x0000000089400000, 0x0000000089500000, 0x0000000089500000|100%| O|  |TAMS 0x0000000089500000| PB 0x0000000089500000| Untracked 
| 149|0x0000000089500000, 0x0000000089600000, 0x0000000089600000|100%| O|  |TAMS 0x0000000089600000| PB 0x0000000089600000| Untracked 
| 150|0x0000000089600000, 0x0000000089600000, 0x0000000089700000|  0%| F|  |TAMS 0x0000000089600000| PB 0x0000000089600000| Untracked 
| 151|0x0000000089700000, 0x0000000089700000, 0x0000000089800000|  0%| F|  |TAMS 0x0000000089700000| PB 0x0000000089700000| Untracked 
| 152|0x0000000089800000, 0x0000000089800000, 0x0000000089900000|  0%| F|  |TAMS 0x0000000089800000| PB 0x0000000089800000| Untracked 
| 153|0x0000000089900000, 0x0000000089900000, 0x0000000089a00000|  0%| F|  |TAMS 0x0000000089900000| PB 0x0000000089900000| Untracked 
| 154|0x0000000089a00000, 0x0000000089a00000, 0x0000000089b00000|  0%| F|  |TAMS 0x0000000089a00000| PB 0x0000000089a00000| Untracked 
| 155|0x0000000089b00000, 0x0000000089c00000, 0x0000000089c00000|100%| O|  |TAMS 0x0000000089b00000| PB 0x0000000089b00000| Untracked 
| 156|0x0000000089c00000, 0x0000000089c47050, 0x0000000089d00000| 27%| O|  |TAMS 0x0000000089c00000| PB 0x0000000089c00000| Updating 
| 157|0x0000000089d00000, 0x0000000089d00000, 0x0000000089e00000|  0%| F|  |TAMS 0x0000000089d00000| PB 0x0000000089d00000| Untracked 
| 158|0x0000000089e00000, 0x0000000089e00000, 0x0000000089f00000|  0%| F|  |TAMS 0x0000000089e00000| PB 0x0000000089e00000| Untracked 
| 159|0x0000000089f00000, 0x0000000089f00000, 0x000000008a000000|  0%| F|  |TAMS 0x0000000089f00000| PB 0x0000000089f00000| Untracked 
| 160|0x000000008a000000, 0x000000008a000000, 0x000000008a100000|  0%| F|  |TAMS 0x000000008a000000| PB 0x000000008a000000| Untracked 
| 161|0x000000008a100000, 0x000000008a100000, 0x000000008a200000|  0%| F|  |TAMS 0x000000008a100000| PB 0x000000008a100000| Untracked 
| 162|0x000000008a200000, 0x000000008a200000, 0x000000008a300000|  0%| F|  |TAMS 0x000000008a200000| PB 0x000000008a200000| Untracked 
| 163|0x000000008a300000, 0x000000008a300000, 0x000000008a400000|  0%| F|  |TAMS 0x000000008a300000| PB 0x000000008a300000| Untracked 
| 164|0x000000008a400000, 0x000000008a400000, 0x000000008a500000|  0%| F|  |TAMS 0x000000008a400000| PB 0x000000008a400000| Untracked 
| 165|0x000000008a500000, 0x000000008a500000, 0x000000008a600000|  0%| F|  |TAMS 0x000000008a500000| PB 0x000000008a500000| Untracked 
| 166|0x000000008a600000, 0x000000008a600000, 0x000000008a700000|  0%| F|  |TAMS 0x000000008a600000| PB 0x000000008a600000| Untracked 
| 167|0x000000008a700000, 0x000000008a700000, 0x000000008a800000|  0%| F|  |TAMS 0x000000008a700000| PB 0x000000008a700000| Untracked 
| 168|0x000000008a800000, 0x000000008a8a23c0, 0x000000008a900000| 63%| S|CS|TAMS 0x000000008a800000| PB 0x000000008a800000| Complete 
| 169|0x000000008a900000, 0x000000008aa00000, 0x000000008aa00000|100%| S|CS|TAMS 0x000000008a900000| PB 0x000000008a900000| Complete 
| 170|0x000000008aa00000, 0x000000008ab00000, 0x000000008ab00000|100%| S|CS|TAMS 0x000000008aa00000| PB 0x000000008aa00000| Complete 
| 171|0x000000008ab00000, 0x000000008ac00000, 0x000000008ac00000|100%| S|CS|TAMS 0x000000008ab00000| PB 0x000000008ab00000| Complete 
| 172|0x000000008ac00000, 0x000000008ac00000, 0x000000008ad00000|  0%| F|  |TAMS 0x000000008ac00000| PB 0x000000008ac00000| Untracked 
| 173|0x000000008ad00000, 0x000000008ad00000, 0x000000008ae00000|  0%| F|  |TAMS 0x000000008ad00000| PB 0x000000008ad00000| Untracked 
| 174|0x000000008ae00000, 0x000000008ae00000, 0x000000008af00000|  0%| F|  |TAMS 0x000000008ae00000| PB 0x000000008ae00000| Untracked 
| 175|0x000000008af00000, 0x000000008af00000, 0x000000008b000000|  0%| F|  |TAMS 0x000000008af00000| PB 0x000000008af00000| Untracked 
| 176|0x000000008b000000, 0x000000008b000000, 0x000000008b100000|  0%| F|  |TAMS 0x000000008b000000| PB 0x000000008b000000| Untracked 
| 177|0x000000008b100000, 0x000000008b100000, 0x000000008b200000|  0%| F|  |TAMS 0x000000008b100000| PB 0x000000008b100000| Untracked 
| 178|0x000000008b200000, 0x000000008b200000, 0x000000008b300000|  0%| F|  |TAMS 0x000000008b200000| PB 0x000000008b200000| Untracked 
| 179|0x000000008b300000, 0x000000008b300000, 0x000000008b400000|  0%| F|  |TAMS 0x000000008b300000| PB 0x000000008b300000| Untracked 
| 180|0x000000008b400000, 0x000000008b400000, 0x000000008b500000|  0%| F|  |TAMS 0x000000008b400000| PB 0x000000008b400000| Untracked 
| 181|0x000000008b500000, 0x000000008b500000, 0x000000008b600000|  0%| F|  |TAMS 0x000000008b500000| PB 0x000000008b500000| Untracked 
| 182|0x000000008b600000, 0x000000008b600000, 0x000000008b700000|  0%| F|  |TAMS 0x000000008b600000| PB 0x000000008b600000| Untracked 
| 183|0x000000008b700000, 0x000000008b700000, 0x000000008b800000|  0%| F|  |TAMS 0x000000008b700000| PB 0x000000008b700000| Untracked 
| 184|0x000000008b800000, 0x000000008b800000, 0x000000008b900000|  0%| F|  |TAMS 0x000000008b800000| PB 0x000000008b800000| Untracked 
| 185|0x000000008b900000, 0x000000008b900000, 0x000000008ba00000|  0%| F|  |TAMS 0x000000008b900000| PB 0x000000008b900000| Untracked 
| 186|0x000000008ba00000, 0x000000008ba00000, 0x000000008bb00000|  0%| F|  |TAMS 0x000000008ba00000| PB 0x000000008ba00000| Untracked 
| 187|0x000000008bb00000, 0x000000008bb00000, 0x000000008bc00000|  0%| F|  |TAMS 0x000000008bb00000| PB 0x000000008bb00000| Untracked 
| 188|0x000000008bc00000, 0x000000008bc00000, 0x000000008bd00000|  0%| F|  |TAMS 0x000000008bc00000| PB 0x000000008bc00000| Untracked 
| 189|0x000000008bd00000, 0x000000008bd00000, 0x000000008be00000|  0%| F|  |TAMS 0x000000008bd00000| PB 0x000000008bd00000| Untracked 
| 190|0x000000008be00000, 0x000000008be00000, 0x000000008bf00000|  0%| F|  |TAMS 0x000000008be00000| PB 0x000000008be00000| Untracked 
| 191|0x000000008bf00000, 0x000000008bf00000, 0x000000008c000000|  0%| F|  |TAMS 0x000000008bf00000| PB 0x000000008bf00000| Untracked 
| 192|0x000000008c000000, 0x000000008c000000, 0x000000008c100000|  0%| F|  |TAMS 0x000000008c000000| PB 0x000000008c000000| Untracked 
| 193|0x000000008c100000, 0x000000008c100000, 0x000000008c200000|  0%| F|  |TAMS 0x000000008c100000| PB 0x000000008c100000| Untracked 
| 194|0x000000008c200000, 0x000000008c200000, 0x000000008c300000|  0%| F|  |TAMS 0x000000008c200000| PB 0x000000008c200000| Untracked 
| 195|0x000000008c300000, 0x000000008c300000, 0x000000008c400000|  0%| F|  |TAMS 0x000000008c300000| PB 0x000000008c300000| Untracked 
| 196|0x000000008c400000, 0x000000008c400000, 0x000000008c500000|  0%| F|  |TAMS 0x000000008c400000| PB 0x000000008c400000| Untracked 
| 197|0x000000008c500000, 0x000000008c500000, 0x000000008c600000|  0%| F|  |TAMS 0x000000008c500000| PB 0x000000008c500000| Untracked 
| 198|0x000000008c600000, 0x000000008c600000, 0x000000008c700000|  0%| F|  |TAMS 0x000000008c600000| PB 0x000000008c600000| Untracked 
| 199|0x000000008c700000, 0x000000008c700000, 0x000000008c800000|  0%| F|  |TAMS 0x000000008c700000| PB 0x000000008c700000| Untracked 
| 200|0x000000008c800000, 0x000000008c800000, 0x000000008c900000|  0%| F|  |TAMS 0x000000008c800000| PB 0x000000008c800000| Untracked 
| 201|0x000000008c900000, 0x000000008c900000, 0x000000008ca00000|  0%| F|  |TAMS 0x000000008c900000| PB 0x000000008c900000| Untracked 
| 202|0x000000008ca00000, 0x000000008ca00000, 0x000000008cb00000|  0%| F|  |TAMS 0x000000008ca00000| PB 0x000000008ca00000| Untracked 
| 203|0x000000008cb00000, 0x000000008cb00000, 0x000000008cc00000|  0%| F|  |TAMS 0x000000008cb00000| PB 0x000000008cb00000| Untracked 
| 204|0x000000008cc00000, 0x000000008cc00000, 0x000000008cd00000|  0%| F|  |TAMS 0x000000008cc00000| PB 0x000000008cc00000| Untracked 
| 205|0x000000008cd00000, 0x000000008cd00000, 0x000000008ce00000|  0%| F|  |TAMS 0x000000008cd00000| PB 0x000000008cd00000| Untracked 
| 206|0x000000008ce00000, 0x000000008ce00000, 0x000000008cf00000|  0%| F|  |TAMS 0x000000008ce00000| PB 0x000000008ce00000| Untracked 
| 207|0x000000008cf00000, 0x000000008cf00000, 0x000000008d000000|  0%| F|  |TAMS 0x000000008cf00000| PB 0x000000008cf00000| Untracked 
| 208|0x000000008d000000, 0x000000008d000000, 0x000000008d100000|  0%| F|  |TAMS 0x000000008d000000| PB 0x000000008d000000| Untracked 
| 209|0x000000008d100000, 0x000000008d100000, 0x000000008d200000|  0%| F|  |TAMS 0x000000008d100000| PB 0x000000008d100000| Untracked 
| 210|0x000000008d200000, 0x000000008d200000, 0x000000008d300000|  0%| F|  |TAMS 0x000000008d200000| PB 0x000000008d200000| Untracked 
| 211|0x000000008d300000, 0x000000008d300000, 0x000000008d400000|  0%| F|  |TAMS 0x000000008d300000| PB 0x000000008d300000| Untracked 
| 212|0x000000008d400000, 0x000000008d400000, 0x000000008d500000|  0%| F|  |TAMS 0x000000008d400000| PB 0x000000008d400000| Untracked 
| 213|0x000000008d500000, 0x000000008d500000, 0x000000008d600000|  0%| F|  |TAMS 0x000000008d500000| PB 0x000000008d500000| Untracked 
| 214|0x000000008d600000, 0x000000008d600000, 0x000000008d700000|  0%| F|  |TAMS 0x000000008d600000| PB 0x000000008d600000| Untracked 
| 215|0x000000008d700000, 0x000000008d700000, 0x000000008d800000|  0%| F|  |TAMS 0x000000008d700000| PB 0x000000008d700000| Untracked 
| 216|0x000000008d800000, 0x000000008d800000, 0x000000008d900000|  0%| F|  |TAMS 0x000000008d800000| PB 0x000000008d800000| Untracked 
| 217|0x000000008d900000, 0x000000008d900000, 0x000000008da00000|  0%| F|  |TAMS 0x000000008d900000| PB 0x000000008d900000| Untracked 
| 218|0x000000008da00000, 0x000000008da00000, 0x000000008db00000|  0%| F|  |TAMS 0x000000008da00000| PB 0x000000008da00000| Untracked 
| 219|0x000000008db00000, 0x000000008db00000, 0x000000008dc00000|  0%| F|  |TAMS 0x000000008db00000| PB 0x000000008db00000| Untracked 
| 220|0x000000008dc00000, 0x000000008dc00000, 0x000000008dd00000|  0%| F|  |TAMS 0x000000008dc00000| PB 0x000000008dc00000| Untracked 
| 221|0x000000008dd00000, 0x000000008dd00000, 0x000000008de00000|  0%| F|  |TAMS 0x000000008dd00000| PB 0x000000008dd00000| Untracked 
| 222|0x000000008de00000, 0x000000008de00000, 0x000000008df00000|  0%| F|  |TAMS 0x000000008de00000| PB 0x000000008de00000| Untracked 
| 223|0x000000008df00000, 0x000000008df00000, 0x000000008e000000|  0%| F|  |TAMS 0x000000008df00000| PB 0x000000008df00000| Untracked 
| 224|0x000000008e000000, 0x000000008e000000, 0x000000008e100000|  0%| F|  |TAMS 0x000000008e000000| PB 0x000000008e000000| Untracked 
| 225|0x000000008e100000, 0x000000008e100000, 0x000000008e200000|  0%| F|  |TAMS 0x000000008e100000| PB 0x000000008e100000| Untracked 
| 226|0x000000008e200000, 0x000000008e200000, 0x000000008e300000|  0%| F|  |TAMS 0x000000008e200000| PB 0x000000008e200000| Untracked 
| 227|0x000000008e300000, 0x000000008e39e030, 0x000000008e400000| 61%| E|  |TAMS 0x000000008e300000| PB 0x000000008e300000| Complete 
| 228|0x000000008e400000, 0x000000008e500000, 0x000000008e500000|100%| E|CS|TAMS 0x000000008e400000| PB 0x000000008e400000| Complete 
| 251|0x000000008fb00000, 0x000000008fc00000, 0x000000008fc00000|100%| E|CS|TAMS 0x000000008fb00000| PB 0x000000008fb00000| Complete 
|2027|0x00000000feb00000, 0x00000000fec00000, 0x00000000fec00000|100%| O|  |TAMS 0x00000000feb4c638| PB 0x00000000feb4c638| Updating 
|2028|0x00000000fec00000, 0x00000000fed00000, 0x00000000fed00000|100%| O|  |TAMS 0x00000000fed00000| PB 0x00000000fed00000| Updating 
|2029|0x00000000fed00000, 0x00000000fee00000, 0x00000000fee00000|100%| O|  |TAMS 0x00000000fee00000| PB 0x00000000fee00000| Untracked 
|2030|0x00000000fee00000, 0x00000000fef00000, 0x00000000fef00000|100%| O|  |TAMS 0x00000000fef00000| PB 0x00000000fef00000| Updating 
|2031|0x00000000fef00000, 0x00000000ff000000, 0x00000000ff000000|100%| O|  |TAMS 0x00000000ff000000| PB 0x00000000ff000000| Untracked 
|2032|0x00000000ff000000, 0x00000000ff100000, 0x00000000ff100000|100%| O|  |TAMS 0x00000000ff100000| PB 0x00000000ff100000| Updating 
|2033|0x00000000ff100000, 0x00000000ff200000, 0x00000000ff200000|100%| O|  |TAMS 0x00000000ff200000| PB 0x00000000ff200000| Updating 
|2034|0x00000000ff200000, 0x00000000ff300000, 0x00000000ff300000|100%| O|  |TAMS 0x00000000ff300000| PB 0x00000000ff300000| Untracked 
|2035|0x00000000ff300000, 0x00000000ff400000, 0x00000000ff400000|100%| O|  |TAMS 0x00000000ff400000| PB 0x00000000ff400000| Untracked 
|2036|0x00000000ff400000, 0x00000000ff500000, 0x00000000ff500000|100%| O|  |TAMS 0x00000000ff500000| PB 0x00000000ff500000| Untracked 
|2037|0x00000000ff500000, 0x00000000ff600000, 0x00000000ff600000|100%| O|  |TAMS 0x00000000ff600000| PB 0x00000000ff600000| Untracked 
|2038|0x00000000ff600000, 0x00000000ff700000, 0x00000000ff700000|100%| O|  |TAMS 0x00000000ff700000| PB 0x00000000ff700000| Untracked 
|2039|0x00000000ff700000, 0x00000000ff800000, 0x00000000ff800000|100%| O|  |TAMS 0x00000000ff800000| PB 0x00000000ff800000| Updating 
|2040|0x00000000ff800000, 0x00000000ff900000, 0x00000000ff900000|100%| O|  |TAMS 0x00000000ff900000| PB 0x00000000ff900000| Untracked 
|2041|0x00000000ff900000, 0x00000000ffa00000, 0x00000000ffa00000|100%| O|  |TAMS 0x00000000ffa00000| PB 0x00000000ffa00000| Untracked 
|2042|0x00000000ffa00000, 0x00000000ffb00000, 0x00000000ffb00000|100%| O|  |TAMS 0x00000000ffb00000| PB 0x00000000ffb00000| Untracked 
|2043|0x00000000ffb00000, 0x00000000ffc00000, 0x00000000ffc00000|100%| O|  |TAMS 0x00000000ffc00000| PB 0x00000000ffc00000| Updating 
|2044|0x00000000ffc00000, 0x00000000ffd00000, 0x00000000ffd00000|100%| E|CS|TAMS 0x00000000ffc00000| PB 0x00000000ffc00000| Complete 
|2045|0x00000000ffd00000, 0x00000000ffe00000, 0x00000000ffe00000|100%| E|CS|TAMS 0x00000000ffd00000| PB 0x00000000ffd00000| Complete 
|2046|0x00000000ffe00000, 0x00000000fff00000, 0x00000000fff00000|100%| E|CS|TAMS 0x00000000ffe00000| PB 0x00000000ffe00000| Complete 
|2047|0x00000000fff00000, 0x0000000100000000, 0x0000000100000000|100%| O|  |TAMS 0x0000000100000000| PB 0x0000000100000000| Untracked 

Card table byte_map: [0x00000276fec80000,0x00000276ff080000] _byte_map_base: 0x00000276fe880000

Marking Bits: (CMBitMap*) 0x00000276ec4459e0
 Bits: [0x0000027680000000, 0x0000027682000000)

Polling page: 0x00000276ebbb0000

Metaspace:

Usage:
  Non-class:     93.00 MB used.
      Class:     15.05 MB used.
       Both:    108.05 MB used.

Virtual space:
  Non-class space:      128.00 MB reserved,      94.06 MB ( 73%) committed,  2 nodes.
      Class space:        1.00 GB reserved,      16.06 MB (  2%) committed,  1 nodes.
             Both:        1.12 GB reserved,     110.12 MB ( 10%) committed. 

Chunk freelists:
   Non-Class:  1.12 MB
       Class:  15.97 MB
        Both:  17.09 MB

MaxMetaspaceSize: unlimited
CompressedClassSpaceSize: 1.00 GB
Initial GC threshold: 21.00 MB
Current GC threshold: 155.94 MB
CDS: off
 - commit_granule_bytes: 65536.
 - commit_granule_words: 8192.
 - virtual_space_node_default_size: 8388608.
 - enlarge_chunks_in_place: 1.
 - use_allocation_guard: 0.


Internal statistics:

num_allocs_failed_limit: 6.
num_arena_births: 4180.
num_arena_deaths: 4.
num_vsnodes_births: 3.
num_vsnodes_deaths: 0.
num_space_committed: 1760.
num_space_uncommitted: 0.
num_chunks_returned_to_freelist: 15.
num_chunks_taken_from_freelist: 8719.
num_chunk_merges: 6.
num_chunk_splits: 5932.
num_chunks_enlarged: 3923.
num_inconsistent_stats: 0.

CodeHeap 'non-profiled nmethods': size=120000Kb used=5816Kb max_used=5896Kb free=114184Kb
 bounds [0x00000276f7010000, 0x00000276f75e0000, 0x00000276fe540000]
CodeHeap 'profiled nmethods': size=120000Kb used=16443Kb max_used=17032Kb free=103556Kb
 bounds [0x00000276ef540000, 0x00000276f05f0000, 0x00000276f6a70000]
CodeHeap 'non-nmethods': size=5760Kb used=3135Kb max_used=3154Kb free=2624Kb
 bounds [0x00000276f6a70000, 0x00000276f6d90000, 0x00000276f7010000]
CodeCache: size=245760Kb, used=25394Kb, max_used=26082Kb, free=220364Kb
 total_blobs=10128, nmethods=9145, adapters=887, full_count=0
Compilation: enabled, stopped_count=0, restarted_count=0

Compilation events (20 events):
Event: 35.317 Thread 0x00000276ffc50590 nmethod 11488 0x00000276f75d0190 code [0x00000276f75d0420, 0x00000276f75d1608]
Event: 35.322 Thread 0x00000276ffc51030 11491   !   3       java.lang.ClassLoader::loadClass (121 bytes)
Event: 35.323 Thread 0x00000276ffc51030 nmethod 11491 0x00000276f05dd790 code [0x00000276f05dda60, 0x00000276f05de6b0]
Event: 35.323 Thread 0x00000276ffc51030 11492       3       java.lang.ClassLoader::findLoadedClass (15 bytes)
Event: 35.323 Thread 0x00000276ffc51030 nmethod 11492 0x00000276f05ded10 code [0x00000276f05deee0, 0x00000276f05df0c8]
Event: 35.328 Thread 0x00000276ffc51030 11493   !   3       java.net.URLClassLoader::findClass (47 bytes)
Event: 35.329 Thread 0x00000276ffc51030 nmethod 11493 0x00000276f05df190 code [0x00000276f05df3a0, 0x00000276f05dfa38]
Event: 35.340 Thread 0x00000276ffc51030 11495       3       org.jetbrains.kotlin.it.unimi.dsi.fastutil.ints.Int2ObjectOpenHashMap::find (97 bytes)
Event: 35.340 Thread 0x00000276ffc51030 nmethod 11495 0x00000276f05dfc90 code [0x00000276f05dfe80, 0x00000276f05e02e8]
Event: 35.340 Thread 0x00000276ffc51030 11494       3       org.jetbrains.kotlin.it.unimi.dsi.fastutil.ints.Int2ObjectOpenHashMap::put (43 bytes)
Event: 35.340 Thread 0x00000276ffc51030 nmethod 11494 0x00000276f05e0490 code [0x00000276f05e0660, 0x00000276f05e0a08]
Event: 35.342 Thread 0x00000276ffc51030 11496   !   3       org.jetbrains.kotlin.com.intellij.openapi.util.Key::<init> (58 bytes)
Event: 35.342 Thread 0x00000276ffc51030 nmethod 11496 0x00000276f05e0b90 code [0x00000276f05e0d80, 0x00000276f05e1168]
Event: 35.342 Thread 0x00000276ffc51030 11497       3       org.jetbrains.kotlin.com.intellij.util.containers.IntKeyWeakValueHashMap::put (49 bytes)
Event: 35.343 Thread 0x00000276ffc51030 nmethod 11497 0x00000276f05e1310 code [0x00000276f05e1580, 0x00000276f05e2090]
Event: 35.344 Thread 0x000002768e0649a0 11498       4       jdk.internal.loader.BuiltinClassLoader::loadClassOrNull (7 bytes)
Event: 35.346 Thread 0x00000276ffc51030 11499       3       java.security.SecureClassLoader::defineClass (16 bytes)
Event: 35.347 Thread 0x00000276ffc51030 nmethod 11499 0x00000276f05e2510 code [0x00000276f05e26c0, 0x00000276f05e2868]
Event: 35.355 Thread 0x00000276ffc51030 11500       3       java.lang.String::startsWith (123 bytes)
Event: 35.356 Thread 0x00000276ffc51030 nmethod 11500 0x00000276f05e2990 code [0x00000276f05e2bc0, 0x00000276f05e3308]

GC Heap History (20 events):
Event: 30.814 GC heap before
{Heap before GC invocations=29 (full 0):
 garbage-first heap   total 179200K, used 142376K [0x0000000080000000, 0x0000000100000000)
  region size 1024K, 40 young (40960K), 5 survivors (5120K)
 Metaspace       used 80309K, committed 82048K, reserved 1179648K
  class space    used 11372K, committed 12224K, reserved 1048576K
}
Event: 30.821 GC heap after
{Heap after GC invocations=30 (full 0):
 garbage-first heap   total 179200K, used 109926K [0x0000000080000000, 0x0000000100000000)
  region size 1024K, 5 young (5120K), 5 survivors (5120K)
 Metaspace       used 80309K, committed 82048K, reserved 1179648K
  class space    used 11372K, committed 12224K, reserved 1048576K
}
Event: 31.272 GC heap before
{Heap before GC invocations=30 (full 0):
 garbage-first heap   total 179200K, used 162150K [0x0000000080000000, 0x0000000100000000)
  region size 1024K, 57 young (58368K), 5 survivors (5120K)
 Metaspace       used 80830K, committed 82560K, reserved 1179648K
  class space    used 11376K, committed 12224K, reserved 1048576K
}
Event: 31.278 GC heap after
{Heap after GC invocations=31 (full 0):
 garbage-first heap   total 179200K, used 114274K [0x0000000080000000, 0x0000000100000000)
  region size 1024K, 8 young (8192K), 8 survivors (8192K)
 Metaspace       used 80830K, committed 82560K, reserved 1179648K
  class space    used 11376K, committed 12224K, reserved 1048576K
}
Event: 31.489 GC heap before
{Heap before GC invocations=31 (full 0):
 garbage-first heap   total 179200K, used 159330K [0x0000000080000000, 0x0000000100000000)
  region size 1024K, 53 young (54272K), 8 survivors (8192K)
 Metaspace       used 80891K, committed 82624K, reserved 1179648K
  class space    used 11377K, committed 12224K, reserved 1048576K
}
Event: 31.494 GC heap after
{Heap after GC invocations=32 (full 0):
 garbage-first heap   total 179200K, used 116062K [0x0000000080000000, 0x0000000100000000)
  region size 1024K, 5 young (5120K), 5 survivors (5120K)
 Metaspace       used 80891K, committed 82624K, reserved 1179648K
  class space    used 11377K, committed 12224K, reserved 1048576K
}
Event: 31.779 GC heap before
{Heap before GC invocations=33 (full 0):
 garbage-first heap   total 194560K, used 162142K [0x0000000080000000, 0x0000000100000000)
  region size 1024K, 51 young (52224K), 5 survivors (5120K)
 Metaspace       used 81729K, committed 83520K, reserved 1179648K
  class space    used 11476K, committed 12352K, reserved 1048576K
}
Event: 31.783 GC heap after
{Heap after GC invocations=34 (full 0):
 garbage-first heap   total 194560K, used 117719K [0x0000000080000000, 0x0000000100000000)
  region size 1024K, 5 young (5120K), 5 survivors (5120K)
 Metaspace       used 81729K, committed 83520K, reserved 1179648K
  class space    used 11476K, committed 12352K, reserved 1048576K
}
Event: 32.650 GC heap before
{Heap before GC invocations=34 (full 0):
 garbage-first heap   total 194560K, used 178135K [0x0000000080000000, 0x0000000100000000)
  region size 1024K, 64 young (65536K), 5 survivors (5120K)
 Metaspace       used 92134K, committed 93888K, reserved 1179648K
  class space    used 13237K, committed 14080K, reserved 1048576K
}
Event: 32.655 GC heap after
{Heap after GC invocations=35 (full 0):
 garbage-first heap   total 194560K, used 118280K [0x0000000080000000, 0x0000000100000000)
  region size 1024K, 3 young (3072K), 3 survivors (3072K)
 Metaspace       used 92134K, committed 93888K, reserved 1179648K
  class space    used 13237K, committed 14080K, reserved 1048576K
}
Event: 32.811 GC heap before
{Heap before GC invocations=35 (full 0):
 garbage-first heap   total 194560K, used 130568K [0x0000000080000000, 0x0000000100000000)
  region size 1024K, 16 young (16384K), 3 survivors (3072K)
 Metaspace       used 94087K, committed 95808K, reserved 1179648K
  class space    used 13517K, committed 14336K, reserved 1048576K
}
Event: 32.814 GC heap after
{Heap after GC invocations=36 (full 0):
 garbage-first heap   total 194560K, used 118493K [0x0000000080000000, 0x0000000100000000)
  region size 1024K, 3 young (3072K), 3 survivors (3072K)
 Metaspace       used 94087K, committed 95808K, reserved 1179648K
  class space    used 13517K, committed 14336K, reserved 1048576K
}
Event: 33.394 GC heap before
{Heap before GC invocations=37 (full 0):
 garbage-first heap   total 224256K, used 203485K [0x0000000080000000, 0x0000000100000000)
  region size 1024K, 62 young (63488K), 3 survivors (3072K)
 Metaspace       used 97051K, committed 98880K, reserved 1179648K
  class space    used 13879K, committed 14720K, reserved 1048576K
}
Event: 33.410 GC heap after
{Heap after GC invocations=38 (full 0):
 garbage-first heap   total 224256K, used 132026K [0x0000000080000000, 0x0000000100000000)
  region size 1024K, 8 young (8192K), 8 survivors (8192K)
 Metaspace       used 97051K, committed 98880K, reserved 1179648K
  class space    used 13879K, committed 14720K, reserved 1048576K
}
Event: 33.860 GC heap before
{Heap before GC invocations=38 (full 0):
 garbage-first heap   total 224256K, used 212922K [0x0000000080000000, 0x0000000100000000)
  region size 1024K, 78 young (79872K), 8 survivors (8192K)
 Metaspace       used 97697K, committed 99456K, reserved 1179648K
  class space    used 13961K, committed 14784K, reserved 1048576K
}
Event: 33.881 GC heap after
{Heap after GC invocations=39 (full 0):
 garbage-first heap   total 241664K, used 150659K [0x0000000080000000, 0x0000000100000000)
  region size 1024K, 10 young (10240K), 10 survivors (10240K)
 Metaspace       used 97697K, committed 99456K, reserved 1179648K
  class space    used 13961K, committed 14784K, reserved 1048576K
}
Event: 34.626 GC heap before
{Heap before GC invocations=39 (full 0):
 garbage-first heap   total 241664K, used 227459K [0x0000000080000000, 0x0000000100000000)
  region size 1024K, 69 young (70656K), 10 survivors (10240K)
 Metaspace       used 103388K, committed 105216K, reserved 1179648K
  class space    used 14613K, committed 15488K, reserved 1048576K
}
Event: 34.636 GC heap after
{Heap after GC invocations=40 (full 0):
 garbage-first heap   total 248832K, used 172781K [0x0000000080000000, 0x0000000100000000)
  region size 1024K, 8 young (8192K), 8 survivors (8192K)
 Metaspace       used 103388K, committed 105216K, reserved 1179648K
  class space    used 14613K, committed 15488K, reserved 1048576K
}
Event: 35.266 GC heap before
{Heap before GC invocations=40 (full 0):
 garbage-first heap   total 248832K, used 223981K [0x0000000080000000, 0x0000000100000000)
  region size 1024K, 58 young (59392K), 8 survivors (8192K)
 Metaspace       used 109801K, committed 111936K, reserved 1179648K
  class space    used 15316K, committed 16320K, reserved 1048576K
}
Event: 35.271 GC heap after
{Heap after GC invocations=41 (full 0):
 garbage-first heap   total 248832K, used 177061K [0x0000000080000000, 0x0000000100000000)
  region size 1024K, 4 young (4096K), 4 survivors (4096K)
 Metaspace       used 109801K, committed 111936K, reserved 1179648K
  class space    used 15316K, committed 16320K, reserved 1048576K
}

Dll operation events (3 events):
Event: 0.004 Loaded shared library C:\Program Files\Android\Android Studio2\jbr\bin\java.dll
Event: 0.008 Loaded shared library C:\Program Files\Android\Android Studio2\jbr\bin\zip.dll
Event: 0.350 Loaded shared library C:\Program Files\Android\Android Studio2\jbr\bin\verify.dll

Deoptimization events (20 events):
Event: 35.307 Thread 0x000002768a38a720 Uncommon trap: trap_request=0xffffff45 fr.pc=0x00000276f7418cb0 relative=0x00000000000019d0
Event: 35.307 Thread 0x000002768a38a720 Uncommon trap: reason=unstable_if action=reinterpret pc=0x00000276f7418cb0 method=java.lang.String.indexOf(II)I @ 4 c2
Event: 35.307 Thread 0x000002768a38a720 DEOPT PACKING pc=0x00000276f7418cb0 sp=0x000000b0911ebd00
Event: 35.307 Thread 0x000002768a38a720 DEOPT UNPACKING pc=0x00000276f6ac7da2 sp=0x000000b0911ebac0 mode 2
Event: 35.307 Thread 0x000002768a38a720 Uncommon trap: trap_request=0xffffff45 fr.pc=0x00000276f71525ac relative=0x000000000000026c
Event: 35.308 Thread 0x000002768a38a720 Uncommon trap: reason=unstable_if action=reinterpret pc=0x00000276f71525ac method=java.lang.String.startsWith(Ljava/lang/String;I)Z @ 50 c2
Event: 35.308 Thread 0x000002768a38a720 DEOPT PACKING pc=0x00000276f71525ac sp=0x000000b0911ebb80
Event: 35.308 Thread 0x000002768a38a720 DEOPT UNPACKING pc=0x00000276f6ac7da2 sp=0x000000b0911ebb08 mode 2
Event: 35.308 Thread 0x000002768a38a720 Uncommon trap: trap_request=0xffffff45 fr.pc=0x00000276f7181dc8 relative=0x0000000000000748
Event: 35.308 Thread 0x000002768a38a720 Uncommon trap: reason=unstable_if action=reinterpret pc=0x00000276f7181dc8 method=java.lang.String.lastIndexOf(II)I @ 4 c2
Event: 35.308 Thread 0x000002768a38a720 DEOPT PACKING pc=0x00000276f7181dc8 sp=0x000000b0911ebb80
Event: 35.308 Thread 0x000002768a38a720 DEOPT UNPACKING pc=0x00000276f6ac7da2 sp=0x000000b0911eba80 mode 2
Event: 35.343 Thread 0x000002768a38a720 Uncommon trap: trap_request=0xffffff45 fr.pc=0x00000276f72c51a4 relative=0x00000000000002e4
Event: 35.343 Thread 0x000002768a38a720 Uncommon trap: reason=unstable_if action=reinterpret pc=0x00000276f72c51a4 method=sun.invoke.util.VerifyType.isNullType(Ljava/lang/Class;)Z @ 3 c2
Event: 35.343 Thread 0x000002768a38a720 DEOPT PACKING pc=0x00000276f72c51a4 sp=0x000000b0911f2ec0
Event: 35.343 Thread 0x000002768a38a720 DEOPT UNPACKING pc=0x00000276f6ac7da2 sp=0x000000b0911f2e00 mode 2
Event: 35.360 Thread 0x000002768a38a720 Uncommon trap: trap_request=0xffffff45 fr.pc=0x00000276f70b3728 relative=0x0000000000000108
Event: 35.360 Thread 0x000002768a38a720 Uncommon trap: reason=unstable_if action=reinterpret pc=0x00000276f70b3728 method=org.jetbrains.kotlin.com.intellij.util.SmartList.get(I)Ljava/lang/Object; @ 12 c2
Event: 35.360 Thread 0x000002768a38a720 DEOPT PACKING pc=0x00000276f70b3728 sp=0x000000b0911f4290
Event: 35.360 Thread 0x000002768a38a720 DEOPT UNPACKING pc=0x00000276f6ac7da2 sp=0x000000b0911f4220 mode 2

Classes loaded (20 events):
Event: 33.109 Loading class java/io/IOError
Event: 33.109 Loading class java/io/IOError done
Event: 33.115 Loading class java/nio/channels/FileChannel$MapMode
Event: 33.115 Loading class java/nio/channels/FileChannel$MapMode done
Event: 33.115 Loading class jdk/internal/misc/ExtendedMapMode
Event: 33.115 Loading class jdk/internal/misc/ExtendedMapMode done
Event: 33.115 Loading class sun/nio/ch/FileChannelImpl$DefaultUnmapper
Event: 33.115 Loading class sun/nio/ch/FileChannelImpl$Unmapper
Event: 33.115 Loading class jdk/internal/access/foreign/UnmapperProxy
Event: 33.115 Loading class jdk/internal/access/foreign/UnmapperProxy done
Event: 33.116 Loading class sun/nio/ch/FileChannelImpl$Unmapper done
Event: 33.116 Loading class sun/nio/ch/FileChannelImpl$DefaultUnmapper done
Event: 33.116 Loading class sun/nio/ch/Util$4
Event: 33.116 Loading class sun/nio/ch/Util$4 done
Event: 33.118 Loading class java/io/UTFDataFormatException
Event: 33.118 Loading class java/io/UTFDataFormatException done
Event: 33.139 Loading class java/util/zip/ZipFile$ZipEntryIterator
Event: 33.139 Loading class java/util/zip/ZipFile$ZipEntryIterator done
Event: 33.749 Loading class java/nio/channels/NonWritableChannelException
Event: 33.749 Loading class java/nio/channels/NonWritableChannelException done

Classes unloaded (12 events):
Event: 30.139 Thread 0x00000276ffbaf2e0 Unloading class 0x0000000100958988 '_BuildScript_$_run_closure1$_closure2'
Event: 30.139 Thread 0x00000276ffbaf2e0 Unloading class 0x0000000100958568 '_BuildScript_$_run_closure1'
Event: 30.139 Thread 0x00000276ffbaf2e0 Unloading class 0x0000000100958000 '_BuildScript_'
Event: 31.552 Thread 0x00000276ffbaf2e0 Unloading class 0x00000001009811c8 '_BuildScript_$_run_closure1$_closure3'
Event: 31.552 Thread 0x00000276ffbaf2e0 Unloading class 0x0000000100980da8 '_BuildScript_$_run_closure1$_closure2'
Event: 31.552 Thread 0x00000276ffbaf2e0 Unloading class 0x0000000100980988 '_BuildScript_$_run_closure1'
Event: 31.552 Thread 0x00000276ffbaf2e0 Unloading class 0x0000000100980420 '_BuildScript_'
Event: 31.552 Thread 0x00000276ffbaf2e0 Unloading class 0x0000000100980000 'JetGradlePlugin$_apply_closure1$_closure2$_closure3'
Event: 31.552 Thread 0x00000276ffbaf2e0 Unloading class 0x00000001009799f0 'JetGradlePlugin$_apply_closure1$_closure2'
Event: 31.552 Thread 0x00000276ffbaf2e0 Unloading class 0x00000001009795d0 'JetGradlePlugin$_apply_closure1'
Event: 31.552 Thread 0x00000276ffbaf2e0 Unloading class 0x0000000100979300 'JetGradlePlugin'
Event: 31.552 Thread 0x00000276ffbaf2e0 Unloading class 0x0000000100979000 'RegistryProcessor'

Classes redefined (0 events):
No events

Internal exceptions (20 events):
Event: 32.368 Thread 0x000002768a38a720 Exception <a 'java/lang/NoSuchMethodError'{0x00000000891363e8}: 'void java.lang.invoke.DelegatingMethodHandle$Holder.reinvoke_L(java.lang.Object, java.lang.Object, java.lang.Object, long, java.lang.Object, long, long)'> (0x00000000891363e8) 
thrown [s\src\hotspot\share\interpreter\linkResolver.cpp, line 784]
Event: 32.804 Thread 0x000002768a38a720 Exception <a 'java/lang/NoSuchMethodError'{0x000000008ac47a30}: 'java.lang.Object java.lang.invoke.DirectMethodHandle$Holder.invokeStatic(java.lang.Object, java.lang.Object, java.lang.Object, java.lang.Object, int, java.lang.Object)'> (0x000000008ac47a30) 
thrown [s\src\hotspot\share\interpreter\linkResolver.cpp, line 784]
Event: 33.082 Thread 0x000002768a38a720 Exception <a 'java/lang/NoSuchMethodError'{0x000000008c15a068}: 'java.lang.Object java.lang.invoke.Invokers$Holder.invokeExact_MT(java.lang.Object, java.lang.Object, long, java.lang.Object)'> (0x000000008c15a068) 
thrown [s\src\hotspot\share\interpreter\linkResolver.cpp, line 784]
Event: 33.116 Thread 0x000002768a38a720 Exception <a 'java/lang/NoSuchMethodError'{0x000000008bfa3988}: 'long java.lang.invoke.DirectMethodHandle$Holder.invokeStatic(java.lang.Object, java.lang.Object, int)'> (0x000000008bfa3988) 
thrown [s\src\hotspot\share\interpreter\linkResolver.cpp, line 784]
Event: 33.117 Thread 0x000002768a38a720 Exception <a 'java/lang/NoSuchMethodError'{0x000000008bfb00d0}: 'java.lang.Object java.lang.invoke.DelegatingMethodHandle$Holder.reinvoke_L(java.lang.Object, int, long, java.lang.Object, java.lang.Object, int, java.lang.Object)'> (0x000000008bfb00d0) 
thrown [s\src\hotspot\share\interpreter\linkResolver.cpp, line 784]
Event: 33.139 Thread 0x000002768a38a720 Implicit null exception at 0x00000276f72cf0e3 to 0x00000276f72cfc3c
Event: 33.356 Thread 0x000002768a38a720 Implicit null exception at 0x00000276f742f59c to 0x00000276f7431aec
Event: 33.356 Thread 0x000002768a38a720 Implicit null exception at 0x00000276f7366b8c to 0x00000276f73679bc
Event: 35.088 Thread 0x000002768a38a720 Exception <a 'java/lang/NoSuchMethodError'{0x000000008bb2a1c8}: 'java.lang.Object java.lang.invoke.DirectMethodHandle$Holder.newInvokeSpecial(java.lang.Object, java.lang.Object, java.lang.Object, java.lang.Object, java.lang.Object, java.lang.Object, java.lang.Object, java.lang.Object, java.lang.Object, java.lang.Object, java.lang.Object, java.lang.Object, java.lang.Object, java.lang.Object)'> (0x000000008bb2a1c8) 
thrown [s\src\hotspot\share\interpreter\linkResolver.cpp, line 784]
Event: 35.105 Thread 0x000002768a38a720 Exception <a 'java/lang/NoSuchMethodError'{0x000000008ba51020}: 'java.lang.Object java.lang.invoke.DirectMethodHandle$Holder.newInvokeSpecial(java.lang.Object, java.lang.Object, java.lang.Object, java.lang.Object, java.lang.Object, java.lang.Object, java.lang.Object, java.lang.Object, java.lang.Object, java.lang.Object, java.lang.Object, java.lang.Object, java.lang.Object, java.lang.Object, java.lang.Object, java.lang.Object, java.lang.Object, java.lang.Object, java.lang.Object, java.lang.Object, java.lang
Event: 35.121 Thread 0x000002768a38a720 Exception <a 'java/lang/NoSuchMethodError'{0x000000008b83f4d0}: 'java.lang.Object java.lang.invoke.DirectMethodHandle$Holder.newInvokeSpecial(java.lang.Object, java.lang.Object, java.lang.Object, java.lang.Object, java.lang.Object, java.lang.Object, java.lang.Object, java.lang.Object, java.lang.Object, java.lang.Object, java.lang.Object, java.lang.Object, java.lang.Object, java.lang.Object, java.lang.Object, java.lang.Object, java.lang.Object, java.lang.Object, java.lang.Object, java.lang.Object)'> (0x0000
Event: 35.122 Thread 0x000002768a38a720 Exception <a 'java/lang/NoSuchMethodError'{0x000000008b847120}: 'java.lang.Object java.lang.invoke.DirectMethodHandle$Holder.invokeSpecial(java.lang.Object, java.lang.Object, java.lang.Object, java.lang.Object, java.lang.Object, java.lang.Object, java.lang.Object, java.lang.Object, java.lang.Object, java.lang.Object, java.lang.Object, java.lang.Object, java.lang.Object, java.lang.Object, java.lang.Object, java.lang.Object, java.lang.Object, java.lang.Object, java.lang.Object, java.lang.Object, java.lang.Ob
Event: 35.122 Thread 0x000002768a38a720 Exception <a 'java/lang/NoSuchMethodError'{0x000000008b84d8e0}: 'java.lang.Object java.lang.invoke.DelegatingMethodHandle$Holder.reinvoke_L(java.lang.Object, java.lang.Object, java.lang.Object, java.lang.Object, java.lang.Object, java.lang.Object, java.lang.Object, java.lang.Object, java.lang.Object, java.lang.Object, java.lang.Object, java.lang.Object, java.lang.Object, java.lang.Object, java.lang.Object, java.lang.Object, java.lang.Object, java.lang.Object, java.lang.Object, java.lang.Object)'> (0x000000
Event: 35.219 Thread 0x000002768a38a720 Exception <a 'java/lang/NoSuchMethodError'{0x000000008b1fcf28}: 'java.lang.Object java.lang.invoke.DirectMethodHandle$Holder.newInvokeSpecial(java.lang.Object, java.lang.Object, java.lang.Object, java.lang.Object, java.lang.Object, java.lang.Object, java.lang.Object, java.lang.Object, java.lang.Object, java.lang.Object, java.lang.Object, java.lang.Object, java.lang.Object, java.lang.Object, java.lang.Object, java.lang.Object)'> (0x000000008b1fcf28) 
thrown [s\src\hotspot\share\interpreter\linkResolver.cpp,
Event: 35.220 Thread 0x000002768a38a720 Exception <a 'java/lang/NoSuchMethodError'{0x000000008b004088}: 'java.lang.Object java.lang.invoke.DirectMethodHandle$Holder.invokeSpecial(java.lang.Object, java.lang.Object, java.lang.Object, java.lang.Object, java.lang.Object, java.lang.Object, java.lang.Object, java.lang.Object, java.lang.Object, java.lang.Object, java.lang.Object, java.lang.Object, java.lang.Object, java.lang.Object, java.lang.Object, java.lang.Object, java.lang.Object)'> (0x000000008b004088) 
thrown [s\src\hotspot\share\interpreter\li
Event: 35.220 Thread 0x000002768a38a720 Exception <a 'java/lang/NoSuchMethodError'{0x000000008b00a1c8}: 'java.lang.Object java.lang.invoke.DelegatingMethodHandle$Holder.reinvoke_L(java.lang.Object, java.lang.Object, java.lang.Object, java.lang.Object, java.lang.Object, java.lang.Object, java.lang.Object, java.lang.Object, java.lang.Object, java.lang.Object, java.lang.Object, java.lang.Object, java.lang.Object, java.lang.Object, java.lang.Object, java.lang.Object)'> (0x000000008b00a1c8) 
thrown [s\src\hotspot\share\interpreter\linkResolver.cpp, l
Event: 35.227 Thread 0x000002768a38a720 Exception <a 'java/lang/NoSuchMethodError'{0x000000008b0bf6b8}: 'java.lang.Object java.lang.invoke.DirectMethodHandle$Holder.newInvokeSpecial(java.lang.Object, java.lang.Object, java.lang.Object, java.lang.Object, java.lang.Object, java.lang.Object, java.lang.Object, java.lang.Object, java.lang.Object, java.lang.Object, java.lang.Object, java.lang.Object, java.lang.Object, java.lang.Object, java.lang.Object, java.lang.Object, java.lang.Object, java.lang.Object)'> (0x000000008b0bf6b8) 
thrown [s\src\hotspot
Event: 35.228 Thread 0x000002768a38a720 Exception <a 'java/lang/NoSuchMethodError'{0x000000008b0c69c0}: 'java.lang.Object java.lang.invoke.DirectMethodHandle$Holder.invokeSpecial(java.lang.Object, java.lang.Object, java.lang.Object, java.lang.Object, java.lang.Object, java.lang.Object, java.lang.Object, java.lang.Object, java.lang.Object, java.lang.Object, java.lang.Object, java.lang.Object, java.lang.Object, java.lang.Object, java.lang.Object, java.lang.Object, java.lang.Object, java.lang.Object, java.lang.Object)'> (0x000000008b0c69c0) 
thrown
Event: 35.228 Thread 0x000002768a38a720 Exception <a 'java/lang/NoSuchMethodError'{0x000000008b0ccde8}: 'java.lang.Object java.lang.invoke.DelegatingMethodHandle$Holder.reinvoke_L(java.lang.Object, java.lang.Object, java.lang.Object, java.lang.Object, java.lang.Object, java.lang.Object, java.lang.Object, java.lang.Object, java.lang.Object, java.lang.Object, java.lang.Object, java.lang.Object, java.lang.Object, java.lang.Object, java.lang.Object, java.lang.Object, java.lang.Object, java.lang.Object)'> (0x000000008b0ccde8) 
thrown [s\src\hotspot\s
Event: 35.232 Thread 0x000002768a38a720 Exception <a 'java/lang/NoSuchMethodError'{0x000000008af676f0}: 'java.lang.Object java.lang.invoke.DirectMethodHandle$Holder.newInvokeSpecial(java.lang.Object, java.lang.Object, java.lang.Object, java.lang.Object, java.lang.Object, java.lang.Object, java.lang.Object, java.lang.Object, java.lang.Object, java.lang.Object, java.lang.Object, java.lang.Object, java.lang.Object, java.lang.Object, java.lang.Object, java.lang.Object, java.lang.Object, java.lang.Object, java.lang.Object, java.lang.Object, java.lang

ZGC Phase Switch (0 events):
No events

VM Operations (20 events):
Event: 32.814 Executing VM operation: G1TryInitiateConcMark (G1 Humongous Allocation) done
Event: 32.862 Executing VM operation: G1PauseRemark
Event: 32.867 Executing VM operation: G1PauseRemark done
Event: 32.894 Executing VM operation: G1PauseCleanup
Event: 32.894 Executing VM operation: G1PauseCleanup done
Event: 32.968 Executing VM operation: HandshakeAllThreads (Deoptimize)
Event: 32.968 Executing VM operation: HandshakeAllThreads (Deoptimize) done
Event: 33.026 Executing VM operation: HandshakeAllThreads (Deoptimize)
Event: 33.026 Executing VM operation: HandshakeAllThreads (Deoptimize) done
Event: 33.394 Executing VM operation: G1CollectForAllocation (G1 Evacuation Pause)
Event: 33.410 Executing VM operation: G1CollectForAllocation (G1 Evacuation Pause) done
Event: 33.748 Executing VM operation: HandshakeAllThreads (Deoptimize)
Event: 33.749 Executing VM operation: HandshakeAllThreads (Deoptimize) done
Event: 33.860 Executing VM operation: G1CollectForAllocation (G1 Evacuation Pause)
Event: 33.881 Executing VM operation: G1CollectForAllocation (G1 Evacuation Pause) done
Event: 34.626 Executing VM operation: G1CollectForAllocation (G1 Evacuation Pause)
Event: 34.636 Executing VM operation: G1CollectForAllocation (G1 Evacuation Pause) done
Event: 35.266 Executing VM operation: G1CollectForAllocation (G1 Evacuation Pause)
Event: 35.271 Executing VM operation: G1CollectForAllocation (G1 Evacuation Pause) done
Event: 35.363 Executing VM operation: G1PauseRemark

Memory protections (0 events):
No events

Nmethod flushes (20 events):
Event: 35.366 Thread 0x00000276ffbaf2e0 flushing  nmethod 0x00000276f0143910
Event: 35.366 Thread 0x00000276ffbaf2e0 flushing  nmethod 0x00000276f019df90
Event: 35.366 Thread 0x00000276ffbaf2e0 flushing  nmethod 0x00000276f02c4d90
Event: 35.366 Thread 0x00000276ffbaf2e0 flushing  nmethod 0x00000276f039d110
Event: 35.366 Thread 0x00000276ffbaf2e0 flushing  nmethod 0x00000276f0407310
Event: 35.366 Thread 0x00000276ffbaf2e0 flushing  nmethod 0x00000276f0409f90
Event: 35.366 Thread 0x00000276ffbaf2e0 flushing  nmethod 0x00000276f752cb90
Event: 35.366 Thread 0x00000276ffbaf2e0 flushing  nmethod 0x00000276ef66fd10
Event: 35.366 Thread 0x00000276ffbaf2e0 flushing  nmethod 0x00000276ef733d10
Event: 35.366 Thread 0x00000276ffbaf2e0 flushing  nmethod 0x00000276ef778510
Event: 35.366 Thread 0x00000276ffbaf2e0 flushing  nmethod 0x00000276ef944a90
Event: 35.366 Thread 0x00000276ffbaf2e0 flushing  nmethod 0x00000276efa85290
Event: 35.366 Thread 0x00000276ffbaf2e0 flushing osr nmethod 0x00000276efb06e90
Event: 35.366 Thread 0x00000276ffbaf2e0 flushing  nmethod 0x00000276efcda410
Event: 35.366 Thread 0x00000276ffbaf2e0 flushing  nmethod 0x00000276efe35a90
Event: 35.366 Thread 0x00000276ffbaf2e0 flushing  nmethod 0x00000276efe36710
Event: 35.366 Thread 0x00000276ffbaf2e0 flushing  nmethod 0x00000276efeddf10
Event: 35.366 Thread 0x00000276ffbaf2e0 flushing  nmethod 0x00000276eff72110
Event: 35.366 Thread 0x00000276ffbaf2e0 flushing  nmethod 0x00000276f00beb10
Event: 35.366 Thread 0x00000276ffbaf2e0 flushing  nmethod 0x00000276f02c8a90

Events (20 events):
Event: 30.921 Thread 0x000002768a38a720 Thread added: 0x000002768f0f6950
Event: 30.922 Thread 0x000002768a38a720 Thread added: 0x000002768f0f1400
Event: 30.923 Thread 0x000002768a38a720 Thread added: 0x000002768f0f27b0
Event: 30.925 Thread 0x000002768a38a720 Thread added: 0x000002768f0f0d70
Event: 31.118 Thread 0x000002768a38a720 Thread added: 0x000002768f0f7670
Event: 31.119 Thread 0x000002768a38a720 Thread added: 0x000002768de95810
Event: 31.120 Thread 0x000002768a38a720 Thread added: 0x000002768de96530
Event: 31.120 Thread 0x000002768a38a720 Thread added: 0x000002768de9c7a0
Event: 31.120 Thread 0x000002768a38a720 Thread added: 0x000002768d8acc70
Event: 31.121 Thread 0x000002768a38a720 Thread added: 0x000002768d8aaba0
Event: 31.121 Thread 0x000002768a38a720 Thread added: 0x000002768d8b00f0
Event: 31.890 Thread 0x000002768dbdf5f0 Thread exited: 0x000002768dbdf5f0
Event: 31.890 Thread 0x000002768dbe1800 Thread exited: 0x000002768dbe1800
Event: 32.897 Thread 0x00000276ffc51030 Thread added: 0x000002768e0619f0
Event: 32.913 Thread 0x000002768e0619f0 Thread added: 0x000002768e062e60
Event: 33.698 Thread 0x000002768e062e60 Thread exited: 0x000002768e062e60
Event: 33.924 Thread 0x000002768e0619f0 Thread exited: 0x000002768e0619f0
Event: 34.357 Thread 0x00000276ffc51030 Thread added: 0x000002768e063c00
Event: 34.968 Thread 0x000002768e063c00 Thread exited: 0x000002768e063c00
Event: 35.134 Thread 0x00000276ffc51030 Thread added: 0x000002768e0649a0


Dynamic libraries:
0x00007ff7e1400000 - 0x00007ff7e140a000 	C:\Program Files\Android\Android Studio2\jbr\bin\java.exe
0x00007ff84cdb0000 - 0x00007ff84cfc8000 	C:\WINDOWS\SYSTEM32\ntdll.dll
0x00007ff84bc80000 - 0x00007ff84bd44000 	C:\WINDOWS\System32\KERNEL32.DLL
0x00007ff84a580000 - 0x00007ff84a953000 	C:\WINDOWS\System32\KERNELBASE.dll
0x00007ff849ec0000 - 0x00007ff849fd1000 	C:\WINDOWS\System32\ucrtbase.dll
0x00007ff83f6d0000 - 0x00007ff83f6eb000 	C:\Program Files\Android\Android Studio2\jbr\bin\VCRUNTIME140.dll
0x00007ff8278c0000 - 0x00007ff8278d8000 	C:\Program Files\Android\Android Studio2\jbr\bin\jli.dll
0x00007ff84ae90000 - 0x00007ff84b042000 	C:\WINDOWS\System32\USER32.dll
0x00007ff84a060000 - 0x00007ff84a086000 	C:\WINDOWS\System32\win32u.dll
0x00007ff82f530000 - 0x00007ff82f7cc000 	C:\WINDOWS\WinSxS\amd64_microsoft.windows.common-controls_6595b64144ccf1df_6.0.22621.6060_none_2712eda17382d24b\COMCTL32.dll
0x00007ff84b160000 - 0x00007ff84b189000 	C:\WINDOWS\System32\GDI32.dll
0x00007ff84a090000 - 0x00007ff84a1ab000 	C:\WINDOWS\System32\gdi32full.dll
0x00007ff84c660000 - 0x00007ff84c707000 	C:\WINDOWS\System32\msvcrt.dll
0x00007ff84a1b0000 - 0x00007ff84a24a000 	C:\WINDOWS\System32\msvcp_win.dll
0x00007ff84adf0000 - 0x00007ff84ae21000 	C:\WINDOWS\System32\IMM32.DLL
0x00007ff841f20000 - 0x00007ff841f2c000 	C:\Program Files\Android\Android Studio2\jbr\bin\vcruntime140_1.dll
0x00007ff805b30000 - 0x00007ff805bbd000 	C:\Program Files\Android\Android Studio2\jbr\bin\msvcp140.dll
0x00007fffea910000 - 0x00007fffeb5a6000 	C:\Program Files\Android\Android Studio2\jbr\bin\server\jvm.dll
0x00007ff84c710000 - 0x00007ff84c7c1000 	C:\WINDOWS\System32\ADVAPI32.dll
0x00007ff84bbd0000 - 0x00007ff84bc78000 	C:\WINDOWS\System32\sechost.dll
0x00007ff84aa20000 - 0x00007ff84aa48000 	C:\WINDOWS\System32\bcrypt.dll
0x00007ff84b610000 - 0x00007ff84b728000 	C:\WINDOWS\System32\RPCRT4.dll
0x00007ff84cbb0000 - 0x00007ff84cc21000 	C:\WINDOWS\System32\WS2_32.dll
0x00007ff848cd0000 - 0x00007ff848d1d000 	C:\WINDOWS\SYSTEM32\POWRPROF.dll
0x00007ff841e10000 - 0x00007ff841e44000 	C:\WINDOWS\SYSTEM32\WINMM.dll
0x00007ff841bd0000 - 0x00007ff841bda000 	C:\WINDOWS\SYSTEM32\VERSION.dll
0x00007ff848cb0000 - 0x00007ff848cc3000 	C:\WINDOWS\SYSTEM32\UMPDC.dll
0x00007ff848f50000 - 0x00007ff848f68000 	C:\WINDOWS\SYSTEM32\kernel.appcore.dll
0x00007ff841e90000 - 0x00007ff841e9a000 	C:\Program Files\Android\Android Studio2\jbr\bin\jimage.dll
0x00007ff847400000 - 0x00007ff847633000 	C:\WINDOWS\SYSTEM32\DBGHELP.DLL
0x00007ff84aa50000 - 0x00007ff84ade1000 	C:\WINDOWS\System32\combase.dll
0x00007ff84c7d0000 - 0x00007ff84c8a8000 	C:\WINDOWS\System32\OLEAUT32.dll
0x00007ff8218c0000 - 0x00007ff8218f2000 	C:\WINDOWS\SYSTEM32\dbgcore.DLL
0x00007ff849fe0000 - 0x00007ff84a05b000 	C:\WINDOWS\System32\bcryptPrimitives.dll
0x00007ff841fb0000 - 0x00007ff841fbe000 	C:\Program Files\Android\Android Studio2\jbr\bin\instrument.dll
0x00007ff832f50000 - 0x00007ff832f70000 	C:\Program Files\Android\Android Studio2\jbr\bin\java.dll
0x00007ff832e00000 - 0x00007ff832e18000 	C:\Program Files\Android\Android Studio2\jbr\bin\zip.dll
0x00007ff84bd70000 - 0x00007ff84c60c000 	C:\WINDOWS\System32\SHELL32.dll
0x00007ff84a250000 - 0x00007ff84a38f000 	C:\WINDOWS\System32\wintypes.dll
0x00007ff847d80000 - 0x00007ff84869a000 	C:\WINDOWS\SYSTEM32\windows.storage.dll
0x00007ff84b730000 - 0x00007ff84b834000 	C:\WINDOWS\System32\SHCORE.dll
0x00007ff84bb60000 - 0x00007ff84bbc9000 	C:\WINDOWS\System32\shlwapi.dll
0x00007ff849df0000 - 0x00007ff849e15000 	C:\WINDOWS\SYSTEM32\profapi.dll
0x00007ff841e50000 - 0x00007ff841e60000 	C:\Program Files\Android\Android Studio2\jbr\bin\net.dll
0x00007ff843350000 - 0x00007ff84347c000 	C:\WINDOWS\SYSTEM32\WINHTTP.dll
0x00007ff849410000 - 0x00007ff849479000 	C:\WINDOWS\system32\mswsock.dll
0x00007ff832de0000 - 0x00007ff832df6000 	C:\Program Files\Android\Android Studio2\jbr\bin\nio.dll
0x00007ff832f80000 - 0x00007ff832f90000 	C:\Program Files\Android\Android Studio2\jbr\bin\verify.dll
0x00007ff822160000 - 0x00007ff822187000 	C:\Users\DELL\.gradle\native\c067742578af261105cb4f569cf0c3c89f3d7b1fecec35dd04571415982c5e48\windows-amd64\native-platform.dll
0x00007fffff1e0000 - 0x00007fffff324000 	C:\Users\DELL\.gradle\native\100fb08df4bc3b14c8652ba06237920a3bd2aa13389f12d3474272988ae205f9\windows-amd64\native-platform-file-events.dll
0x00007ff83f720000 - 0x00007ff83f729000 	C:\Program Files\Android\Android Studio2\jbr\bin\management.dll
0x00007ff83f6c0000 - 0x00007ff83f6cb000 	C:\Program Files\Android\Android Studio2\jbr\bin\management_ext.dll
0x00007ff84bd60000 - 0x00007ff84bd68000 	C:\WINDOWS\System32\PSAPI.DLL
0x00007ff849760000 - 0x00007ff84977b000 	C:\WINDOWS\SYSTEM32\CRYPTSP.dll
0x00007ff848eb0000 - 0x00007ff848ee7000 	C:\WINDOWS\system32\rsaenh.dll
0x00007ff8494b0000 - 0x00007ff8494d8000 	C:\WINDOWS\SYSTEM32\USERENV.dll
0x00007ff849740000 - 0x00007ff84974c000 	C:\WINDOWS\SYSTEM32\CRYPTBASE.dll
0x00007ff848970000 - 0x00007ff84899d000 	C:\WINDOWS\SYSTEM32\IPHLPAPI.DLL
0x00007ff84bd50000 - 0x00007ff84bd59000 	C:\WINDOWS\System32\NSI.dll
0x00007ff83f9b0000 - 0x00007ff83f9b9000 	C:\Program Files\Android\Android Studio2\jbr\bin\extnet.dll
0x00007ff8418a0000 - 0x00007ff8418a8000 	C:\WINDOWS\system32\wshunix.dll

JVMTI agents:
C:\Users\DELL\.gradle\wrapper\dists\gradle-8.11.1-bin\bpt9gzteqjrbo1mjrsomdt32c\gradle-8.11.1\lib\agents\gradle-instrumentation-agent-8.11.1.jar path:C:\Program Files\Android\Android Studio2\jbr\bin\instrument.dll, loaded, initialized, instrumentlib options:none

dbghelp: loaded successfully - version: 4.0.5 - missing functions: none
symbol engine: initialized successfully - sym options: 0x614 - pdb path: .;C:\Program Files\Android\Android Studio2\jbr\bin;C:\WINDOWS\SYSTEM32;C:\WINDOWS\WinSxS\amd64_microsoft.windows.common-controls_6595b64144ccf1df_6.0.22621.6060_none_2712eda17382d24b;C:\Program Files\Android\Android Studio2\jbr\bin\server;C:\Users\DELL\.gradle\native\c067742578af261105cb4f569cf0c3c89f3d7b1fecec35dd04571415982c5e48\windows-amd64;C:\Users\DELL\.gradle\native\100fb08df4bc3b14c8652ba06237920a3bd2aa13389f12d3474272988ae205f9\windows-amd64

VM Arguments:
jvm_args: --add-opens=java.base/java.lang=ALL-UNNAMED --add-opens=java.base/java.lang.invoke=ALL-UNNAMED --add-opens=java.base/java.util=ALL-UNNAMED --add-opens=java.prefs/java.util.prefs=ALL-UNNAMED --add-exports=jdk.compiler/com.sun.tools.javac.api=ALL-UNNAMED --add-exports=jdk.compiler/com.sun.tools.javac.util=ALL-UNNAMED --add-opens=java.base/java.util=ALL-UNNAMED --add-opens=java.prefs/java.util.prefs=ALL-UNNAMED --add-opens=java.base/java.nio.charset=ALL-UNNAMED --add-opens=java.base/java.net=ALL-UNNAMED --add-opens=java.base/java.util.concurrent.atomic=ALL-UNNAMED --add-opens=java.xml/javax.xml.namespace=ALL-UNNAMED -Xmx2048m -Dfile.encoding=UTF-8 -Duser.country=US -Duser.language=en -Duser.variant -javaagent:C:\Users\DELL\.gradle\wrapper\dists\gradle-8.11.1-bin\bpt9gzteqjrbo1mjrsomdt32c\gradle-8.11.1\lib\agents\gradle-instrumentation-agent-8.11.1.jar 
java_command: org.gradle.launcher.daemon.bootstrap.GradleDaemon 8.11.1
java_class_path (initial): C:\Users\DELL\.gradle\wrapper\dists\gradle-8.11.1-bin\bpt9gzteqjrbo1mjrsomdt32c\gradle-8.11.1\lib\gradle-daemon-main-8.11.1.jar
Launcher Type: SUN_STANDARD

[Global flags]
     intx CICompilerCount                          = 4                                         {product} {ergonomic}
     uint ConcGCThreads                            = 2                                         {product} {ergonomic}
     uint G1ConcRefinementThreads                  = 8                                         {product} {ergonomic}
   size_t G1HeapRegionSize                         = 1048576                                   {product} {ergonomic}
    uintx GCDrainStackTargetSize                   = 64                                        {product} {ergonomic}
   size_t InitialHeapSize                          = 264241152                                 {product} {ergonomic}
   size_t MarkStackSize                            = 4194304                                   {product} {ergonomic}
   size_t MaxHeapSize                              = 2147483648                                {product} {command line}
   size_t MaxNewSize                               = 1287651328                                {product} {ergonomic}
   size_t MinHeapDeltaBytes                        = 1048576                                   {product} {ergonomic}
   size_t MinHeapSize                              = 8388608                                   {product} {ergonomic}
    uintx NonNMethodCodeHeapSize                   = 5839372                                {pd product} {ergonomic}
    uintx NonProfiledCodeHeapSize                  = 122909434                              {pd product} {ergonomic}
    uintx ProfiledCodeHeapSize                     = 122909434                              {pd product} {ergonomic}
    uintx ReservedCodeCacheSize                    = 251658240                              {pd product} {ergonomic}
     bool SegmentedCodeCache                       = true                                      {product} {ergonomic}
   size_t SoftMaxHeapSize                          = 2147483648                             {manageable} {ergonomic}
     bool UseCompressedOops                        = true                           {product lp64_product} {ergonomic}
     bool UseG1GC                                  = true                                      {product} {ergonomic}
     bool UseLargePagesIndividualAllocation        = false                                  {pd product} {ergonomic}

Logging:
Log output configuration:
 #0: stdout all=warning uptime,level,tags foldmultilines=false
 #1: stderr all=off uptime,level,tags foldmultilines=false

Environment Variables:
JAVA_HOME=C:\Program Files\Java\jdk-21\bin
PATH=C:\Program Files (x86)\VMware\VMware Workstation\bin\;C:\Program Files\Common Files\Oracle\Java\javapath;C:\WINDOWS\system32;C:\WINDOWS;C:\WINDOWS\System32\Wbem;C:\WINDOWS\System32\WindowsPowerShell\v1.0\;C:\WINDOWS\System32\OpenSSH\;C:\Program Files\Java\jdk-21\bin;C:\Program Files\Git\cmd;C:\Program Files\nodejs\;C:\Program Files\Docker\Docker\resources\bin;C:\Program Files\PuTTY\;C:\Program Files (x86)\Microsoft SQL Server\160\Tools\Binn\;C:\Program Files\Microsoft SQL Server\160\Tools\Binn\;C:\Program Files\Microsoft SQL Server\Client SDK\ODBC\170\Tools\Binn\;C:\Program Files\Microsoft SQL Server\160\DTS\Binn\;C:\Program Files\CMake\bin;C:\Program Files\dotnet\;C:\Users\DELL\AppData\Local\Programs\Python\Python313\Scripts\;C:\Users\DELL\AppData\Local\Programs\Python\Python313\;C:\Users\DELL\AppData\Local\Programs\Python\Python312\Scripts\;C:\Users\DELL\AppData\Local\Programs\Python\Python312\;C:\Users\DELL\AppData\Local\Microsoft\WindowsApps;C:\Users\DELL\AppData\Local\Programs\Microsoft VS Code\bin;C:\Users\DELL\AppData\Roaming\npm;C:\Program Files\JetBrains\IntelliJ IDEA 2024.3.2.2\bin;;C:\msys64\ucrt64\bin;;C:\Users\DELL\AppData\Local\Programs\Ollama;C:\Users\DELL\.dotnet\tools
USERNAME=DELL
OS=Windows_NT
PROCESSOR_IDENTIFIER=Intel64 Family 6 Model 140 Stepping 2, GenuineIntel
TMP=C:\Users\DELL\AppData\Local\Temp
TEMP=C:\Users\DELL\AppData\Local\Temp




Periodic native trim disabled

JNI global refs:
JNI global refs: 27, weak refs: 0

JNI global refs memory usage: 835, weak refs: 833

Process memory usage:
Resident Set Size: 548220K (3% of 16513828K total physical memory with 745876K free physical memory)

OOME stack traces (most recent first):
Classloader memory used:
Loader org.gradle.internal.classloader.VisitableURLClassLoader                         : 71248K
Loader bootstrap                                                                       : 25091K
Loader org.gradle.initialization.MixInLegacyTypesClassLoader                           : 11039K
Loader org.gradle.internal.classloader.VisitableURLClassLoader                         : 1114K
Loader org.gradle.internal.classloader.VisitableURLClassLoader$InstrumentingVisitableURLClassLoader: 689K
Loader jdk.internal.loader.ClassLoaders$PlatformClassLoader                            : 502K
Loader jdk.internal.jrtfs.JrtFileSystemProvider$JrtFsLoader                            : 299K
Loader jdk.internal.reflect.DelegatingClassLoader                                      : 287K
Loader jdk.internal.loader.ClassLoaders$AppClassLoader                                 : 232K
Loader org.gradle.groovy.scripts.internal.DefaultScriptCompilationHandler$ScriptClassLoader: 91656B
Loader org.codehaus.groovy.runtime.callsite.CallSiteClassLoader                        : 49912B

Classes loaded by more than one classloader:
Class org.gradle.internal.IoActions                                                   : loaded 3 times (x 71B)
Class org.gradle.api.Action                                                           : loaded 3 times (x 70B)
Class org.gradle.internal.Cast                                                        : loaded 3 times (x 71B)
Class org.gradle.api.GradleException                                                  : loaded 3 times (x 82B)
Class org.gradle.api.UncheckedIOException                                             : loaded 3 times (x 82B)
Class Program                                                                         : loaded 3 times (x 72B)
Class org.gradle.internal.operations.MultipleBuildOperationFailures                   : loaded 2 times (x 95B)
Class org.gradle.internal.classloader.DefaultClassLoaderFactory                       : loaded 2 times (x 82B)
Class kotlin.collections.AbstractList$Companion                                       : loaded 2 times (x 71B)
Class org.gradle.internal.classloader.ClassLoaderVisitor                              : loaded 2 times (x 76B)
Class org.gradle.api.internal.classpath.EffectiveClassPath                            : loaded 2 times (x 90B)
Class org.gradle.tooling.internal.gradle.DefaultProjectIdentifier                     : loaded 2 times (x 86B)
Class org.gradle.api.internal.DefaultClassPathProvider                                : loaded 2 times (x 76B)
Class [Lorg.gradle.api.internal.ClassPathProvider;                                    : loaded 2 times (x 69B)
Class org.gradle.api.internal.ClassPathProvider                                       : loaded 2 times (x 70B)
Class jdk.internal.jrtfs.SystemImage                                                  : loaded 2 times (x 74B)
Class org.gradle.internal.service.UnknownServiceException                             : loaded 2 times (x 83B)
Class org.gradle.internal.classpath.TransformedClassPath                              : loaded 2 times (x 96B)
Class org.gradle.internal.classloader.InstrumentingClassLoader                        : loaded 2 times (x 70B)
Class jdk.internal.jrtfs.SystemImage$1                                                : loaded 2 times (x 78B)
Class kotlin.enums.EnumEntriesList                                                    : loaded 2 times (x 223B)
Class jdk.internal.jrtfs.SystemImage$2                                                : loaded 2 times (x 76B)
Class org.gradle.internal.service.ServiceLocator                                      : loaded 2 times (x 70B)
Class jdk.internal.jrtfs.JrtFileSystemProvider                                        : loaded 2 times (x 101B)
Class com.intellij.gradle.toolingExtension.util.GradleVersionUtil                     : loaded 2 times (x 71B)
Class org.gradle.tooling.model.UnsupportedMethodException                             : loaded 2 times (x 82B)
Class jdk.internal.jimage.ImageLocation                                               : loaded 2 times (x 90B)
Class jdk.internal.jrtfs.JrtDirectoryStream$1                                         : loaded 2 times (x 83B)
Class org.gradle.internal.InternalTransformer                                         : loaded 2 times (x 70B)
Class jdk.internal.jimage.ImageBufferCache$1                                          : loaded 2 times (x 83B)
Class org.gradle.internal.time.DefaultTimer                                           : loaded 2 times (x 80B)
Class org.gradle.internal.classloader.ClasspathUtil$1                                 : loaded 2 times (x 76B)
Class jdk.internal.jimage.ImageBufferCache$2                                          : loaded 2 times (x 91B)
Class org.gradle.api.internal.classpath.DefaultModuleRegistry$DefaultModule           : loaded 2 times (x 86B)
Class org.gradle.internal.time.DefaultCountdownTimer                                  : loaded 2 times (x 88B)
Class org.gradle.tooling.internal.gradle.DefaultBuildIdentifier                       : loaded 2 times (x 79B)
Class kotlin.Function                                                                 : loaded 2 times (x 70B)
Class org.gradle.api.internal.classpath.Module                                        : loaded 2 times (x 70B)
Class org.gradle.api.internal.classpath.UnknownModuleException                        : loaded 2 times (x 82B)
Class jdk.internal.jimage.ImageHeader                                                 : loaded 2 times (x 71B)
Class org.gradle.tooling.internal.gradle.GradleProjectIdentity                        : loaded 2 times (x 70B)
Class org.gradle.api.internal.DefaultClassPathRegistry                                : loaded 2 times (x 76B)
Class org.gradle.api.internal.ClassPathRegistry                                       : loaded 2 times (x 70B)
Class org.gradle.internal.classpath.DefaultClassPath$ImmutableUniqueList              : loaded 2 times (x 199B)
Class jdk.internal.jimage.decompressor.ResourceDecompressor                           : loaded 2 times (x 70B)
Class jdk.internal.jimage.decompressor.StringSharingDecompressorFactory               : loaded 2 times (x 74B)
Class Settings_gradle$1                                                               : loaded 2 times (x 74B)
Class org.gradle.api.internal.classpath.ManifestUtil                                  : loaded 2 times (x 71B)
Class org.gradle.internal.classpath.ClassPath                                         : loaded 2 times (x 70B)
Class jdk.internal.jimage.ImageStringsReader                                          : loaded 2 times (x 80B)
Class org.gradle.tooling.model.Model                                                  : loaded 2 times (x 70B)
Class kotlin.UninitializedPropertyAccessException                                     : loaded 2 times (x 82B)
Class org.gradle.internal.classloader.ClassLoaderHierarchy                            : loaded 2 times (x 70B)
Class sync_studio_tooling_4rz3mvdomm1wfrn137mduim0y                                   : loaded 2 times (x 179B)
Class jdk.internal.jimage.ImageReader$SharedImageReader                               : loaded 2 times (x 95B)
Class org.gradle.internal.installation.GradleInstallation$1                           : loaded 2 times (x 75B)
Class org.gradle.api.internal.classpath.ModuleRegistry                                : loaded 2 times (x 70B)
Class jdk.internal.jimage.decompressor.ResourceDecompressorFactory                    : loaded 2 times (x 74B)
Class jdk.internal.jimage.ImageReader$Node                                            : loaded 2 times (x 84B)
Class org.gradle.api.internal.classpath.DefaultModuleRegistry                         : loaded 2 times (x 86B)
Class jdk.internal.jimage.BasicImageReader$1                                          : loaded 2 times (x 77B)
Class org.gradle.util.internal.DefaultGradleVersion$Stage                             : loaded 2 times (x 75B)
Class jdk.internal.jimage.decompressor.Decompressor                                   : loaded 2 times (x 72B)
Class jdk.internal.jimage.ImageReader$Resource                                        : loaded 2 times (x 84B)
Class org.gradle.internal.time.MonotonicClock                                         : loaded 2 times (x 77B)
Class org.gradle.internal.service.ServiceLookupException                              : loaded 2 times (x 82B)
Class jdk.internal.jrtfs.JrtFileAttributes                                            : loaded 2 times (x 83B)
Class org.gradle.internal.classloader.ClassLoaderFactory                              : loaded 2 times (x 70B)
Class org.gradle.internal.service.CachingServiceLocator                               : loaded 2 times (x 82B)
Class org.gradle.internal.time.TimeSource                                             : loaded 2 times (x 70B)
Class org.gradle.tooling.internal.gradle.GradleBuildIdentity                          : loaded 2 times (x 70B)
Class kotlin.enums.EnumEntries                                                        : loaded 2 times (x 70B)
Class org.gradle.internal.exceptions.ResolutionProvider                               : loaded 2 times (x 70B)
Class jdk.internal.jimage.ImageBufferCache                                            : loaded 2 times (x 71B)
Class jdk.internal.jrtfs.JrtPath                                                      : loaded 2 times (x 118B)
Class org.gradle.tooling.model.ProjectIdentifier                                      : loaded 2 times (x 70B)
Class org.gradle.internal.classloader.ClasspathUtil                                   : loaded 2 times (x 71B)
Class org.gradle.internal.time.TimeSource$1                                           : loaded 2 times (x 77B)
Class kotlin.jvm.internal.DefaultConstructorMarker                                    : loaded 2 times (x 71B)
Class org.gradle.api.specs.Spec                                                       : loaded 2 times (x 70B)
Class jdk.internal.jimage.ImageReader$SharedImageReader$LocationVisitor               : loaded 2 times (x 70B)
Class jdk.internal.jimage.decompressor.ResourceDecompressorRepository                 : loaded 2 times (x 71B)
Class com.intellij.gradle.toolingExtension.impl.model.utilDummyModel.DummyModel       : loaded 2 times (x 70B)
Class org.gradle.internal.time.Clock                                                  : loaded 2 times (x 70B)
Class jdk.internal.jimage.ImageReader$Directory                                       : loaded 2 times (x 84B)
Class kotlin.collections.AbstractList                                                 : loaded 2 times (x 197B)
Class kotlin.collections.AbstractCollection                                           : loaded 2 times (x 117B)
Class org.gradle.internal.impldep.com.google.common.base.Preconditions                : loaded 2 times (x 71B)
Class org.gradle.internal.classloader.VisitableURLClassLoader$InstrumentingVisitableURLClassLoader: loaded 2 times (x 123B)
Class org.gradle.internal.classloader.VisitableURLClassLoader$Spec                    : loaded 2 times (x 74B)
Class org.gradle.internal.classpath.DefaultClassPath                                  : loaded 2 times (x 90B)
Class jdk.internal.jimage.decompressor.ZipDecompressorFactory                         : loaded 2 times (x 74B)
Class org.gradle.util.internal.DefaultGradleVersion                                   : loaded 2 times (x 80B)
Class org.gradle.internal.classloader.ClassLoaderSpec                                 : loaded 2 times (x 71B)
Class Settings_gradle$1$1                                                             : loaded 2 times (x 74B)
Class kotlin.Unit                                                                     : loaded 2 times (x 71B)
Class org.gradle.internal.classloader.VisitableURLClassLoader                         : loaded 2 times (x 117B)
Class Settings_gradle                                                                 : loaded 2 times (x 128B)
Class jdk.internal.jimage.BasicImageReader                                            : loaded 2 times (x 95B)
Class org.gradle.internal.classloader.FilteringClassLoader                            : loaded 2 times (x 105B)
Class jdk.internal.jimage.decompressor.ZipDecompressor                                : loaded 2 times (x 75B)
Class kotlin.jvm.functions.Function1                                                  : loaded 2 times (x 70B)
Class org.gradle.internal.classpath.DefaultClassPath$ImmutableUniqueList$Builder      : loaded 2 times (x 75B)
Class jdk.internal.jimage.ImageReader                                                 : loaded 2 times (x 75B)
Class org.gradle.internal.exceptions.NonGradleCauseExceptionsHolder                   : loaded 2 times (x 70B)
Class jdk.internal.jimage.ImageStrings                                                : loaded 2 times (x 70B)
Class org.jetbrains.plugins.gradle.tooling.ModelBuilderService$Parameter              : loaded 2 times (x 70B)
Class kotlin.NotImplementedError                                                      : loaded 2 times (x 82B)
Class kotlin.enums.EnumEntriesKt                                                      : loaded 2 times (x 71B)
Class org.gradle.internal.classloader.SystemClassLoaderSpec                           : loaded 2 times (x 71B)
Class org.gradle.internal.exceptions.MultiCauseException                              : loaded 2 times (x 70B)
Class org.gradle.internal.time.CountdownTimer                                         : loaded 2 times (x 70B)
Class kotlin.jvm.internal.Intrinsics                                                  : loaded 2 times (x 71B)
Class jdk.internal.jrtfs.JrtFileSystem                                                : loaded 2 times (x 102B)
Class ijInit3_5evlfwsqj6a7c6h1g8yf43dlw                                               : loaded 2 times (x 179B)
Class org.gradle.tooling.model.ProjectModel                                           : loaded 2 times (x 70B)
Class jdk.internal.jimage.decompressor.CompressedResourceHeader                       : loaded 2 times (x 71B)
Class kotlin.KotlinNullPointerException                                               : loaded 2 times (x 83B)
Class org.gradle.internal.exceptions.DefaultMultiCauseException                       : loaded 2 times (x 95B)
Class org.gradle.internal.time.Time                                                   : loaded 2 times (x 71B)
Class org.gradle.api.internal.classpath.GlobalCacheRootsProvider                      : loaded 2 times (x 70B)
Class org.gradle.tooling.model.BuildIdentifier                                        : loaded 2 times (x 70B)
Class org.gradle.internal.time.Timer                                                  : loaded 2 times (x 70B)
Class kotlin.jvm.internal.markers.KMappedMarker                                       : loaded 2 times (x 70B)
Class org.gradle.internal.installation.CurrentGradleInstallationLocator               : loaded 2 times (x 71B)
Class org.gradle.internal.service.DefaultServiceLocator                               : loaded 2 times (x 83B)
Class jdk.internal.jrtfs.JrtDirectoryStream                                           : loaded 2 times (x 89B)
Class org.gradle.util.GradleVersion                                                   : loaded 2 times (x 79B)
Class org.gradle.internal.installation.CurrentGradleInstallation                      : loaded 2 times (x 73B)
Class org.gradle.util.internal.GUtil                                                  : loaded 2 times (x 71B)
Class org.gradle.internal.installation.GradleInstallation                             : loaded 2 times (x 75B)
Class jdk.internal.jimage.decompressor.ResourceDecompressor$StringsProvider           : loaded 2 times (x 70B)

---------------  S Y S T E M  ---------------

OS:
 Windows 11 , 64 bit Build 22621 (10.0.22621.5415)
OS uptime: 14 days 9:19 hours
Hyper-V role detected

CPU: total 8 (initial active 8) (4 cores per cpu, 2 threads per core) family 6 model 140 stepping 2 microcode 0x3c, cx8, cmov, fxsr, ht, mmx, 3dnowpref, sse, sse2, sse3, ssse3, sse4.1, sse4.2, popcnt, lzcnt, tsc, tscinvbit, avx, avx2, aes, erms, clmul, bmi1, bmi2, adx, avx512f, avx512dq, avx512cd, avx512bw, avx512vl, sha, fma, vzeroupper, avx512_vpopcntdq, avx512_vpclmulqdq, avx512_vaes, avx512_vnni, clflush, clflushopt, clwb, avx512_vbmi2, avx512_vbmi, hv, rdtscp, rdpid, fsrm, gfni, avx512_bitalg, f16c, cet_ibt, cet_ss, avx512_ifma
Processor Information for the first 8 processors :
  Max Mhz: 2496, Current Mhz: 2496, Mhz Limit: 2496

Memory: 4k page, system-wide physical 16126M (728M free)
TotalPageFile size 18174M (AvailPageFile size 21M)
current process WorkingSet (physical memory assigned to process): 535M, peak: 535M
current process commit charge ("private bytes"): 581M, peak: 604M

vm_info: OpenJDK 64-Bit Server VM (21.0.8+-14196175-b1038.72) for windows-amd64 JRE (21.0.8+-14196175-b1038.72), built on 2025-10-01T10:24:33Z by "builder" with MS VC++ 16.10 / 16.11 (VS2019)

END.
