#
# There is insufficient memory for the Java Runtime Environment to continue.
# Native memory allocation (mmap) failed to map 54525952 bytes. Error detail: G1 virtual space
# Possible reasons:
#   The system is out of physical RAM or swap space
#   This process is running with CompressedOops enabled, and the Java Heap may be blocking the growth of the native heap
# Possible solutions:
#   Reduce memory load on the system
#   Increase physical memory or swap space
#   Check if swap backing store is full
#   Decrease Java heap size (-Xmx/-Xms)
#   Decrease number of Java threads
#   Decrease Java thread stack sizes (-Xss)
#   Set larger code cache with -XX:ReservedCodeCacheSize=
#   JVM is running with Unscaled Compressed Oops mode in which the Java heap is
#     placed in the first 4GB address space. The Java Heap base address is the
#     maximum limit for the native heap growth. Please use -XX:HeapBaseMinAddress
#     to set the Java Heap base and to place the Java Heap above 4GB virtual address.
# This output file may be truncated or incomplete.
#
#  Out of Memory Error (os_windows.cpp:3925), pid=8956, tid=18756
#
# JRE version: OpenJDK Runtime Environment (21.0.8) (build 21.0.8+-14196175-b1038.72)
# Java VM: OpenJDK 64-Bit Server VM (21.0.8+-14196175-b1038.72, mixed mode, tiered, compressed oops, compressed class ptrs, g1 gc, windows-amd64)
# No core dump will be written. Minidumps are not enabled by default on client versions of Windows
#

---------------  S U M M A R Y ------------

Command Line: --add-opens=java.base/java.lang=ALL-UNNAMED --add-opens=java.base/java.lang.invoke=ALL-UNNAMED --add-opens=java.base/java.util=ALL-UNNAMED --add-opens=java.prefs/java.util.prefs=ALL-UNNAMED --add-exports=jdk.compiler/com.sun.tools.javac.api=ALL-UNNAMED --add-exports=jdk.compiler/com.sun.tools.javac.util=ALL-UNNAMED --add-opens=java.base/java.util=ALL-UNNAMED --add-opens=java.prefs/java.util.prefs=ALL-UNNAMED --add-opens=java.base/java.nio.charset=ALL-UNNAMED --add-opens=java.base/java.net=ALL-UNNAMED --add-opens=java.base/java.util.concurrent.atomic=ALL-UNNAMED --add-opens=java.xml/javax.xml.namespace=ALL-UNNAMED -Xmx2048m -Dfile.encoding=UTF-8 -Duser.country=US -Duser.language=en -Duser.variant -javaagent:C:\Users\DELL\.gradle\wrapper\dists\gradle-8.11.1-bin\bpt9gzteqjrbo1mjrsomdt32c\gradle-8.11.1\lib\agents\gradle-instrumentation-agent-8.11.1.jar org.gradle.launcher.daemon.bootstrap.GradleDaemon 8.11.1

Host: 11th Gen Intel(R) Core(TM) i5-11320H @ 3.20GHz, 8 cores, 15G,  Windows 11 , 64 bit Build 22621 (10.0.22621.5415)
Time: Mon Jan  5 13:41:11 2026 SE Asia Standard Time elapsed time: 34.790153 seconds (0d 0h 0m 34s)

---------------  T H R E A D  ---------------

Current thread (0x0000022d9daf9d10):  VMThread "VM Thread"          [id=18756, stack(0x000000f956700000,0x000000f956800000) (1024K)]

Stack: [0x000000f956700000,0x000000f956800000]
Native frames: (J=compiled Java code, j=interpreted, Vv=VM code, C=native code)
V  [jvm.dll+0x6d68d9]
V  [jvm.dll+0x866693]
V  [jvm.dll+0x868c4e]
V  [jvm.dll+0x869333]
V  [jvm.dll+0x280566]
V  [jvm.dll+0x6d3195]
V  [jvm.dll+0x6c69ea]
V  [jvm.dll+0x3586db]
V  [jvm.dll+0x360336]
V  [jvm.dll+0x3b23f6]
V  [jvm.dll+0x3b26c8]
V  [jvm.dll+0x32ae6c]
V  [jvm.dll+0x32d806]
V  [jvm.dll+0x3376dd]
V  [jvm.dll+0x36ee15]
V  [jvm.dll+0x86f0b8]
V  [jvm.dll+0x870434]
V  [jvm.dll+0x870970]
V  [jvm.dll+0x870c03]
V  [jvm.dll+0x80eac8]
V  [jvm.dll+0x6d512d]
C  [ucrtbase.dll+0x29333]
C  [KERNEL32.DLL+0x1259d]
C  [ntdll.dll+0x5af78]

VM_Operation (0x000000f9562ff900): G1PauseRemark, mode: safepoint, requested by thread 0x0000022d862b7180


---------------  P R O C E S S  ---------------

Threads class SMR info:
_java_thread_list=0x0000022dab5cd4a0, length=141, elements={
0x0000022d8624e610, 0x0000022d9db7d4c0, 0x0000022d9db870c0, 0x0000022d9db87fe0,
0x0000022d9dbbaa10, 0x0000022d9dbbd480, 0x0000022d9dba2bf0, 0x0000022d9dba3df0,
0x0000022d9dba60d0, 0x0000022d9dba7310, 0x0000022da2008db0, 0x0000022da3b89ee0,
0x0000022da3a91170, 0x0000022da3bc0ad0, 0x0000022da3be13c0, 0x0000022da3bcd120,
0x0000022da3bd3c60, 0x0000022da3a97910, 0x0000022da3a97280, 0x0000022da3a98cc0,
0x0000022da3a96560, 0x0000022da3a999e0, 0x0000022da3a98630, 0x0000022da3a96bf0,
0x0000022da3a99350, 0x0000022da78b5540, 0x0000022da78b68f0, 0x0000022da78b0680,
0x0000022da78b5bd0, 0x0000022da853b610, 0x0000022da78b3470, 0x0000022da78afff0,
0x0000022da78b0d10, 0x0000022da78b13a0, 0x0000022da78b3b00, 0x0000022da78b1a30,
0x0000022da78b2de0, 0x0000022da78b4eb0, 0x0000022da78b6260, 0x0000022da5336ed0,
0x0000022da533b070, 0x0000022da5336840, 0x0000022da5339630, 0x0000022da5338910,
0x0000022da5338fa0, 0x0000022da5338280, 0x0000022da5335b20, 0x0000022da5339cc0,
0x0000022da533a350, 0x0000022da5337560, 0x0000022da53361b0, 0x0000022da5334e00,
0x0000022da533a9e0, 0x0000022da53340e0, 0x0000022da533b700, 0x0000022da5337bf0,
0x0000022da8101f90, 0x0000022da8103340, 0x0000022da8104060, 0x0000022da8108f20,
0x0000022da8108200, 0x0000022da8104d80, 0x0000022da81067c0, 0x0000022da8105410,
0x0000022da8106e50, 0x0000022da8105aa0, 0x0000022da8106130, 0x0000022da81074e0,
0x0000022da8107b70, 0x0000022da8108890, 0x0000022da81095b0, 0x0000022da8102620,
0x0000022da7ce01a0, 0x0000022da7cdfb10, 0x0000022da7cdedf0, 0x0000022da7cdc690,
0x0000022da7ce2f90, 0x0000022da7cdd3b0, 0x0000022da7cde760, 0x0000022dab1205b0,
0x0000022da6029a60, 0x0000022da7cdf480, 0x0000022da614c9f0, 0x0000022da614f7e0,
0x0000022da614d710, 0x0000022da614eac0, 0x0000022da6150500, 0x0000022da614f150,
0x0000022da614a290, 0x0000022da614fe70, 0x0000022da614a920, 0x0000022da614b640,
0x0000022da614c360, 0x0000022dab121960, 0x0000022dab121ff0, 0x0000022dab122680,
0x0000022dab1233a0, 0x0000022dab126eb0, 0x0000022dab123a30, 0x0000022dab127bd0,
0x0000022dab1240c0, 0x0000022dab124de0, 0x0000022da81039d0, 0x0000022da78b20c0,
0x0000022da8d5a490, 0x0000022da8d5b1b0, 0x0000022da8e23280, 0x0000022da8e20490,
0x0000022da8e23910, 0x0000022da8e211b0, 0x0000022da8e20b20, 0x0000022da8e1f770,
0x0000022da8e23fa0, 0x0000022da8e1f0e0, 0x0000022da8e21840, 0x0000022da8e24630,
0x0000022da8e21ed0, 0x0000022da8e22560, 0x0000022da8e1d6a0, 0x0000022da8e24cc0,
0x0000022da8e22bf0, 0x0000022da8d5cbf0, 0x0000022da8d590e0, 0x0000022da8d5d910,
0x0000022da8d59770, 0x0000022da8d576a0, 0x0000022da8d5ab20, 0x0000022da8d5bed0,
0x0000022da8d59e00, 0x0000022da8d56980, 0x0000022da8d5dfa0, 0x0000022da8d57010,
0x0000022da8d583c0, 0x0000022da8d57d30, 0x0000022da8e1dd30, 0x0000022da8e1fe00,
0x0000022da8d5b840, 0x0000022da8102cb0, 0x0000022dab5c0da0, 0x0000022dab5c1430,
0x0000022dab5c27e0
}

Java Threads: ( => current thread )
  0x0000022d8624e610 JavaThread "main"                              [_thread_blocked, id=19164, stack(0x000000f956000000,0x000000f956100000) (1024K)]
  0x0000022d9db7d4c0 JavaThread "Common-Cleaner"             daemon [_thread_blocked, id=21400, stack(0x000000f956800000,0x000000f956900000) (1024K)]
  0x0000022d9db870c0 JavaThread "Reference Handler"          daemon [_thread_blocked, id=12788, stack(0x000000f956900000,0x000000f956a00000) (1024K)]
  0x0000022d9db87fe0 JavaThread "Finalizer"                  daemon [_thread_blocked, id=13068, stack(0x000000f956a00000,0x000000f956b00000) (1024K)]
  0x0000022d9dbbaa10 JavaThread "Signal Dispatcher"          daemon [_thread_blocked, id=17716, stack(0x000000f956b00000,0x000000f956c00000) (1024K)]
  0x0000022d9dbbd480 JavaThread "Attach Listener"            daemon [_thread_blocked, id=11952, stack(0x000000f956c00000,0x000000f956d00000) (1024K)]
  0x0000022d9dba2bf0 JavaThread "Service Thread"             daemon [_thread_blocked, id=24360, stack(0x000000f956d00000,0x000000f956e00000) (1024K)]
  0x0000022d9dba3df0 JavaThread "Monitor Deflation Thread"   daemon [_thread_blocked, id=14380, stack(0x000000f956e00000,0x000000f956f00000) (1024K)]
  0x0000022d9dba60d0 JavaThread "C2 CompilerThread0"         daemon [_thread_blocked, id=16200, stack(0x000000f956f00000,0x000000f957000000) (1024K)]
  0x0000022d9dba7310 JavaThread "C1 CompilerThread0"         daemon [_thread_blocked, id=14108, stack(0x000000f957000000,0x000000f957100000) (1024K)]
  0x0000022da2008db0 JavaThread "Notification Thread"        daemon [_thread_blocked, id=19876, stack(0x000000f957100000,0x000000f957200000) (1024K)]
  0x0000022da3b89ee0 JavaThread "Daemon health stats"               [_thread_blocked, id=23392, stack(0x000000f957a00000,0x000000f957b00000) (1024K)]
  0x0000022da3a91170 JavaThread "Incoming local TCP Connector on port 57371"        [_thread_in_native, id=7712, stack(0x000000f957b00000,0x000000f957c00000) (1024K)]
  0x0000022da3bc0ad0 JavaThread "Daemon periodic checks"            [_thread_blocked, id=16500, stack(0x000000f957c00000,0x000000f957d00000) (1024K)]
  0x0000022da3be13c0 JavaThread "Daemon"                            [_thread_blocked, id=17040, stack(0x000000f957d00000,0x000000f957e00000) (1024K)]
  0x0000022da3bcd120 JavaThread "Handler for socket connection from /127.0.0.1:57371 to /127.0.0.1:57372"        [_thread_in_native, id=17208, stack(0x000000f957e00000,0x000000f957f00000) (1024K)]
  0x0000022da3bd3c60 JavaThread "Cancel handler"                    [_thread_blocked, id=23544, stack(0x000000f957f00000,0x000000f958000000) (1024K)]
  0x0000022da3a97910 JavaThread "Daemon worker"                     [_thread_blocked, id=11368, stack(0x000000f958000000,0x000000f958100000) (1024K)]
  0x0000022da3a97280 JavaThread "Asynchronous log dispatcher for DefaultDaemonConnection: socket connection from /127.0.0.1:57371 to /127.0.0.1:57372"        [_thread_blocked, id=12424, stack(0x000000f958100000,0x000000f958200000) (1024K)]
  0x0000022da3a98cc0 JavaThread "Stdin handler"                     [_thread_blocked, id=17580, stack(0x000000f958200000,0x000000f958300000) (1024K)]
  0x0000022da3a96560 JavaThread "Daemon client event forwarder"        [_thread_blocked, id=17308, stack(0x000000f958300000,0x000000f958400000) (1024K)]
  0x0000022da3a999e0 JavaThread "Cache worker for journal cache (C:\Users\DELL\.gradle\caches\journal-1)"        [_thread_blocked, id=9060, stack(0x000000f958600000,0x000000f958700000) (1024K)]
  0x0000022da3a98630 JavaThread "File lock request listener"        [_thread_in_native, id=3172, stack(0x000000f958700000,0x000000f958800000) (1024K)]
  0x0000022da3a96bf0 JavaThread "Cache worker for file hash cache (C:\Users\DELL\.gradle\caches\8.11.1\fileHashes)"        [_thread_blocked, id=5204, stack(0x000000f958800000,0x000000f958900000) (1024K)]
  0x0000022da3a99350 JavaThread "Cache worker for file content cache (C:\Users\DELL\.gradle\caches\8.11.1\fileContent)"        [_thread_blocked, id=17616, stack(0x000000f958900000,0x000000f958a00000) (1024K)]
  0x0000022da78b5540 JavaThread "Cache worker for file hash cache (C:\Users\DELL\AndroidStudioProjects\IoTApplication\.gradle\8.11.1\fileHashes)"        [_thread_blocked, id=2876, stack(0x000000f958a00000,0x000000f958b00000) (1024K)]
  0x0000022da78b68f0 JavaThread "Cache worker for Build Output Cleanup Cache (C:\Users\DELL\AndroidStudioProjects\IoTApplication\.gradle\buildOutputCleanup)"        [_thread_blocked, id=14688, stack(0x000000f958b00000,0x000000f958c00000) (1024K)]
  0x0000022da78b0680 JavaThread "File watcher server"        daemon [_thread_blocked, id=5836, stack(0x000000f957200000,0x000000f957300000) (1024K)]
  0x0000022da78b5bd0 JavaThread "File watcher consumer"      daemon [_thread_blocked, id=19236, stack(0x000000f957300000,0x000000f957400000) (1024K)]
  0x0000022da853b610 JavaThread "C2 CompilerThread1"         daemon [_thread_blocked, id=5184, stack(0x000000f958c00000,0x000000f958d00000) (1024K)]
  0x0000022da78b3470 JavaThread "Cache worker for checksums cache (C:\Users\DELL\AndroidStudioProjects\IoTApplication\.gradle\8.11.1\checksums)"        [_thread_blocked, id=7768, stack(0x000000f958d00000,0x000000f958e00000) (1024K)]
  0x0000022da78afff0 JavaThread "Cache worker for cache directory md-rule (C:\Users\DELL\.gradle\caches\8.11.1\md-rule)"        [_thread_blocked, id=23876, stack(0x000000f958e00000,0x000000f958f00000) (1024K)]
  0x0000022da78b0d10 JavaThread "Cache worker for cache directory md-supplier (C:\Users\DELL\.gradle\caches\8.11.1\md-supplier)"        [_thread_blocked, id=3396, stack(0x000000f958f00000,0x000000f959000000) (1024K)]
  0x0000022da78b13a0 JavaThread "jar transforms"                    [_thread_blocked, id=12872, stack(0x000000f959000000,0x000000f959100000) (1024K)]
  0x0000022da78b3b00 JavaThread "jar transforms Thread 2"           [_thread_blocked, id=13200, stack(0x000000f959100000,0x000000f959200000) (1024K)]
  0x0000022da78b1a30 JavaThread "jar transforms Thread 3"           [_thread_blocked, id=10672, stack(0x000000f959300000,0x000000f959400000) (1024K)]
  0x0000022da78b2de0 JavaThread "Unconstrained build operations"        [_thread_blocked, id=4192, stack(0x000000f959400000,0x000000f959500000) (1024K)]
  0x0000022da78b4eb0 JavaThread "Unconstrained build operations Thread 2"        [_thread_blocked, id=18528, stack(0x000000f959500000,0x000000f959600000) (1024K)]
  0x0000022da78b6260 JavaThread "Unconstrained build operations Thread 3"        [_thread_blocked, id=21872, stack(0x000000f959600000,0x000000f959700000) (1024K)]
  0x0000022da5336ed0 JavaThread "Unconstrained build operations Thread 4"        [_thread_blocked, id=22836, stack(0x000000f959700000,0x000000f959800000) (1024K)]
  0x0000022da533b070 JavaThread "Unconstrained build operations Thread 5"        [_thread_blocked, id=10984, stack(0x000000f959800000,0x000000f959900000) (1024K)]
  0x0000022da5336840 JavaThread "Unconstrained build operations Thread 6"        [_thread_blocked, id=3416, stack(0x000000f959900000,0x000000f959a00000) (1024K)]
  0x0000022da5339630 JavaThread "Unconstrained build operations Thread 7"        [_thread_blocked, id=11836, stack(0x000000f959a00000,0x000000f959b00000) (1024K)]
  0x0000022da5338910 JavaThread "Unconstrained build operations Thread 8"        [_thread_blocked, id=23404, stack(0x000000f959b00000,0x000000f959c00000) (1024K)]
  0x0000022da5338fa0 JavaThread "Unconstrained build operations Thread 9"        [_thread_blocked, id=5140, stack(0x000000f959c00000,0x000000f959d00000) (1024K)]
  0x0000022da5338280 JavaThread "Unconstrained build operations Thread 10"        [_thread_blocked, id=23508, stack(0x000000f959d00000,0x000000f959e00000) (1024K)]
  0x0000022da5335b20 JavaThread "jar transforms Thread 4"           [_thread_blocked, id=10396, stack(0x000000f959e00000,0x000000f959f00000) (1024K)]
  0x0000022da5339cc0 JavaThread "jar transforms Thread 5"           [_thread_blocked, id=5040, stack(0x000000f959f00000,0x000000f95a000000) (1024K)]
  0x0000022da533a350 JavaThread "Unconstrained build operations Thread 11"        [_thread_blocked, id=14240, stack(0x000000f95a000000,0x000000f95a100000) (1024K)]
  0x0000022da5337560 JavaThread "Unconstrained build operations Thread 12"        [_thread_blocked, id=16792, stack(0x000000f95a100000,0x000000f95a200000) (1024K)]
  0x0000022da53361b0 JavaThread "Unconstrained build operations Thread 13"        [_thread_blocked, id=9680, stack(0x000000f95a200000,0x000000f95a300000) (1024K)]
  0x0000022da5334e00 JavaThread "Unconstrained build operations Thread 14"        [_thread_blocked, id=1144, stack(0x000000f95a300000,0x000000f95a400000) (1024K)]
  0x0000022da533a9e0 JavaThread "Unconstrained build operations Thread 15"        [_thread_blocked, id=12496, stack(0x000000f95a400000,0x000000f95a500000) (1024K)]
  0x0000022da53340e0 JavaThread "jar transforms Thread 6"           [_thread_blocked, id=17652, stack(0x000000f95a500000,0x000000f95a600000) (1024K)]
  0x0000022da533b700 JavaThread "jar transforms Thread 7"           [_thread_blocked, id=9536, stack(0x000000f95a600000,0x000000f95a700000) (1024K)]
  0x0000022da5337bf0 JavaThread "jar transforms Thread 8"           [_thread_blocked, id=2132, stack(0x000000f95a700000,0x000000f95a800000) (1024K)]
  0x0000022da8101f90 JavaThread "Unconstrained build operations Thread 16"        [_thread_blocked, id=9880, stack(0x000000f95a800000,0x000000f95a900000) (1024K)]
  0x0000022da8103340 JavaThread "Unconstrained build operations Thread 17"        [_thread_blocked, id=17696, stack(0x000000f95a900000,0x000000f95aa00000) (1024K)]
  0x0000022da8104060 JavaThread "Unconstrained build operations Thread 18"        [_thread_blocked, id=1180, stack(0x000000f95aa00000,0x000000f95ab00000) (1024K)]
  0x0000022da8108f20 JavaThread "Unconstrained build operations Thread 19"        [_thread_blocked, id=18212, stack(0x000000f95ab00000,0x000000f95ac00000) (1024K)]
  0x0000022da8108200 JavaThread "Unconstrained build operations Thread 20"        [_thread_blocked, id=15060, stack(0x000000f95ac00000,0x000000f95ad00000) (1024K)]
  0x0000022da8104d80 JavaThread "Unconstrained build operations Thread 21"        [_thread_blocked, id=19568, stack(0x000000f95ad00000,0x000000f95ae00000) (1024K)]
  0x0000022da81067c0 JavaThread "Unconstrained build operations Thread 22"        [_thread_blocked, id=20492, stack(0x000000f95ae00000,0x000000f95af00000) (1024K)]
  0x0000022da8105410 JavaThread "Unconstrained build operations Thread 23"        [_thread_blocked, id=12300, stack(0x000000f95af00000,0x000000f95b000000) (1024K)]
  0x0000022da8106e50 JavaThread "Unconstrained build operations Thread 24"        [_thread_blocked, id=10460, stack(0x000000f95b000000,0x000000f95b100000) (1024K)]
  0x0000022da8105aa0 JavaThread "Unconstrained build operations Thread 25"        [_thread_blocked, id=23164, stack(0x000000f95b100000,0x000000f95b200000) (1024K)]
  0x0000022da8106130 JavaThread "Unconstrained build operations Thread 26"        [_thread_blocked, id=20196, stack(0x000000f95b200000,0x000000f95b300000) (1024K)]
  0x0000022da81074e0 JavaThread "Unconstrained build operations Thread 27"        [_thread_blocked, id=3984, stack(0x000000f95b300000,0x000000f95b400000) (1024K)]
  0x0000022da8107b70 JavaThread "Unconstrained build operations Thread 28"        [_thread_blocked, id=17632, stack(0x000000f95b400000,0x000000f95b500000) (1024K)]
  0x0000022da8108890 JavaThread "Unconstrained build operations Thread 29"        [_thread_blocked, id=12020, stack(0x000000f95b500000,0x000000f95b600000) (1024K)]
  0x0000022da81095b0 JavaThread "Unconstrained build operations Thread 30"        [_thread_blocked, id=19888, stack(0x000000f95b600000,0x000000f95b700000) (1024K)]
  0x0000022da8102620 JavaThread "Unconstrained build operations Thread 31"        [_thread_blocked, id=19428, stack(0x000000f95b700000,0x000000f95b800000) (1024K)]
  0x0000022da7ce01a0 JavaThread "Unconstrained build operations Thread 32"        [_thread_blocked, id=19808, stack(0x000000f95b800000,0x000000f95b900000) (1024K)]
  0x0000022da7cdfb10 JavaThread "Unconstrained build operations Thread 33"        [_thread_blocked, id=1116, stack(0x000000f95b900000,0x000000f95ba00000) (1024K)]
  0x0000022da7cdedf0 JavaThread "Unconstrained build operations Thread 34"        [_thread_blocked, id=24540, stack(0x000000f95ba00000,0x000000f95bb00000) (1024K)]
  0x0000022da7cdc690 JavaThread "Unconstrained build operations Thread 35"        [_thread_blocked, id=23908, stack(0x000000f95bb00000,0x000000f95bc00000) (1024K)]
  0x0000022da7ce2f90 JavaThread "Unconstrained build operations Thread 36"        [_thread_blocked, id=21656, stack(0x000000f95bc00000,0x000000f95bd00000) (1024K)]
  0x0000022da7cdd3b0 JavaThread "build event listener"              [_thread_blocked, id=3516, stack(0x000000f95bd00000,0x000000f95be00000) (1024K)]
  0x0000022da7cde760 JavaThread "Memory manager"                    [_thread_blocked, id=4248, stack(0x000000f95be00000,0x000000f95bf00000) (1024K)]
  0x0000022dab1205b0 JavaThread "build event listener"              [_thread_blocked, id=20896, stack(0x000000f955e00000,0x000000f955f00000) (1024K)]
  0x0000022da6029a60 JavaThread "C2 CompilerThread2"         daemon [_thread_blocked, id=15392, stack(0x000000f959200000,0x000000f959300000) (1024K)]
  0x0000022da7cdf480 JavaThread "included builds"                   [_thread_blocked, id=23448, stack(0x000000f95bf00000,0x000000f95c000000) (1024K)]
  0x0000022da614c9f0 JavaThread "Execution worker"                  [_thread_blocked, id=6660, stack(0x000000f95c000000,0x000000f95c100000) (1024K)]
  0x0000022da614f7e0 JavaThread "Execution worker Thread 2"         [_thread_blocked, id=4112, stack(0x000000f95c100000,0x000000f95c200000) (1024K)]
  0x0000022da614d710 JavaThread "Execution worker Thread 3"         [_thread_blocked, id=15260, stack(0x000000f95c200000,0x000000f95c300000) (1024K)]
  0x0000022da614eac0 JavaThread "Execution worker Thread 4"         [_thread_blocked, id=13620, stack(0x000000f95c300000,0x000000f95c400000) (1024K)]
  0x0000022da6150500 JavaThread "Execution worker Thread 5"         [_thread_blocked, id=13516, stack(0x000000f95c400000,0x000000f95c500000) (1024K)]
  0x0000022da614f150 JavaThread "Execution worker Thread 6"         [_thread_blocked, id=11580, stack(0x000000f95c500000,0x000000f95c600000) (1024K)]
  0x0000022da614a290 JavaThread "Execution worker Thread 7"         [_thread_blocked, id=13344, stack(0x000000f95c600000,0x000000f95c700000) (1024K)]
  0x0000022da614fe70 JavaThread "Cache worker for execution history cache (C:\Users\DELL\AndroidStudioProjects\IoTApplication\.gradle\8.11.1\executionHistory)"        [_thread_blocked, id=24100, stack(0x000000f95c700000,0x000000f95c800000) (1024K)]
  0x0000022da614a920 JavaThread "Unconstrained build operations Thread 37"        [_thread_blocked, id=23364, stack(0x000000f95c800000,0x000000f95c900000) (1024K)]
  0x0000022da614b640 JavaThread "Unconstrained build operations Thread 38"        [_thread_blocked, id=19840, stack(0x000000f95c900000,0x000000f95ca00000) (1024K)]
  0x0000022da614c360 JavaThread "Unconstrained build operations Thread 39"        [_thread_blocked, id=20848, stack(0x000000f95ca00000,0x000000f95cb00000) (1024K)]
  0x0000022dab121960 JavaThread "Unconstrained build operations Thread 40"        [_thread_blocked, id=16712, stack(0x000000f95cb00000,0x000000f95cc00000) (1024K)]
  0x0000022dab121ff0 JavaThread "Unconstrained build operations Thread 41"        [_thread_blocked, id=9040, stack(0x000000f95cc00000,0x000000f95cd00000) (1024K)]
  0x0000022dab122680 JavaThread "Unconstrained build operations Thread 42"        [_thread_blocked, id=16432, stack(0x000000f95cd00000,0x000000f95ce00000) (1024K)]
  0x0000022dab1233a0 JavaThread "Unconstrained build operations Thread 43"        [_thread_blocked, id=15508, stack(0x000000f95ce00000,0x000000f95cf00000) (1024K)]
  0x0000022dab126eb0 JavaThread "Unconstrained build operations Thread 44"        [_thread_blocked, id=8060, stack(0x000000f95cf00000,0x000000f95d000000) (1024K)]
  0x0000022dab123a30 JavaThread "Unconstrained build operations Thread 45"        [_thread_blocked, id=22956, stack(0x000000f95d000000,0x000000f95d100000) (1024K)]
  0x0000022dab127bd0 JavaThread "Unconstrained build operations Thread 46"        [_thread_blocked, id=6772, stack(0x000000f95d100000,0x000000f95d200000) (1024K)]
  0x0000022dab1240c0 JavaThread "Unconstrained build operations Thread 47"        [_thread_blocked, id=2736, stack(0x000000f95d200000,0x000000f95d300000) (1024K)]
  0x0000022dab124de0 JavaThread "Unconstrained build operations Thread 48"        [_thread_blocked, id=14196, stack(0x000000f95d300000,0x000000f95d400000) (1024K)]
  0x0000022da81039d0 JavaThread "Unconstrained build operations Thread 49"        [_thread_blocked, id=2984, stack(0x000000f95d400000,0x000000f95d500000) (1024K)]
  0x0000022da78b20c0 JavaThread "Unconstrained build operations Thread 50"        [_thread_blocked, id=1836, stack(0x000000f95d500000,0x000000f95d600000) (1024K)]
  0x0000022da8d5a490 JavaThread "Unconstrained build operations Thread 51"        [_thread_blocked, id=8276, stack(0x000000f95d600000,0x000000f95d700000) (1024K)]
  0x0000022da8d5b1b0 JavaThread "Unconstrained build operations Thread 52"        [_thread_blocked, id=8348, stack(0x000000f95d700000,0x000000f95d800000) (1024K)]
  0x0000022da8e23280 JavaThread "Unconstrained build operations Thread 53"        [_thread_blocked, id=22376, stack(0x000000f95d800000,0x000000f95d900000) (1024K)]
  0x0000022da8e20490 JavaThread "Unconstrained build operations Thread 54"        [_thread_blocked, id=13524, stack(0x000000f95d900000,0x000000f95da00000) (1024K)]
  0x0000022da8e23910 JavaThread "Unconstrained build operations Thread 55"        [_thread_blocked, id=18672, stack(0x000000f95da00000,0x000000f95db00000) (1024K)]
  0x0000022da8e211b0 JavaThread "Unconstrained build operations Thread 56"        [_thread_blocked, id=15388, stack(0x000000f95db00000,0x000000f95dc00000) (1024K)]
  0x0000022da8e20b20 JavaThread "Unconstrained build operations Thread 57"        [_thread_blocked, id=2200, stack(0x000000f95dc00000,0x000000f95dd00000) (1024K)]
  0x0000022da8e1f770 JavaThread "Unconstrained build operations Thread 58"        [_thread_blocked, id=5664, stack(0x000000f95dd00000,0x000000f95de00000) (1024K)]
  0x0000022da8e23fa0 JavaThread "Unconstrained build operations Thread 59"        [_thread_blocked, id=9120, stack(0x000000f95de00000,0x000000f95df00000) (1024K)]
  0x0000022da8e1f0e0 JavaThread "Unconstrained build operations Thread 60"        [_thread_blocked, id=8604, stack(0x000000f95df00000,0x000000f95e000000) (1024K)]
  0x0000022da8e21840 JavaThread "Unconstrained build operations Thread 61"        [_thread_blocked, id=3556, stack(0x000000f95e000000,0x000000f95e100000) (1024K)]
  0x0000022da8e24630 JavaThread "Unconstrained build operations Thread 62"        [_thread_blocked, id=19728, stack(0x000000f95e100000,0x000000f95e200000) (1024K)]
  0x0000022da8e21ed0 JavaThread "Unconstrained build operations Thread 63"        [_thread_blocked, id=4268, stack(0x000000f95e200000,0x000000f95e300000) (1024K)]
  0x0000022da8e22560 JavaThread "Unconstrained build operations Thread 64"        [_thread_blocked, id=444, stack(0x000000f95e300000,0x000000f95e400000) (1024K)]
  0x0000022da8e1d6a0 JavaThread "Unconstrained build operations Thread 65"        [_thread_blocked, id=17036, stack(0x000000f95e400000,0x000000f95e500000) (1024K)]
  0x0000022da8e24cc0 JavaThread "Unconstrained build operations Thread 66"        [_thread_blocked, id=9368, stack(0x000000f95e500000,0x000000f95e600000) (1024K)]
  0x0000022da8e22bf0 JavaThread "Unconstrained build operations Thread 67"        [_thread_blocked, id=6512, stack(0x000000f95e600000,0x000000f95e700000) (1024K)]
  0x0000022da8d5cbf0 JavaThread "Unconstrained build operations Thread 68"        [_thread_blocked, id=1856, stack(0x000000f95e700000,0x000000f95e800000) (1024K)]
  0x0000022da8d590e0 JavaThread "Unconstrained build operations Thread 69"        [_thread_blocked, id=3752, stack(0x000000f95e800000,0x000000f95e900000) (1024K)]
  0x0000022da8d5d910 JavaThread "Unconstrained build operations Thread 70"        [_thread_blocked, id=14824, stack(0x000000f95e900000,0x000000f95ea00000) (1024K)]
  0x0000022da8d59770 JavaThread "Unconstrained build operations Thread 71"        [_thread_blocked, id=23280, stack(0x000000f95ea00000,0x000000f95eb00000) (1024K)]
  0x0000022da8d576a0 JavaThread "Unconstrained build operations Thread 72"        [_thread_blocked, id=14932, stack(0x000000f95eb00000,0x000000f95ec00000) (1024K)]
  0x0000022da8d5ab20 JavaThread "Unconstrained build operations Thread 73"        [_thread_blocked, id=11048, stack(0x000000f95ec00000,0x000000f95ed00000) (1024K)]
  0x0000022da8d5bed0 JavaThread "Unconstrained build operations Thread 74"        [_thread_blocked, id=15520, stack(0x000000f95ed00000,0x000000f95ee00000) (1024K)]
  0x0000022da8d59e00 JavaThread "Unconstrained build operations Thread 75"        [_thread_blocked, id=14992, stack(0x000000f95ee00000,0x000000f95ef00000) (1024K)]
  0x0000022da8d56980 JavaThread "Unconstrained build operations Thread 76"        [_thread_blocked, id=6880, stack(0x000000f95ef00000,0x000000f95f000000) (1024K)]
  0x0000022da8d5dfa0 JavaThread "Unconstrained build operations Thread 77"        [_thread_blocked, id=6196, stack(0x000000f95f000000,0x000000f95f100000) (1024K)]
  0x0000022da8d57010 JavaThread "Unconstrained build operations Thread 78"        [_thread_blocked, id=16136, stack(0x000000f95f100000,0x000000f95f200000) (1024K)]
  0x0000022da8d583c0 JavaThread "Unconstrained build operations Thread 79"        [_thread_blocked, id=22784, stack(0x000000f95f200000,0x000000f95f300000) (1024K)]
  0x0000022da8d57d30 JavaThread "Unconstrained build operations Thread 80"        [_thread_blocked, id=22040, stack(0x000000f95f300000,0x000000f95f400000) (1024K)]
  0x0000022da8e1dd30 JavaThread "WorkerExecutor Queue"              [_thread_blocked, id=21036, stack(0x000000f95f400000,0x000000f95f500000) (1024K)]
  0x0000022da8e1fe00 JavaThread "WorkerExecutor Queue Thread 2"        [_thread_blocked, id=2364, stack(0x000000f95f500000,0x000000f95f600000) (1024K)]
  0x0000022da8d5b840 JavaThread "pool-3-thread-1"                   [_thread_blocked, id=15336, stack(0x000000f95f600000,0x000000f95f700000) (1024K)]
  0x0000022da8102cb0 JavaThread "stderr"                            [_thread_in_native, id=8280, stack(0x000000f95f700000,0x000000f95f800000) (1024K)]
  0x0000022dab5c0da0 JavaThread "stdout"                            [_thread_in_native, id=23068, stack(0x000000f95f800000,0x000000f95f900000) (1024K)]
  0x0000022dab5c1430 JavaThread "WorkerExecutor Queue Thread 3"        [_thread_blocked, id=5180, stack(0x000000f95f900000,0x000000f95fa00000) (1024K)]
  0x0000022dab5c27e0 JavaThread "WorkerExecutor Queue Thread 4"        [_thread_blocked, id=20516, stack(0x000000f95fa00000,0x000000f95fb00000) (1024K)]
Total: 141

Other Threads:
=>0x0000022d9daf9d10 VMThread "VM Thread"                           [id=18756, stack(0x000000f956700000,0x000000f956800000) (1024K)]
  0x0000022d9d96b7a0 WatcherThread "VM Periodic Task Thread"        [id=16632, stack(0x000000f956600000,0x000000f956700000) (1024K)]
  0x0000022d862a61a0 WorkerThread "GC Thread#0"                     [id=10256, stack(0x000000f956100000,0x000000f956200000) (1024K)]
  0x0000022da2509eb0 WorkerThread "GC Thread#1"                     [id=17648, stack(0x000000f957400000,0x000000f957500000) (1024K)]
  0x0000022da2166e90 WorkerThread "GC Thread#2"                     [id=6824, stack(0x000000f957500000,0x000000f957600000) (1024K)]
  0x0000022da2167230 WorkerThread "GC Thread#3"                     [id=16980, stack(0x000000f957600000,0x000000f957700000) (1024K)]
  0x0000022da21675d0 WorkerThread "GC Thread#4"                     [id=23724, stack(0x000000f957700000,0x000000f957800000) (1024K)]
  0x0000022da2262ee0 WorkerThread "GC Thread#5"                     [id=7052, stack(0x000000f957800000,0x000000f957900000) (1024K)]
  0x0000022da2b3d360 WorkerThread "GC Thread#6"                     [id=9756, stack(0x000000f957900000,0x000000f957a00000) (1024K)]
  0x0000022da2b3ba00 WorkerThread "GC Thread#7"                     [id=7064, stack(0x000000f958400000,0x000000f958500000) (1024K)]
  0x0000022d862b7180 ConcurrentGCThread "G1 Main Marker"            [id=5736, stack(0x000000f956200000,0x000000f956300000) (1024K)]
  0x0000022d862b7c80 WorkerThread "G1 Conc#0"                       [id=11892, stack(0x000000f956300000,0x000000f956400000) (1024K)]
  0x0000022da3c4e490 WorkerThread "G1 Conc#1"                       [id=11412, stack(0x000000f958500000,0x000000f958600000) (1024K)]
  0x0000022d9d83b2f0 ConcurrentGCThread "G1 Refine#0"               [id=11396, stack(0x000000f956400000,0x000000f956500000) (1024K)]
  0x0000022d9d83bd70 ConcurrentGCThread "G1 Service"                [id=16156, stack(0x000000f956500000,0x000000f956600000) (1024K)]
Total: 15

Threads with active compile tasks:
C2 CompilerThread0  34806 14313       4       org.gradle.internal.logging.progress.DefaultProgressLoggerFactory$ProgressLoggerImpl::completed (61 bytes)
C2 CompilerThread1  34806 14295   !   4       sun.nio.fs.WindowsNativeDispatcher::FindFirstFile (75 bytes)
Total: 2

VM state: at safepoint (normal execution)

VM Mutex/Monitor currently owned by a thread:  ([mutex/lock_event])
[0x00007fffeb4c85b8] Threads_lock - owner thread: 0x0000022d9daf9d10
[0x00007fffeb4c86b8] Heap_lock - owner thread: 0x0000022d862b7180

Heap address: 0x0000000080000000, size: 2048 MB, Compressed Oops mode: 32-bit

CDS archive(s) not mapped
Compressed class space mapped at: 0x0000000100000000-0x0000000140000000, reserved size: 1073741824
Narrow klass base: 0x0000000000000000, Narrow klass shift: 3, Narrow klass range: 0x140000000

GC Precious Log:
 CardTable entry size: 512
 Card Set container configuration: InlinePtr #cards 5 size 8 Array Of Cards #cards 12 size 40 Howl #buckets 4 coarsen threshold 1843 Howl Bitmap #cards 512 size 80 coarsen threshold 460 Card regions per heap region 1 cards per card region 2048
 CPUs: 8 total, 8 available
 Memory: 16126M
 Large Page Support: Disabled
 NUMA Support: Disabled
 Compressed Oops: Enabled (32-bit)
 Heap Region Size: 1M
 Heap Min Capacity: 8M
 Heap Initial Capacity: 252M
 Heap Max Capacity: 2G
 Pre-touch: Disabled
 Parallel Workers: 8
 Concurrent Workers: 2
 Concurrent Refinement Workers: 8
 Periodic GC: Disabled

Heap:
 garbage-first heap   total 264192K, used 201208K [0x0000000080000000, 0x0000000100000000)
  region size 1024K, 21 young (21504K), 7 survivors (7168K)
 Metaspace       used 119702K, committed 121920K, reserved 1179648K
  class space    used 16943K, committed 18048K, reserved 1048576K

Heap Regions: E=young(eden), S=young(survivor), O=old, HS=humongous(starts), HC=humongous(continues), CS=collection set, F=free, TAMS=top-at-mark-start, PB=parsable bottom
|   0|0x0000000080000000, 0x0000000080100000, 0x0000000080100000|100%| O|  |TAMS 0x0000000080100000| PB 0x0000000080100000| Updating 
|   1|0x0000000080100000, 0x0000000080200000, 0x0000000080200000|100%|HS|  |TAMS 0x0000000080200000| PB 0x0000000080100000| Complete 
|   2|0x0000000080200000, 0x0000000080300000, 0x0000000080300000|100%|HC|  |TAMS 0x0000000080300000| PB 0x0000000080200000| Complete 
|   3|0x0000000080300000, 0x0000000080400000, 0x0000000080400000|100%|HC|  |TAMS 0x0000000080400000| PB 0x0000000080300000| Complete 
|   4|0x0000000080400000, 0x0000000080500000, 0x0000000080500000|100%| O|  |TAMS 0x0000000080500000| PB 0x0000000080500000| Untracked 
|   5|0x0000000080500000, 0x0000000080600000, 0x0000000080600000|100%| O|  |TAMS 0x0000000080600000| PB 0x0000000080600000| Untracked 
|   6|0x0000000080600000, 0x0000000080700000, 0x0000000080700000|100%| O|  |TAMS 0x0000000080700000| PB 0x0000000080700000| Untracked 
|   7|0x0000000080700000, 0x0000000080800000, 0x0000000080800000|100%|HS|  |TAMS 0x0000000080800000| PB 0x0000000080700000| Complete 
|   8|0x0000000080800000, 0x0000000080900000, 0x0000000080900000|100%| O|  |TAMS 0x0000000080900000| PB 0x0000000080900000| Untracked 
|   9|0x0000000080900000, 0x0000000080a00000, 0x0000000080a00000|100%| O|  |TAMS 0x0000000080a00000| PB 0x0000000080a00000| Updating 
|  10|0x0000000080a00000, 0x0000000080b00000, 0x0000000080b00000|100%| O|  |TAMS 0x0000000080b00000| PB 0x0000000080b00000| Untracked 
|  11|0x0000000080b00000, 0x0000000080c00000, 0x0000000080c00000|100%| O|  |TAMS 0x0000000080c00000| PB 0x0000000080c00000| Untracked 
|  12|0x0000000080c00000, 0x0000000080d00000, 0x0000000080d00000|100%| O|  |TAMS 0x0000000080d00000| PB 0x0000000080d00000| Untracked 
|  13|0x0000000080d00000, 0x0000000080e00000, 0x0000000080e00000|100%| O|  |TAMS 0x0000000080e00000| PB 0x0000000080e00000| Untracked 
|  14|0x0000000080e00000, 0x0000000080f00000, 0x0000000080f00000|100%| O|  |TAMS 0x0000000080f00000| PB 0x0000000080f00000| Untracked 
|  15|0x0000000080f00000, 0x0000000081000000, 0x0000000081000000|100%| O|  |TAMS 0x0000000081000000| PB 0x0000000081000000| Untracked 
|  16|0x0000000081000000, 0x0000000081100000, 0x0000000081100000|100%| O|  |TAMS 0x0000000081100000| PB 0x0000000081100000| Untracked 
|  17|0x0000000081100000, 0x0000000081200000, 0x0000000081200000|100%| O|  |TAMS 0x0000000081200000| PB 0x0000000081200000| Untracked 
|  18|0x0000000081200000, 0x0000000081300000, 0x0000000081300000|100%| O|  |TAMS 0x0000000081300000| PB 0x0000000081300000| Untracked 
|  19|0x0000000081300000, 0x0000000081400000, 0x0000000081400000|100%| O|  |TAMS 0x0000000081400000| PB 0x0000000081400000| Untracked 
|  20|0x0000000081400000, 0x0000000081500000, 0x0000000081500000|100%| O|  |TAMS 0x0000000081500000| PB 0x0000000081500000| Updating 
|  21|0x0000000081500000, 0x0000000081600000, 0x0000000081600000|100%| O|  |TAMS 0x0000000081600000| PB 0x0000000081600000| Untracked 
|  22|0x0000000081600000, 0x0000000081700000, 0x0000000081700000|100%| O|  |TAMS 0x0000000081700000| PB 0x0000000081700000| Updating 
|  23|0x0000000081700000, 0x0000000081800000, 0x0000000081800000|100%| O|  |TAMS 0x0000000081800000| PB 0x0000000081800000| Untracked 
|  24|0x0000000081800000, 0x0000000081900000, 0x0000000081900000|100%| O|  |TAMS 0x0000000081900000| PB 0x0000000081900000| Untracked 
|  25|0x0000000081900000, 0x0000000081a00000, 0x0000000081a00000|100%| O|  |TAMS 0x0000000081a00000| PB 0x0000000081a00000| Updating 
|  26|0x0000000081a00000, 0x0000000081b00000, 0x0000000081b00000|100%| O|  |TAMS 0x0000000081b00000| PB 0x0000000081b00000| Untracked 
|  27|0x0000000081b00000, 0x0000000081c00000, 0x0000000081c00000|100%| O|  |TAMS 0x0000000081c00000| PB 0x0000000081c00000| Updating 
|  28|0x0000000081c00000, 0x0000000081d00000, 0x0000000081d00000|100%|HS|  |TAMS 0x0000000081d00000| PB 0x0000000081c00000| Complete 
|  29|0x0000000081d00000, 0x0000000081e00000, 0x0000000081e00000|100%|HC|  |TAMS 0x0000000081e00000| PB 0x0000000081d00000| Complete 
|  30|0x0000000081e00000, 0x0000000081f00000, 0x0000000081f00000|100%| O|  |TAMS 0x0000000081f00000| PB 0x0000000081f00000| Untracked 
|  31|0x0000000081f00000, 0x0000000082000000, 0x0000000082000000|100%| O|  |TAMS 0x0000000082000000| PB 0x0000000082000000| Untracked 
|  32|0x0000000082000000, 0x0000000082100000, 0x0000000082100000|100%| O|  |TAMS 0x0000000082100000| PB 0x0000000082100000| Untracked 
|  33|0x0000000082100000, 0x0000000082200000, 0x0000000082200000|100%| O|  |TAMS 0x0000000082200000| PB 0x0000000082200000| Untracked 
|  34|0x0000000082200000, 0x0000000082300000, 0x0000000082300000|100%| O|  |TAMS 0x0000000082300000| PB 0x0000000082300000| Updating 
|  35|0x0000000082300000, 0x0000000082400000, 0x0000000082400000|100%| O|  |TAMS 0x0000000082400000| PB 0x0000000082400000| Untracked 
|  36|0x0000000082400000, 0x0000000082500000, 0x0000000082500000|100%| O|  |TAMS 0x0000000082500000| PB 0x0000000082500000| Untracked 
|  37|0x0000000082500000, 0x0000000082600000, 0x0000000082600000|100%| O|  |TAMS 0x0000000082600000| PB 0x0000000082600000| Untracked 
|  38|0x0000000082600000, 0x0000000082700000, 0x0000000082700000|100%| O|  |TAMS 0x0000000082700000| PB 0x0000000082700000| Updating 
|  39|0x0000000082700000, 0x0000000082800000, 0x0000000082800000|100%| O|  |TAMS 0x0000000082800000| PB 0x0000000082800000| Untracked 
|  40|0x0000000082800000, 0x0000000082900000, 0x0000000082900000|100%| O|  |TAMS 0x0000000082900000| PB 0x0000000082900000| Untracked 
|  41|0x0000000082900000, 0x0000000082a00000, 0x0000000082a00000|100%| O|  |TAMS 0x0000000082a00000| PB 0x0000000082a00000| Untracked 
|  42|0x0000000082a00000, 0x0000000082b00000, 0x0000000082b00000|100%| O|  |TAMS 0x0000000082b00000| PB 0x0000000082b00000| Untracked 
|  43|0x0000000082b00000, 0x0000000082c00000, 0x0000000082c00000|100%| O|  |TAMS 0x0000000082c00000| PB 0x0000000082c00000| Untracked 
|  44|0x0000000082c00000, 0x0000000082d00000, 0x0000000082d00000|100%| O|  |TAMS 0x0000000082d00000| PB 0x0000000082d00000| Updating 
|  45|0x0000000082d00000, 0x0000000082e00000, 0x0000000082e00000|100%| O|  |TAMS 0x0000000082e00000| PB 0x0000000082e00000| Untracked 
|  46|0x0000000082e00000, 0x0000000082f00000, 0x0000000082f00000|100%| O|  |TAMS 0x0000000082f00000| PB 0x0000000082f00000| Untracked 
|  47|0x0000000082f00000, 0x0000000083000000, 0x0000000083000000|100%| O|  |TAMS 0x0000000083000000| PB 0x0000000083000000| Updating 
|  48|0x0000000083000000, 0x0000000083100000, 0x0000000083100000|100%| O|  |TAMS 0x0000000083100000| PB 0x0000000083100000| Updating 
|  49|0x0000000083100000, 0x0000000083200000, 0x0000000083200000|100%| O|  |TAMS 0x0000000083200000| PB 0x0000000083200000| Untracked 
|  50|0x0000000083200000, 0x0000000083300000, 0x0000000083300000|100%| O|  |TAMS 0x0000000083300000| PB 0x0000000083300000| Updating 
|  51|0x0000000083300000, 0x0000000083400000, 0x0000000083400000|100%| O|  |TAMS 0x0000000083400000| PB 0x0000000083400000| Updating 
|  52|0x0000000083400000, 0x0000000083500000, 0x0000000083500000|100%| O|  |TAMS 0x0000000083500000| PB 0x0000000083500000| Untracked 
|  53|0x0000000083500000, 0x0000000083600000, 0x0000000083600000|100%| O|  |TAMS 0x0000000083600000| PB 0x0000000083600000| Updating 
|  54|0x0000000083600000, 0x0000000083700000, 0x0000000083700000|100%| O|  |TAMS 0x0000000083700000| PB 0x0000000083700000| Updating 
|  55|0x0000000083700000, 0x0000000083800000, 0x0000000083800000|100%|HS|  |TAMS 0x0000000083800000| PB 0x0000000083700000| Complete 
|  56|0x0000000083800000, 0x0000000083900000, 0x0000000083900000|100%|HS|  |TAMS 0x0000000083900000| PB 0x0000000083800000| Complete 
|  57|0x0000000083900000, 0x0000000083a00000, 0x0000000083a00000|100%|HS|  |TAMS 0x0000000083a00000| PB 0x0000000083900000| Complete 
|  58|0x0000000083a00000, 0x0000000083b00000, 0x0000000083b00000|100%|HC|  |TAMS 0x0000000083b00000| PB 0x0000000083a00000| Complete 
|  59|0x0000000083b00000, 0x0000000083c00000, 0x0000000083c00000|100%|HS|  |TAMS 0x0000000083c00000| PB 0x0000000083b00000| Complete 
|  60|0x0000000083c00000, 0x0000000083d00000, 0x0000000083d00000|100%|HC|  |TAMS 0x0000000083d00000| PB 0x0000000083c00000| Complete 
|  61|0x0000000083d00000, 0x0000000083e00000, 0x0000000083e00000|100%|HS|  |TAMS 0x0000000083e00000| PB 0x0000000083d00000| Complete 
|  62|0x0000000083e00000, 0x0000000083f00000, 0x0000000083f00000|100%|HS|  |TAMS 0x0000000083f00000| PB 0x0000000083e00000| Complete 
|  63|0x0000000083f00000, 0x0000000084000000, 0x0000000084000000|100%|HC|  |TAMS 0x0000000084000000| PB 0x0000000083f00000| Complete 
|  64|0x0000000084000000, 0x0000000084100000, 0x0000000084100000|100%|HC|  |TAMS 0x0000000084100000| PB 0x0000000084000000| Complete 
|  65|0x0000000084100000, 0x0000000084200000, 0x0000000084200000|100%|HS|  |TAMS 0x0000000084200000| PB 0x0000000084100000| Complete 
|  66|0x0000000084200000, 0x0000000084300000, 0x0000000084300000|100%| O|  |TAMS 0x0000000084300000| PB 0x0000000084300000| Untracked 
|  67|0x0000000084300000, 0x0000000084400000, 0x0000000084400000|100%|HS|  |TAMS 0x0000000084400000| PB 0x0000000084300000| Complete 
|  68|0x0000000084400000, 0x0000000084500000, 0x0000000084500000|100%|HS|  |TAMS 0x0000000084500000| PB 0x0000000084400000| Complete 
|  69|0x0000000084500000, 0x0000000084600000, 0x0000000084600000|100%| O|  |TAMS 0x0000000084600000| PB 0x0000000084600000| Untracked 
|  70|0x0000000084600000, 0x0000000084700000, 0x0000000084700000|100%| O|  |TAMS 0x0000000084700000| PB 0x0000000084700000| Untracked 
|  71|0x0000000084700000, 0x0000000084800000, 0x0000000084800000|100%| O|  |TAMS 0x0000000084800000| PB 0x0000000084800000| Untracked 
|  72|0x0000000084800000, 0x0000000084900000, 0x0000000084900000|100%| O|  |TAMS 0x0000000084900000| PB 0x0000000084900000| Untracked 
|  73|0x0000000084900000, 0x0000000084a00000, 0x0000000084a00000|100%| O|  |TAMS 0x0000000084a00000| PB 0x0000000084a00000| Updating 
|  74|0x0000000084a00000, 0x0000000084b00000, 0x0000000084b00000|100%| O|  |TAMS 0x0000000084b00000| PB 0x0000000084b00000| Untracked 
|  75|0x0000000084b00000, 0x0000000084c00000, 0x0000000084c00000|100%| O|  |TAMS 0x0000000084c00000| PB 0x0000000084c00000| Untracked 
|  76|0x0000000084c00000, 0x0000000084d00000, 0x0000000084d00000|100%|HS|  |TAMS 0x0000000084d00000| PB 0x0000000084c00000| Complete 
|  77|0x0000000084d00000, 0x0000000084e00000, 0x0000000084e00000|100%| O|  |TAMS 0x0000000084e00000| PB 0x0000000084e00000| Untracked 
|  78|0x0000000084e00000, 0x0000000084f00000, 0x0000000084f00000|100%| O|  |TAMS 0x0000000084f00000| PB 0x0000000084f00000| Untracked 
|  79|0x0000000084f00000, 0x0000000085000000, 0x0000000085000000|100%| O|  |TAMS 0x0000000085000000| PB 0x0000000085000000| Untracked 
|  80|0x0000000085000000, 0x0000000085100000, 0x0000000085100000|100%| O|  |TAMS 0x0000000085100000| PB 0x0000000085100000| Untracked 
|  81|0x0000000085100000, 0x0000000085200000, 0x0000000085200000|100%| O|  |TAMS 0x0000000085200000| PB 0x0000000085200000| Updating 
|  82|0x0000000085200000, 0x0000000085300000, 0x0000000085300000|100%|HS|  |TAMS 0x0000000085300000| PB 0x0000000085200000| Complete 
|  83|0x0000000085300000, 0x0000000085400000, 0x0000000085400000|100%|HC|  |TAMS 0x0000000085400000| PB 0x0000000085300000| Complete 
|  84|0x0000000085400000, 0x0000000085500000, 0x0000000085500000|100%|HC|  |TAMS 0x0000000085500000| PB 0x0000000085400000| Complete 
|  85|0x0000000085500000, 0x0000000085600000, 0x0000000085600000|100%| O|  |TAMS 0x0000000085600000| PB 0x0000000085600000| Untracked 
|  86|0x0000000085600000, 0x0000000085700000, 0x0000000085700000|100%| O|  |TAMS 0x0000000085700000| PB 0x0000000085700000| Untracked 
|  87|0x0000000085700000, 0x0000000085800000, 0x0000000085800000|100%| O|  |TAMS 0x0000000085800000| PB 0x0000000085800000| Updating 
|  88|0x0000000085800000, 0x0000000085900000, 0x0000000085900000|100%| O|  |TAMS 0x0000000085800000| PB 0x0000000085800000| Untracked 
|  89|0x0000000085900000, 0x0000000085a00000, 0x0000000085a00000|100%| O|  |TAMS 0x0000000085900000| PB 0x0000000085900000| Untracked 
|  90|0x0000000085a00000, 0x0000000085b00000, 0x0000000085b00000|100%| O|  |TAMS 0x0000000085b00000| PB 0x0000000085b00000| Updating 
|  91|0x0000000085b00000, 0x0000000085c00000, 0x0000000085c00000|100%| O|  |TAMS 0x0000000085c00000| PB 0x0000000085c00000| Updating 
|  92|0x0000000085c00000, 0x0000000085d00000, 0x0000000085d00000|100%| O|  |TAMS 0x0000000085d00000| PB 0x0000000085d00000| Untracked 
|  93|0x0000000085d00000, 0x0000000085e00000, 0x0000000085e00000|100%| O|  |TAMS 0x0000000085e00000| PB 0x0000000085e00000| Untracked 
|  94|0x0000000085e00000, 0x0000000085f00000, 0x0000000085f00000|100%| O|  |TAMS 0x0000000085f00000| PB 0x0000000085f00000| Untracked 
|  95|0x0000000085f00000, 0x0000000086000000, 0x0000000086000000|100%| O|  |TAMS 0x0000000086000000| PB 0x0000000086000000| Untracked 
|  96|0x0000000086000000, 0x0000000086100000, 0x0000000086100000|100%| O|  |TAMS 0x0000000086100000| PB 0x0000000086100000| Untracked 
|  97|0x0000000086100000, 0x0000000086200000, 0x0000000086200000|100%| O|  |TAMS 0x0000000086200000| PB 0x0000000086200000| Updating 
|  98|0x0000000086200000, 0x0000000086300000, 0x0000000086300000|100%| O|  |TAMS 0x0000000086300000| PB 0x0000000086300000| Untracked 
|  99|0x0000000086300000, 0x0000000086400000, 0x0000000086400000|100%| O|  |TAMS 0x0000000086400000| PB 0x0000000086400000| Untracked 
| 100|0x0000000086400000, 0x0000000086500000, 0x0000000086500000|100%| O|  |TAMS 0x0000000086500000| PB 0x0000000086500000| Untracked 
| 101|0x0000000086500000, 0x0000000086600000, 0x0000000086600000|100%| O|  |TAMS 0x0000000086600000| PB 0x0000000086600000| Untracked 
| 102|0x0000000086600000, 0x0000000086700000, 0x0000000086700000|100%| O|  |TAMS 0x0000000086700000| PB 0x0000000086700000| Untracked 
| 103|0x0000000086700000, 0x0000000086800000, 0x0000000086800000|100%| O|  |TAMS 0x0000000086800000| PB 0x0000000086800000| Untracked 
| 104|0x0000000086800000, 0x0000000086900000, 0x0000000086900000|100%| O|  |TAMS 0x0000000086900000| PB 0x0000000086900000| Untracked 
| 105|0x0000000086900000, 0x0000000086a00000, 0x0000000086a00000|100%| O|  |TAMS 0x0000000086a00000| PB 0x0000000086a00000| Updating 
| 106|0x0000000086a00000, 0x0000000086b00000, 0x0000000086b00000|100%| O|  |TAMS 0x0000000086b00000| PB 0x0000000086b00000| Untracked 
| 107|0x0000000086b00000, 0x0000000086c00000, 0x0000000086c00000|100%| O|  |TAMS 0x0000000086c00000| PB 0x0000000086c00000| Untracked 
| 108|0x0000000086c00000, 0x0000000086d00000, 0x0000000086d00000|100%| O|  |TAMS 0x0000000086d00000| PB 0x0000000086d00000| Untracked 
| 109|0x0000000086d00000, 0x0000000086e00000, 0x0000000086e00000|100%| O|  |TAMS 0x0000000086e00000| PB 0x0000000086e00000| Updating 
| 110|0x0000000086e00000, 0x0000000086f00000, 0x0000000086f00000|100%| O|  |TAMS 0x0000000086f00000| PB 0x0000000086f00000| Untracked 
| 111|0x0000000086f00000, 0x0000000087000000, 0x0000000087000000|100%| O|  |TAMS 0x0000000086f00000| PB 0x0000000086f00000| Untracked 
| 112|0x0000000087000000, 0x0000000087100000, 0x0000000087100000|100%| O|  |TAMS 0x0000000087100000| PB 0x0000000087100000| Updating 
| 113|0x0000000087100000, 0x0000000087200000, 0x0000000087200000|100%| O|  |TAMS 0x0000000087200000| PB 0x0000000087200000| Untracked 
| 114|0x0000000087200000, 0x0000000087300000, 0x0000000087300000|100%| O|  |TAMS 0x0000000087300000| PB 0x0000000087300000| Updating 
| 115|0x0000000087300000, 0x0000000087400000, 0x0000000087400000|100%| O|  |TAMS 0x0000000087400000| PB 0x0000000087400000| Updating 
| 116|0x0000000087400000, 0x0000000087500000, 0x0000000087500000|100%| O|  |TAMS 0x0000000087500000| PB 0x0000000087500000| Updating 
| 117|0x0000000087500000, 0x0000000087600000, 0x0000000087600000|100%| O|  |TAMS 0x0000000087600000| PB 0x0000000087600000| Updating 
| 118|0x0000000087600000, 0x0000000087700000, 0x0000000087700000|100%| O|  |TAMS 0x0000000087700000| PB 0x0000000087700000| Updating 
| 119|0x0000000087700000, 0x0000000087800000, 0x0000000087800000|100%| O|  |TAMS 0x0000000087700000| PB 0x0000000087700000| Untracked 
| 120|0x0000000087800000, 0x0000000087900000, 0x0000000087900000|100%| O|  |TAMS 0x0000000087800000| PB 0x0000000087800000| Untracked 
| 121|0x0000000087900000, 0x0000000087951b10, 0x0000000087a00000| 31%| O|  |TAMS 0x0000000087900000| PB 0x0000000087900000| Updating 
| 122|0x0000000087a00000, 0x0000000087b00000, 0x0000000087b00000|100%|HS|  |TAMS 0x0000000087a00000| PB 0x0000000087a00000| Complete 
| 123|0x0000000087b00000, 0x0000000087c00000, 0x0000000087c00000|100%|HC|  |TAMS 0x0000000087b00000| PB 0x0000000087b00000| Complete 
| 124|0x0000000087c00000, 0x0000000087d00000, 0x0000000087d00000|100%| O|  |TAMS 0x0000000087d00000| PB 0x0000000087d00000| Updating 
| 125|0x0000000087d00000, 0x0000000087e00000, 0x0000000087e00000|100%| O|  |TAMS 0x0000000087d7d980| PB 0x0000000087d7d980| Updating 
| 126|0x0000000087e00000, 0x0000000087f00000, 0x0000000087f00000|100%|HS|  |TAMS 0x0000000087e00000| PB 0x0000000087e00000| Complete 
| 127|0x0000000087f00000, 0x0000000088000000, 0x0000000088000000|100%|HC|  |TAMS 0x0000000087f00000| PB 0x0000000087f00000| Complete 
| 128|0x0000000088000000, 0x0000000088100000, 0x0000000088100000|100%|HC|  |TAMS 0x0000000088000000| PB 0x0000000088000000| Complete 
| 129|0x0000000088100000, 0x0000000088200000, 0x0000000088200000|100%|HC|  |TAMS 0x0000000088100000| PB 0x0000000088100000| Complete 
| 130|0x0000000088200000, 0x0000000088300000, 0x0000000088300000|100%|HC|  |TAMS 0x0000000088200000| PB 0x0000000088200000| Complete 
| 131|0x0000000088300000, 0x0000000088400000, 0x0000000088400000|100%|HC|  |TAMS 0x0000000088300000| PB 0x0000000088300000| Complete 
| 132|0x0000000088400000, 0x0000000088500000, 0x0000000088500000|100%|HS|  |TAMS 0x0000000088400000| PB 0x0000000088400000| Complete 
| 133|0x0000000088500000, 0x0000000088600000, 0x0000000088600000|100%|HC|  |TAMS 0x0000000088500000| PB 0x0000000088500000| Complete 
| 134|0x0000000088600000, 0x0000000088700000, 0x0000000088700000|100%|HC|  |TAMS 0x0000000088600000| PB 0x0000000088600000| Complete 
| 135|0x0000000088700000, 0x0000000088800000, 0x0000000088800000|100%|HC|  |TAMS 0x0000000088700000| PB 0x0000000088700000| Complete 
| 136|0x0000000088800000, 0x0000000088900000, 0x0000000088900000|100%|HC|  |TAMS 0x0000000088800000| PB 0x0000000088800000| Complete 
| 137|0x0000000088900000, 0x0000000088a00000, 0x0000000088a00000|100%|HS|  |TAMS 0x0000000088900000| PB 0x0000000088900000| Complete 
| 138|0x0000000088a00000, 0x0000000088b00000, 0x0000000088b00000|100%|HS|  |TAMS 0x0000000088a00000| PB 0x0000000088a00000| Complete 
| 139|0x0000000088b00000, 0x0000000088c00000, 0x0000000088c00000|100%|HS|  |TAMS 0x0000000088b00000| PB 0x0000000088b00000| Complete 
| 140|0x0000000088c00000, 0x0000000088c2c640, 0x0000000088d00000| 17%| S|CS|TAMS 0x0000000088c00000| PB 0x0000000088c00000| Complete 
| 141|0x0000000088d00000, 0x0000000088e00000, 0x0000000088e00000|100%| S|CS|TAMS 0x0000000088d00000| PB 0x0000000088d00000| Complete 
| 142|0x0000000088e00000, 0x0000000088f00000, 0x0000000088f00000|100%| S|CS|TAMS 0x0000000088e00000| PB 0x0000000088e00000| Complete 
| 143|0x0000000088f00000, 0x0000000089000000, 0x0000000089000000|100%| S|CS|TAMS 0x0000000088f00000| PB 0x0000000088f00000| Complete 
| 144|0x0000000089000000, 0x0000000089100000, 0x0000000089100000|100%| S|CS|TAMS 0x0000000089000000| PB 0x0000000089000000| Complete 
| 145|0x0000000089100000, 0x0000000089200000, 0x0000000089200000|100%| S|CS|TAMS 0x0000000089100000| PB 0x0000000089100000| Complete 
| 146|0x0000000089200000, 0x0000000089300000, 0x0000000089300000|100%| S|CS|TAMS 0x0000000089200000| PB 0x0000000089200000| Complete 
| 147|0x0000000089300000, 0x0000000089400000, 0x0000000089400000|100%|HS|  |TAMS 0x0000000089300000| PB 0x0000000089300000| Complete 
| 148|0x0000000089400000, 0x0000000089500000, 0x0000000089500000|100%|HC|  |TAMS 0x0000000089400000| PB 0x0000000089400000| Complete 
| 149|0x0000000089500000, 0x0000000089600000, 0x0000000089600000|100%|HS|  |TAMS 0x0000000089500000| PB 0x0000000089500000| Complete 
| 150|0x0000000089600000, 0x0000000089700000, 0x0000000089700000|100%|HC|  |TAMS 0x0000000089600000| PB 0x0000000089600000| Complete 
| 151|0x0000000089700000, 0x0000000089800000, 0x0000000089800000|100%|HS|  |TAMS 0x0000000089700000| PB 0x0000000089700000| Complete 
| 152|0x0000000089800000, 0x0000000089900000, 0x0000000089900000|100%|HC|  |TAMS 0x0000000089800000| PB 0x0000000089800000| Complete 
| 153|0x0000000089900000, 0x0000000089a00000, 0x0000000089a00000|100%|HC|  |TAMS 0x0000000089900000| PB 0x0000000089900000| Complete 
| 154|0x0000000089a00000, 0x0000000089b00000, 0x0000000089b00000|100%|HC|  |TAMS 0x0000000089a00000| PB 0x0000000089a00000| Complete 
| 155|0x0000000089b00000, 0x0000000089c00000, 0x0000000089c00000|100%|HC|  |TAMS 0x0000000089b00000| PB 0x0000000089b00000| Complete 
| 156|0x0000000089c00000, 0x0000000089d00000, 0x0000000089d00000|100%|HC|  |TAMS 0x0000000089c00000| PB 0x0000000089c00000| Complete 
| 157|0x0000000089d00000, 0x0000000089e00000, 0x0000000089e00000|100%|HC|  |TAMS 0x0000000089d00000| PB 0x0000000089d00000| Complete 
| 158|0x0000000089e00000, 0x0000000089f00000, 0x0000000089f00000|100%|HC|  |TAMS 0x0000000089e00000| PB 0x0000000089e00000| Complete 
| 159|0x0000000089f00000, 0x000000008a000000, 0x000000008a000000|100%|HC|  |TAMS 0x0000000089f00000| PB 0x0000000089f00000| Complete 
| 160|0x000000008a000000, 0x000000008a100000, 0x000000008a100000|100%|HC|  |TAMS 0x000000008a000000| PB 0x000000008a000000| Complete 
| 161|0x000000008a100000, 0x000000008a200000, 0x000000008a200000|100%|HC|  |TAMS 0x000000008a100000| PB 0x000000008a100000| Complete 
| 162|0x000000008a200000, 0x000000008a300000, 0x000000008a300000|100%|HC|  |TAMS 0x000000008a200000| PB 0x000000008a200000| Complete 
| 163|0x000000008a300000, 0x000000008a400000, 0x000000008a400000|100%|HC|  |TAMS 0x000000008a300000| PB 0x000000008a300000| Complete 
| 164|0x000000008a400000, 0x000000008a500000, 0x000000008a500000|100%|HC|  |TAMS 0x000000008a400000| PB 0x000000008a400000| Complete 
| 165|0x000000008a500000, 0x000000008a600000, 0x000000008a600000|100%|HC|  |TAMS 0x000000008a500000| PB 0x000000008a500000| Complete 
| 166|0x000000008a600000, 0x000000008a700000, 0x000000008a700000|100%|HC|  |TAMS 0x000000008a600000| PB 0x000000008a600000| Complete 
| 167|0x000000008a700000, 0x000000008a800000, 0x000000008a800000|100%|HC|  |TAMS 0x000000008a700000| PB 0x000000008a700000| Complete 
| 168|0x000000008a800000, 0x000000008a900000, 0x000000008a900000|100%|HC|  |TAMS 0x000000008a800000| PB 0x000000008a800000| Complete 
| 169|0x000000008a900000, 0x000000008aa00000, 0x000000008aa00000|100%|HC|  |TAMS 0x000000008a900000| PB 0x000000008a900000| Complete 
| 170|0x000000008aa00000, 0x000000008ab00000, 0x000000008ab00000|100%|HC|  |TAMS 0x000000008aa00000| PB 0x000000008aa00000| Complete 
| 171|0x000000008ab00000, 0x000000008ac00000, 0x000000008ac00000|100%|HC|  |TAMS 0x000000008ab00000| PB 0x000000008ab00000| Complete 
| 172|0x000000008ac00000, 0x000000008ad00000, 0x000000008ad00000|100%|HC|  |TAMS 0x000000008ac00000| PB 0x000000008ac00000| Complete 
| 173|0x000000008ad00000, 0x000000008ae00000, 0x000000008ae00000|100%|HC|  |TAMS 0x000000008ad00000| PB 0x000000008ad00000| Complete 
| 174|0x000000008ae00000, 0x000000008af00000, 0x000000008af00000|100%|HC|  |TAMS 0x000000008ae00000| PB 0x000000008ae00000| Complete 
| 175|0x000000008af00000, 0x000000008b000000, 0x000000008b000000|100%|HC|  |TAMS 0x000000008af00000| PB 0x000000008af00000| Complete 
| 176|0x000000008b000000, 0x000000008b100000, 0x000000008b100000|100%|HC|  |TAMS 0x000000008b000000| PB 0x000000008b000000| Complete 
| 177|0x000000008b100000, 0x000000008b200000, 0x000000008b200000|100%|HC|  |TAMS 0x000000008b100000| PB 0x000000008b100000| Complete 
| 178|0x000000008b200000, 0x000000008b300000, 0x000000008b300000|100%|HC|  |TAMS 0x000000008b200000| PB 0x000000008b200000| Complete 
| 179|0x000000008b300000, 0x000000008b400000, 0x000000008b400000|100%|HC|  |TAMS 0x000000008b300000| PB 0x000000008b300000| Complete 
| 180|0x000000008b400000, 0x000000008b500000, 0x000000008b500000|100%|HC|  |TAMS 0x000000008b400000| PB 0x000000008b400000| Complete 
| 181|0x000000008b500000, 0x000000008b500000, 0x000000008b600000|  0%| F|  |TAMS 0x000000008b500000| PB 0x000000008b500000| Untracked 
| 182|0x000000008b600000, 0x000000008b600000, 0x000000008b700000|  0%| F|  |TAMS 0x000000008b600000| PB 0x000000008b600000| Untracked 
| 183|0x000000008b700000, 0x000000008b700000, 0x000000008b800000|  0%| F|  |TAMS 0x000000008b700000| PB 0x000000008b700000| Untracked 
| 184|0x000000008b800000, 0x000000008b800000, 0x000000008b900000|  0%| F|  |TAMS 0x000000008b800000| PB 0x000000008b800000| Untracked 
| 185|0x000000008b900000, 0x000000008b900000, 0x000000008ba00000|  0%| F|  |TAMS 0x000000008b900000| PB 0x000000008b900000| Untracked 
| 186|0x000000008ba00000, 0x000000008ba00000, 0x000000008bb00000|  0%| F|  |TAMS 0x000000008ba00000| PB 0x000000008ba00000| Untracked 
| 187|0x000000008bb00000, 0x000000008bb00000, 0x000000008bc00000|  0%| F|  |TAMS 0x000000008bb00000| PB 0x000000008bb00000| Untracked 
| 188|0x000000008bc00000, 0x000000008bc00000, 0x000000008bd00000|  0%| F|  |TAMS 0x000000008bc00000| PB 0x000000008bc00000| Untracked 
| 189|0x000000008bd00000, 0x000000008bd00000, 0x000000008be00000|  0%| F|  |TAMS 0x000000008bd00000| PB 0x000000008bd00000| Untracked 
| 190|0x000000008be00000, 0x000000008be00000, 0x000000008bf00000|  0%| F|  |TAMS 0x000000008be00000| PB 0x000000008be00000| Untracked 
| 191|0x000000008bf00000, 0x000000008bf00000, 0x000000008c000000|  0%| F|  |TAMS 0x000000008bf00000| PB 0x000000008bf00000| Untracked 
| 192|0x000000008c000000, 0x000000008c000000, 0x000000008c100000|  0%| F|  |TAMS 0x000000008c000000| PB 0x000000008c000000| Untracked 
| 193|0x000000008c100000, 0x000000008c100000, 0x000000008c200000|  0%| F|  |TAMS 0x000000008c100000| PB 0x000000008c100000| Untracked 
| 194|0x000000008c200000, 0x000000008c200000, 0x000000008c300000|  0%| F|  |TAMS 0x000000008c200000| PB 0x000000008c200000| Untracked 
| 195|0x000000008c300000, 0x000000008c300000, 0x000000008c400000|  0%| F|  |TAMS 0x000000008c300000| PB 0x000000008c300000| Untracked 
| 196|0x000000008c400000, 0x000000008c400000, 0x000000008c500000|  0%| F|  |TAMS 0x000000008c400000| PB 0x000000008c400000| Untracked 
| 197|0x000000008c500000, 0x000000008c500000, 0x000000008c600000|  0%| F|  |TAMS 0x000000008c500000| PB 0x000000008c500000| Untracked 
| 198|0x000000008c600000, 0x000000008c600000, 0x000000008c700000|  0%| F|  |TAMS 0x000000008c600000| PB 0x000000008c600000| Untracked 
| 199|0x000000008c700000, 0x000000008c700000, 0x000000008c800000|  0%| F|  |TAMS 0x000000008c700000| PB 0x000000008c700000| Untracked 
| 200|0x000000008c800000, 0x000000008c800000, 0x000000008c900000|  0%| F|  |TAMS 0x000000008c800000| PB 0x000000008c800000| Untracked 
| 201|0x000000008c900000, 0x000000008c900000, 0x000000008ca00000|  0%| F|  |TAMS 0x000000008c900000| PB 0x000000008c900000| Untracked 
| 202|0x000000008ca00000, 0x000000008ca00000, 0x000000008cb00000|  0%| F|  |TAMS 0x000000008ca00000| PB 0x000000008ca00000| Untracked 
| 203|0x000000008cb00000, 0x000000008cb00000, 0x000000008cc00000|  0%| F|  |TAMS 0x000000008cb00000| PB 0x000000008cb00000| Untracked 
| 204|0x000000008cc00000, 0x000000008cc00000, 0x000000008cd00000|  0%| F|  |TAMS 0x000000008cc00000| PB 0x000000008cc00000| Untracked 
| 205|0x000000008cd00000, 0x000000008cd00000, 0x000000008ce00000|  0%| F|  |TAMS 0x000000008cd00000| PB 0x000000008cd00000| Untracked 
| 206|0x000000008ce00000, 0x000000008ce00000, 0x000000008cf00000|  0%| F|  |TAMS 0x000000008ce00000| PB 0x000000008ce00000| Untracked 
| 207|0x000000008cf00000, 0x000000008cf00000, 0x000000008d000000|  0%| F|  |TAMS 0x000000008cf00000| PB 0x000000008cf00000| Untracked 
| 208|0x000000008d000000, 0x000000008d000000, 0x000000008d100000|  0%| F|  |TAMS 0x000000008d000000| PB 0x000000008d000000| Untracked 
| 209|0x000000008d100000, 0x000000008d100000, 0x000000008d200000|  0%| F|  |TAMS 0x000000008d100000| PB 0x000000008d100000| Untracked 
| 210|0x000000008d200000, 0x000000008d200000, 0x000000008d300000|  0%| F|  |TAMS 0x000000008d200000| PB 0x000000008d200000| Untracked 
| 211|0x000000008d300000, 0x000000008d300000, 0x000000008d400000|  0%| F|  |TAMS 0x000000008d300000| PB 0x000000008d300000| Untracked 
| 212|0x000000008d400000, 0x000000008d400000, 0x000000008d500000|  0%| F|  |TAMS 0x000000008d400000| PB 0x000000008d400000| Untracked 
| 213|0x000000008d500000, 0x000000008d500000, 0x000000008d600000|  0%| F|  |TAMS 0x000000008d500000| PB 0x000000008d500000| Untracked 
| 214|0x000000008d600000, 0x000000008d600000, 0x000000008d700000|  0%| F|  |TAMS 0x000000008d600000| PB 0x000000008d600000| Untracked 
| 215|0x000000008d700000, 0x000000008d700000, 0x000000008d800000|  0%| F|  |TAMS 0x000000008d700000| PB 0x000000008d700000| Untracked 
| 216|0x000000008d800000, 0x000000008d800000, 0x000000008d900000|  0%| F|  |TAMS 0x000000008d800000| PB 0x000000008d800000| Untracked 
| 217|0x000000008d900000, 0x000000008d900000, 0x000000008da00000|  0%| F|  |TAMS 0x000000008d900000| PB 0x000000008d900000| Untracked 
| 218|0x000000008da00000, 0x000000008da00000, 0x000000008db00000|  0%| F|  |TAMS 0x000000008da00000| PB 0x000000008da00000| Untracked 
| 219|0x000000008db00000, 0x000000008db00000, 0x000000008dc00000|  0%| F|  |TAMS 0x000000008db00000| PB 0x000000008db00000| Untracked 
| 220|0x000000008dc00000, 0x000000008dc00000, 0x000000008dd00000|  0%| F|  |TAMS 0x000000008dc00000| PB 0x000000008dc00000| Untracked 
| 221|0x000000008dd00000, 0x000000008dd00000, 0x000000008de00000|  0%| F|  |TAMS 0x000000008dd00000| PB 0x000000008dd00000| Untracked 
| 222|0x000000008de00000, 0x000000008de00000, 0x000000008df00000|  0%| F|  |TAMS 0x000000008de00000| PB 0x000000008de00000| Untracked 
| 223|0x000000008df00000, 0x000000008df00000, 0x000000008e000000|  0%| F|  |TAMS 0x000000008df00000| PB 0x000000008df00000| Untracked 
| 224|0x000000008e000000, 0x000000008e000000, 0x000000008e100000|  0%| F|  |TAMS 0x000000008e000000| PB 0x000000008e000000| Untracked 
| 225|0x000000008e100000, 0x000000008e100000, 0x000000008e200000|  0%| F|  |TAMS 0x000000008e100000| PB 0x000000008e100000| Untracked 
| 226|0x000000008e200000, 0x000000008e200000, 0x000000008e300000|  0%| F|  |TAMS 0x000000008e200000| PB 0x000000008e200000| Untracked 
| 227|0x000000008e300000, 0x000000008e300000, 0x000000008e400000|  0%| F|  |TAMS 0x000000008e300000| PB 0x000000008e300000| Untracked 
| 228|0x000000008e400000, 0x000000008e400000, 0x000000008e500000|  0%| F|  |TAMS 0x000000008e400000| PB 0x000000008e400000| Untracked 
| 229|0x000000008e500000, 0x000000008e500000, 0x000000008e600000|  0%| F|  |TAMS 0x000000008e500000| PB 0x000000008e500000| Untracked 
| 230|0x000000008e600000, 0x000000008e600000, 0x000000008e700000|  0%| F|  |TAMS 0x000000008e600000| PB 0x000000008e600000| Untracked 
| 231|0x000000008e700000, 0x000000008e700000, 0x000000008e800000|  0%| F|  |TAMS 0x000000008e700000| PB 0x000000008e700000| Untracked 
| 232|0x000000008e800000, 0x000000008e800000, 0x000000008e900000|  0%| F|  |TAMS 0x000000008e800000| PB 0x000000008e800000| Untracked 
| 233|0x000000008e900000, 0x000000008e985350, 0x000000008ea00000| 52%| E|  |TAMS 0x000000008e900000| PB 0x000000008e900000| Complete 
| 234|0x000000008ea00000, 0x000000008eb00000, 0x000000008eb00000|100%| E|CS|TAMS 0x000000008ea00000| PB 0x000000008ea00000| Complete 
| 235|0x000000008eb00000, 0x000000008ec00000, 0x000000008ec00000|100%| E|CS|TAMS 0x000000008eb00000| PB 0x000000008eb00000| Complete 
| 236|0x000000008ec00000, 0x000000008ed00000, 0x000000008ed00000|100%| E|  |TAMS 0x000000008ec00000| PB 0x000000008ec00000| Complete 
| 237|0x000000008ed00000, 0x000000008ee00000, 0x000000008ee00000|100%| E|CS|TAMS 0x000000008ed00000| PB 0x000000008ed00000| Complete 
| 238|0x000000008ee00000, 0x000000008ef00000, 0x000000008ef00000|100%| E|CS|TAMS 0x000000008ee00000| PB 0x000000008ee00000| Complete 
| 239|0x000000008ef00000, 0x000000008f000000, 0x000000008f000000|100%| E|CS|TAMS 0x000000008ef00000| PB 0x000000008ef00000| Complete 
| 240|0x000000008f000000, 0x000000008f100000, 0x000000008f100000|100%| E|CS|TAMS 0x000000008f000000| PB 0x000000008f000000| Complete 
| 241|0x000000008f100000, 0x000000008f200000, 0x000000008f200000|100%| E|CS|TAMS 0x000000008f100000| PB 0x000000008f100000| Complete 
| 242|0x000000008f200000, 0x000000008f300000, 0x000000008f300000|100%| E|CS|TAMS 0x000000008f200000| PB 0x000000008f200000| Complete 
| 243|0x000000008f300000, 0x000000008f400000, 0x000000008f400000|100%| E|CS|TAMS 0x000000008f300000| PB 0x000000008f300000| Complete 
| 244|0x000000008f400000, 0x000000008f400000, 0x000000008f500000|  0%| F|  |TAMS 0x000000008f400000| PB 0x000000008f400000| Untracked 
| 245|0x000000008f500000, 0x000000008f500000, 0x000000008f600000|  0%| F|  |TAMS 0x000000008f500000| PB 0x000000008f500000| Untracked 
| 246|0x000000008f600000, 0x000000008f600000, 0x000000008f700000|  0%| F|  |TAMS 0x000000008f600000| PB 0x000000008f600000| Untracked 
| 247|0x000000008f700000, 0x000000008f700000, 0x000000008f800000|  0%| F|  |TAMS 0x000000008f700000| PB 0x000000008f700000| Untracked 
| 248|0x000000008f800000, 0x000000008f800000, 0x000000008f900000|  0%| F|  |TAMS 0x000000008f800000| PB 0x000000008f800000| Untracked 
| 249|0x000000008f900000, 0x000000008f900000, 0x000000008fa00000|  0%| F|  |TAMS 0x000000008f900000| PB 0x000000008f900000| Untracked 
| 250|0x000000008fa00000, 0x000000008fb00000, 0x000000008fb00000|100%| E|CS|TAMS 0x000000008fa00000| PB 0x000000008fa00000| Complete 
| 251|0x000000008fb00000, 0x000000008fc00000, 0x000000008fc00000|100%| E|CS|TAMS 0x000000008fb00000| PB 0x000000008fb00000| Complete 
|2042|0x00000000ffa00000, 0x00000000ffb00000, 0x00000000ffb00000|100%| O|  |TAMS 0x00000000ffb00000| PB 0x00000000ffb00000| Updating 
|2043|0x00000000ffb00000, 0x00000000ffc00000, 0x00000000ffc00000|100%| O|  |TAMS 0x00000000ffc00000| PB 0x00000000ffc00000| Untracked 
|2044|0x00000000ffc00000, 0x00000000ffd00000, 0x00000000ffd00000|100%| O|  |TAMS 0x00000000ffd00000| PB 0x00000000ffd00000| Untracked 
|2045|0x00000000ffd00000, 0x00000000ffe00000, 0x00000000ffe00000|100%| E|CS|TAMS 0x00000000ffd00000| PB 0x00000000ffd00000| Complete 
|2046|0x00000000ffe00000, 0x00000000fff00000, 0x00000000fff00000|100%| O|  |TAMS 0x00000000fff00000| PB 0x00000000fff00000| Updating 
|2047|0x00000000fff00000, 0x0000000100000000, 0x0000000100000000|100%| O|  |TAMS 0x0000000100000000| PB 0x0000000100000000| Untracked 

Card table byte_map: [0x0000022d98ad0000,0x0000022d98ed0000] _byte_map_base: 0x0000022d986d0000

Marking Bits: (CMBitMap*) 0x0000022d862a68a0
 Bits: [0x0000022d98ed0000, 0x0000022d9aed0000)

Polling page: 0x0000022d85a10000

Metaspace:

Usage:
  Non-class:    100.35 MB used.
      Class:     16.55 MB used.
       Both:    116.90 MB used.

Virtual space:
  Non-class space:      128.00 MB reserved,     101.44 MB ( 79%) committed,  2 nodes.
      Class space:        1.00 GB reserved,      17.62 MB (  2%) committed,  1 nodes.
             Both:        1.12 GB reserved,     119.06 MB ( 10%) committed. 

Chunk freelists:
   Non-Class:  10.09 MB
       Class:  14.42 MB
        Both:  24.51 MB

MaxMetaspaceSize: unlimited
CompressedClassSpaceSize: 1.00 GB
Initial GC threshold: 21.00 MB
Current GC threshold: 193.25 MB
CDS: off
 - commit_granule_bytes: 65536.
 - commit_granule_words: 8192.
 - virtual_space_node_default_size: 8388608.
 - enlarge_chunks_in_place: 1.
 - use_allocation_guard: 0.


Internal statistics:

num_allocs_failed_limit: 9.
num_arena_births: 4322.
num_arena_deaths: 0.
num_vsnodes_births: 3.
num_vsnodes_deaths: 0.
num_space_committed: 1904.
num_space_uncommitted: 0.
num_chunks_returned_to_freelist: 9.
num_chunks_taken_from_freelist: 9522.
num_chunk_merges: 6.
num_chunk_splits: 6161.
num_chunks_enlarged: 3877.
num_inconsistent_stats: 0.

CodeHeap 'non-profiled nmethods': size=120000Kb used=7399Kb max_used=7608Kb free=112600Kb
 bounds [0x0000022d90e70000, 0x0000022d915e0000, 0x0000022d983a0000]
CodeHeap 'profiled nmethods': size=120000Kb used=19258Kb max_used=20002Kb free=100741Kb
 bounds [0x0000022d893a0000, 0x0000022d8a730000, 0x0000022d908d0000]
CodeHeap 'non-nmethods': size=5760Kb used=3186Kb max_used=3242Kb free=2573Kb
 bounds [0x0000022d908d0000, 0x0000022d90c20000, 0x0000022d90e70000]
CodeCache: size=245760Kb, used=29843Kb, max_used=30852Kb, free=215914Kb
 total_blobs=11043, nmethods=10029, adapters=917, full_count=0
Compilation: enabled, stopped_count=0, restarted_count=0

Compilation events (20 events):
Event: 34.767 Thread 0x0000022d9dba60d0 nmethod 14294 0x0000022d915d5110 code [0x0000022d915d5540, 0x0000022d915d7c48]
Event: 34.767 Thread 0x0000022da6029a60 14304       4       java.lang.AbstractStringBuilder::append (67 bytes)
Event: 34.767 Thread 0x0000022d9dba60d0 14296       4       java.io.ObjectOutputStream$HandleTable::insert (39 bytes)
Event: 34.770 Thread 0x0000022d9dba60d0 nmethod 14296 0x0000022d915d9290 code [0x0000022d915d9440, 0x0000022d915d97a8]
Event: 34.770 Thread 0x0000022d9dba60d0 14301       4       java.io.ObjectInputStream$PeekInputStream::read (115 bytes)
Event: 34.770 Thread 0x0000022da853b610 nmethod 14305 0x0000022d915d9a10 code [0x0000022d915d9c00, 0x0000022d915da378]
Event: 34.770 Thread 0x0000022da853b610 14303       4       org.gradle.internal.service.scopes.WorkerSharedGlobalScopeServices$$Lambda/0x000000010029c6c0::getCurrentTime (10 bytes)
Event: 34.773 Thread 0x0000022d9dba7310 14314       3       org.gradle.internal.resources.DefaultResourceLockCoordinationService$ReleaseLocks::transform (9 bytes)
Event: 34.773 Thread 0x0000022d9dba7310 nmethod 14314 0x0000022d8a728a90 code [0x0000022d8a728c40, 0x0000022d8a728e90]
Event: 34.773 Thread 0x0000022da853b610 nmethod 14303 0x0000022d915da890 code [0x0000022d915daa80, 0x0000022d915dae28]
Event: 34.773 Thread 0x0000022da853b610 14312       4       org.gradle.internal.operations.DefaultBuildOperationRunner::execute (23 bytes)
Event: 34.774 Thread 0x0000022d9dba7310 14315       3       org.gradle.internal.resources.DefaultResourceLockCoordinationService::unlock (9 bytes)
Event: 34.774 Thread 0x0000022d9dba60d0 nmethod 14301 0x0000022d915db190 code [0x0000022d915db380, 0x0000022d915dbab8]
Event: 34.774 Thread 0x0000022d9dba60d0 14313       4       org.gradle.internal.logging.progress.DefaultProgressLoggerFactory$ProgressLoggerImpl::completed (61 bytes)
Event: 34.774 Thread 0x0000022d9dba7310 nmethod 14315 0x0000022d8a728f90 code [0x0000022d8a729140, 0x0000022d8a729398]
Event: 34.775 Thread 0x0000022da853b610 nmethod 14312 0x0000022d915dbe90 code [0x0000022d915dc040, 0x0000022d915dc1a8]
Event: 34.775 Thread 0x0000022da853b610 14295   !   4       sun.nio.fs.WindowsNativeDispatcher::FindFirstFile (75 bytes)
Event: 34.777 Thread 0x0000022da6029a60 nmethod 14304 0x0000022d915dc310 code [0x0000022d915dc540, 0x0000022d915dcfa8]
Event: 34.778 Thread 0x0000022da6029a60 14316       4       java.lang.reflect.AccessibleObject::checkCanSetAccessible (195 bytes)
Event: 34.782 Thread 0x0000022da6029a60 nmethod 14316 0x0000022d915dd690 code [0x0000022d915dd8a0, 0x0000022d915dde08]

GC Heap History (20 events):
Event: 31.036 GC heap before
{Heap before GC invocations=34 (full 0):
 garbage-first heap   total 152576K, used 103332K [0x0000000080000000, 0x0000000100000000)
  region size 1024K, 6 young (6144K), 2 survivors (2048K)
 Metaspace       used 96997K, committed 98880K, reserved 1179648K
  class space    used 13531K, committed 14464K, reserved 1048576K
}
Event: 31.037 GC heap after
{Heap after GC invocations=35 (full 0):
 garbage-first heap   total 183296K, used 100362K [0x0000000080000000, 0x0000000100000000)
  region size 1024K, 3 young (3072K), 3 survivors (3072K)
 Metaspace       used 96997K, committed 98880K, reserved 1179648K
  class space    used 13531K, committed 14464K, reserved 1048576K
}
Event: 31.544 GC heap before
{Heap before GC invocations=36 (full 0):
 garbage-first heap   total 183296K, used 159754K [0x0000000080000000, 0x0000000100000000)
  region size 1024K, 60 young (61440K), 3 survivors (3072K)
 Metaspace       used 101697K, committed 103616K, reserved 1179648K
  class space    used 14367K, committed 15296K, reserved 1048576K
}
Event: 31.547 GC heap after
{Heap after GC invocations=37 (full 0):
 garbage-first heap   total 183296K, used 101807K [0x0000000080000000, 0x0000000100000000)
  region size 1024K, 4 young (4096K), 4 survivors (4096K)
 Metaspace       used 101697K, committed 103616K, reserved 1179648K
  class space    used 14367K, committed 15296K, reserved 1048576K
}
Event: 32.075 GC heap before
{Heap before GC invocations=37 (full 0):
 garbage-first heap   total 183296K, used 167343K [0x0000000080000000, 0x0000000100000000)
  region size 1024K, 68 young (69632K), 4 survivors (4096K)
 Metaspace       used 106660K, committed 108672K, reserved 1179648K
  class space    used 15106K, committed 16064K, reserved 1048576K
}
Event: 32.079 GC heap after
{Heap after GC invocations=38 (full 0):
 garbage-first heap   total 183296K, used 103649K [0x0000000080000000, 0x0000000100000000)
  region size 1024K, 7 young (7168K), 7 survivors (7168K)
 Metaspace       used 106660K, committed 108672K, reserved 1179648K
  class space    used 15106K, committed 16064K, reserved 1048576K
}
Event: 32.573 GC heap before
{Heap before GC invocations=38 (full 0):
 garbage-first heap   total 183296K, used 165089K [0x0000000080000000, 0x0000000100000000)
  region size 1024K, 67 young (68608K), 7 survivors (7168K)
 Metaspace       used 112382K, committed 114496K, reserved 1179648K
  class space    used 15938K, committed 16960K, reserved 1048576K
}
Event: 32.579 GC heap after
{Heap after GC invocations=39 (full 0):
 garbage-first heap   total 183296K, used 106932K [0x0000000080000000, 0x0000000100000000)
  region size 1024K, 7 young (7168K), 7 survivors (7168K)
 Metaspace       used 112382K, committed 114496K, reserved 1179648K
  class space    used 15938K, committed 16960K, reserved 1048576K
}
Event: 33.039 GC heap before
{Heap before GC invocations=40 (full 0):
 garbage-first heap   total 183296K, used 165300K [0x0000000080000000, 0x0000000100000000)
  region size 1024K, 64 young (65536K), 7 survivors (7168K)
 Metaspace       used 113849K, committed 115968K, reserved 1179648K
  class space    used 16182K, committed 17216K, reserved 1048576K
}
Event: 33.047 GC heap after
{Heap after GC invocations=41 (full 0):
 garbage-first heap   total 183296K, used 112965K [0x0000000080000000, 0x0000000100000000)
  region size 1024K, 8 young (8192K), 8 survivors (8192K)
 Metaspace       used 113849K, committed 115968K, reserved 1179648K
  class space    used 16182K, committed 17216K, reserved 1048576K
}
Event: 33.534 GC heap before
{Heap before GC invocations=41 (full 0):
 garbage-first heap   total 183296K, used 163141K [0x0000000080000000, 0x0000000100000000)
  region size 1024K, 58 young (59392K), 8 survivors (8192K)
 Metaspace       used 116013K, committed 118144K, reserved 1179648K
  class space    used 16525K, committed 17536K, reserved 1048576K
}
Event: 33.544 GC heap after
{Heap after GC invocations=42 (full 0):
 garbage-first heap   total 183296K, used 120832K [0x0000000080000000, 0x0000000100000000)
  region size 1024K, 8 young (8192K), 8 survivors (8192K)
 Metaspace       used 116013K, committed 118144K, reserved 1179648K
  class space    used 16525K, committed 17536K, reserved 1048576K
}
Event: 33.783 GC heap before
{Heap before GC invocations=42 (full 0):
 garbage-first heap   total 183296K, used 164864K [0x0000000080000000, 0x0000000100000000)
  region size 1024K, 51 young (52224K), 8 survivors (8192K)
 Metaspace       used 116247K, committed 118400K, reserved 1179648K
  class space    used 16533K, committed 17536K, reserved 1048576K
}
Event: 33.791 GC heap after
{Heap after GC invocations=43 (full 0):
 garbage-first heap   total 183296K, used 128353K [0x0000000080000000, 0x0000000100000000)
  region size 1024K, 7 young (7168K), 7 survivors (7168K)
 Metaspace       used 116247K, committed 118400K, reserved 1179648K
  class space    used 16533K, committed 17536K, reserved 1048576K
}
Event: 34.067 GC heap before
{Heap before GC invocations=44 (full 0):
 garbage-first heap   total 215040K, used 163169K [0x0000000080000000, 0x0000000100000000)
  region size 1024K, 42 young (43008K), 7 survivors (7168K)
 Metaspace       used 116773K, committed 118976K, reserved 1179648K
  class space    used 16638K, committed 17728K, reserved 1048576K
}
Event: 34.073 GC heap after
{Heap after GC invocations=45 (full 0):
 garbage-first heap   total 215040K, used 130604K [0x0000000080000000, 0x0000000100000000)
  region size 1024K, 5 young (5120K), 5 survivors (5120K)
 Metaspace       used 116773K, committed 118976K, reserved 1179648K
  class space    used 16638K, committed 17728K, reserved 1048576K
}
Event: 34.447 GC heap before
{Heap before GC invocations=45 (full 0):
 garbage-first heap   total 215040K, used 197164K [0x0000000080000000, 0x0000000100000000)
  region size 1024K, 66 young (67584K), 5 survivors (5120K)
 Metaspace       used 118708K, committed 120960K, reserved 1179648K
  class space    used 16814K, committed 17920K, reserved 1048576K
}
Event: 34.453 GC heap after
{Heap after GC invocations=46 (full 0):
 garbage-first heap   total 215040K, used 133874K [0x0000000080000000, 0x0000000100000000)
  region size 1024K, 9 young (9216K), 9 survivors (9216K)
 Metaspace       used 118708K, committed 120960K, reserved 1179648K
  class space    used 16814K, committed 17920K, reserved 1048576K
}
Event: 34.662 GC heap before
{Heap before GC invocations=46 (full 0):
 garbage-first heap   total 215040K, used 192242K [0x0000000080000000, 0x0000000100000000)
  region size 1024K, 67 young (68608K), 9 survivors (9216K)
 Metaspace       used 119526K, committed 121728K, reserved 1179648K
  class space    used 16917K, committed 17984K, reserved 1048576K
}
Event: 34.671 GC heap after
{Heap after GC invocations=47 (full 0):
 garbage-first heap   total 258048K, used 137720K [0x0000000080000000, 0x0000000100000000)
  region size 1024K, 7 young (7168K), 7 survivors (7168K)
 Metaspace       used 119526K, committed 121728K, reserved 1179648K
  class space    used 16917K, committed 17984K, reserved 1048576K
}

Dll operation events (3 events):
Event: 0.005 Loaded shared library C:\Program Files\Android\Android Studio2\jbr\bin\java.dll
Event: 0.009 Loaded shared library C:\Program Files\Android\Android Studio2\jbr\bin\zip.dll
Event: 0.364 Loaded shared library C:\Program Files\Android\Android Studio2\jbr\bin\verify.dll

Deoptimization events (20 events):
Event: 34.625 Thread 0x0000022da614d710 Uncommon trap: trap_request=0xffffffde fr.pc=0x0000022d9158d5ec relative=0x00000000000001ac
Event: 34.625 Thread 0x0000022da614d710 Uncommon trap: reason=class_check action=maybe_recompile pc=0x0000022d9158d5ec method=org.gradle.internal.snapshot.AbstractIncompleteFileSystemNode.store(Lorg/gradle/internal/snapshot/VfsRelativePath;Lorg/gradle/internal/snapshot/CaseSensitivity;Lorg/grad
Event: 34.625 Thread 0x0000022da614d710 DEOPT PACKING pc=0x0000022d9158d5ec sp=0x000000f95c2fb170
Event: 34.625 Thread 0x0000022da614d710 DEOPT UNPACKING pc=0x0000022d90927da2 sp=0x000000f95c2fb120 mode 2
Event: 34.625 Thread 0x0000022da614d710 Uncommon trap: trap_request=0xffffffc6 fr.pc=0x0000022d9123fe48 relative=0x0000000000000128
Event: 34.625 Thread 0x0000022da614d710 Uncommon trap: reason=bimorphic_or_optimized_type_check action=maybe_recompile pc=0x0000022d9123fe48 method=com.google.common.collect.RegularImmutableMap.checkNoConflictInKeyBucket(Ljava/lang/Object;Ljava/lang/Object;Lcom/google/common/collect/ImmutableMa
Event: 34.625 Thread 0x0000022da614d710 DEOPT PACKING pc=0x0000022d9123fe48 sp=0x000000f95c2fd060
Event: 34.625 Thread 0x0000022da614d710 DEOPT UNPACKING pc=0x0000022d90927da2 sp=0x000000f95c2fd008 mode 2
Event: 34.628 Thread 0x0000022da8e1fe00 Uncommon trap: trap_request=0xffffff45 fr.pc=0x0000022d91007540 relative=0x0000000000000200
Event: 34.628 Thread 0x0000022da8e1fe00 Uncommon trap: reason=unstable_if action=reinterpret pc=0x0000022d91007540 method=java.lang.String.regionMatches(ZILjava/lang/String;II)Z @ 21 c2
Event: 34.628 Thread 0x0000022da8e1fe00 DEOPT PACKING pc=0x0000022d91007540 sp=0x000000f95f5fdc60
Event: 34.628 Thread 0x0000022da8e1fe00 DEOPT UNPACKING pc=0x0000022d90927da2 sp=0x000000f95f5fdbf8 mode 2
Event: 34.723 Thread 0x0000022dab5c1430 Uncommon trap: trap_request=0xffffffc6 fr.pc=0x0000022d90fb6678 relative=0x0000000000000778
Event: 34.723 Thread 0x0000022dab5c1430 Uncommon trap: reason=bimorphic_or_optimized_type_check action=maybe_recompile pc=0x0000022d90fb6678 method=java.util.concurrent.FutureTask.run()V @ 39 c2
Event: 34.723 Thread 0x0000022dab5c1430 DEOPT PACKING pc=0x0000022d90fb6678 sp=0x000000f95f9ff020
Event: 34.723 Thread 0x0000022dab5c1430 DEOPT UNPACKING pc=0x0000022d90927da2 sp=0x000000f95f9fefd0 mode 2
Event: 34.737 Thread 0x0000022dab5c1430 Uncommon trap: trap_request=0x00000444 fr.pc=0x0000022d90f6bd24 relative=0x0000000000000324
Event: 34.737 Thread 0x0000022dab5c1430 Uncommon trap: reason=unloaded action=reinterpret pc=0x0000022d90f6bd24 method=java.util.regex.Pattern.newSlice([IIZ)Ljava/util/regex/Pattern$Node; @ 68 c2
Event: 34.738 Thread 0x0000022dab5c1430 DEOPT PACKING pc=0x0000022d90f6bd24 sp=0x000000f95f9fd3a0
Event: 34.738 Thread 0x0000022dab5c1430 DEOPT UNPACKING pc=0x0000022d90927da2 sp=0x000000f95f9fd338 mode 2

Classes loaded (20 events):
Event: 34.630 Loading class java/util/concurrent/Executors$DelegatedScheduledExecutorService
Event: 34.630 Loading class java/util/concurrent/Executors$DelegatedExecutorService
Event: 34.630 Loading class java/util/concurrent/Executors$DelegatedExecutorService done
Event: 34.630 Loading class java/util/concurrent/Executors$DelegatedScheduledExecutorService done
Event: 34.640 Loading class java/lang/ProcessImpl
Event: 34.642 Loading class java/lang/ProcessImpl done
Event: 34.653 Loading class java/lang/ProcessHandleImpl
Event: 34.654 Loading class java/lang/ProcessHandleImpl done
Event: 34.655 Loading class java/lang/ProcessImpl$2
Event: 34.655 Loading class java/lang/ProcessImpl$2 done
Event: 34.655 Loading class java/lang/Process$PipeInputStream
Event: 34.655 Loading class java/lang/Process$PipeInputStream done
Event: 34.672 Loading class jdk/internal/event/ProcessStartEvent
Event: 34.672 Loading class jdk/internal/event/ProcessStartEvent done
Event: 34.737 Loading class sun/nio/fs/Globs
Event: 34.737 Loading class sun/nio/fs/Globs done
Event: 34.737 Loading class java/util/regex/Pattern$SliceU
Event: 34.738 Loading class java/util/regex/Pattern$SliceU done
Event: 34.738 Loading class sun/nio/fs/WindowsFileSystem$2
Event: 34.738 Loading class sun/nio/fs/WindowsFileSystem$2 done

Classes unloaded (0 events):
No events

Classes redefined (0 events):
No events

Internal exceptions (20 events):
Event: 34.279 Thread 0x0000022da614f7e0 Exception <a 'sun/nio/fs/WindowsException'{0x000000008a4d4bb8}> (0x000000008a4d4bb8) 
thrown [s\src\hotspot\share\prims\jni.cpp, line 537]
Event: 34.279 Thread 0x0000022da614f7e0 Exception <a 'sun/nio/fs/WindowsException'{0x000000008a4d4d70}> (0x000000008a4d4d70) 
thrown [s\src\hotspot\share\prims\jni.cpp, line 537]
Event: 34.280 Thread 0x0000022da614f7e0 Exception <a 'sun/nio/fs/WindowsException'{0x000000008a4debf8}> (0x000000008a4debf8) 
thrown [s\src\hotspot\share\prims\jni.cpp, line 537]
Event: 34.280 Thread 0x0000022da614f7e0 Exception <a 'sun/nio/fs/WindowsException'{0x000000008a4dfb50}> (0x000000008a4dfb50) 
thrown [s\src\hotspot\share\prims\jni.cpp, line 537]
Event: 34.280 Thread 0x0000022da614f7e0 Exception <a 'sun/nio/fs/WindowsException'{0x000000008a4dfcf0}> (0x000000008a4dfcf0) 
thrown [s\src\hotspot\share\prims\jni.cpp, line 537]
Event: 34.280 Thread 0x0000022da614f7e0 Exception <a 'sun/nio/fs/WindowsException'{0x000000008a4e0ea8}> (0x000000008a4e0ea8) 
thrown [s\src\hotspot\share\prims\jni.cpp, line 537]
Event: 34.280 Thread 0x0000022da614f7e0 Exception <a 'sun/nio/fs/WindowsException'{0x000000008a4e1e10}> (0x000000008a4e1e10) 
thrown [s\src\hotspot\share\prims\jni.cpp, line 537]
Event: 34.280 Thread 0x0000022da614f7e0 Exception <a 'sun/nio/fs/WindowsException'{0x000000008a4e1fc0}> (0x000000008a4e1fc0) 
thrown [s\src\hotspot\share\prims\jni.cpp, line 537]
Event: 34.280 Thread 0x0000022da614f7e0 Exception <a 'sun/nio/fs/WindowsException'{0x000000008a4e3118}> (0x000000008a4e3118) 
thrown [s\src\hotspot\share\prims\jni.cpp, line 537]
Event: 34.280 Thread 0x0000022da614f7e0 Exception <a 'sun/nio/fs/WindowsException'{0x000000008a4e4050}> (0x000000008a4e4050) 
thrown [s\src\hotspot\share\prims\jni.cpp, line 537]
Event: 34.280 Thread 0x0000022da614f7e0 Exception <a 'sun/nio/fs/WindowsException'{0x000000008a4e41d0}> (0x000000008a4e41d0) 
thrown [s\src\hotspot\share\prims\jni.cpp, line 537]
Event: 34.280 Thread 0x0000022da614f7e0 Exception <a 'sun/nio/fs/WindowsException'{0x000000008a4e5350}> (0x000000008a4e5350) 
thrown [s\src\hotspot\share\prims\jni.cpp, line 537]
Event: 34.292 Thread 0x0000022da614f7e0 Exception <a 'java/lang/NoSuchMethodError'{0x000000008a2ddca8}: static Lcom/android/builder/internal/aapt/AaptOptions;.<clinit>()V> (0x000000008a2ddca8) 
thrown [s\src\hotspot\share\prims\jni.cpp, line 1144]
Event: 34.293 Thread 0x0000022da614f7e0 Exception <a 'java/lang/NoSuchMethodError'{0x000000008a2f3140}: static Ljava/lang/Object;.<clinit>()V> (0x000000008a2f3140) 
thrown [s\src\hotspot\share\prims\jni.cpp, line 1144]
Event: 34.294 Thread 0x0000022da614f7e0 Exception <a 'java/lang/NoSuchMethodError'{0x000000008a113400}: static Lcom/android/build/api/variant/impl/SerializableApplicationMultiOutputHandler;.<clinit>()V> (0x000000008a113400) 
thrown [s\src\hotspot\share\prims\jni.cpp, line 1144]
Event: 34.294 Thread 0x0000022da614f7e0 Exception <a 'java/lang/NoSuchMethodError'{0x000000008a129530}: static Lcom/android/build/api/variant/impl/VariantOutputImpl$SerializedForm;.<clinit>()V> (0x000000008a129530) 
thrown [s\src\hotspot\share\prims\jni.cpp, line 1144]
Event: 34.295 Thread 0x0000022da614f7e0 Exception <a 'java/lang/NoSuchMethodError'{0x000000008a13e9b0}: static Lcom/android/build/api/variant/impl/VariantOutputConfigurationImpl;.<clinit>()V> (0x000000008a13e9b0) 
thrown [s\src\hotspot\share\prims\jni.cpp, line 1144]
Event: 34.314 Thread 0x0000022da614eac0 Exception <a 'sun/nio/fs/WindowsException'{0x0000000089f5ab58}> (0x0000000089f5ab58) 
thrown [s\src\hotspot\share\prims\jni.cpp, line 537]
Event: 34.322 Thread 0x0000022da614eac0 Exception <a 'java/lang/NoSuchMethodError'{0x0000000089fe2758}: 'int java.lang.invoke.DirectMethodHandle$Holder.invokeSpecial(java.lang.Object, java.lang.Object, java.lang.Object, java.lang.Object, java.lang.Object)'> (0x0000000089fe2758) 
thrown [s\src\hotspot\share\interpreter\linkResolver.cpp, line 784]
Event: 34.652 Thread 0x0000022da8e1dd30 Exception <a 'java/lang/NoSuchMethodError'{0x00000000896bf1a0}: 'void java.lang.invoke.DirectMethodHandle$Holder.invokeStatic(java.lang.Object, long)'> (0x00000000896bf1a0) 
thrown [s\src\hotspot\share\interpreter\linkResolver.cpp, line 784]

ZGC Phase Switch (0 events):
No events

VM Operations (20 events):
Event: 33.875 Executing VM operation: G1PauseRemark done
Event: 33.920 Executing VM operation: HandshakeAllThreads (Deoptimize)
Event: 33.920 Executing VM operation: HandshakeAllThreads (Deoptimize) done
Event: 33.925 Executing VM operation: G1PauseCleanup
Event: 33.925 Executing VM operation: G1PauseCleanup done
Event: 34.022 Executing VM operation: HandshakeAllThreads (Deoptimize)
Event: 34.022 Executing VM operation: HandshakeAllThreads (Deoptimize) done
Event: 34.067 Executing VM operation: G1CollectForAllocation (G1 Evacuation Pause)
Event: 34.073 Executing VM operation: G1CollectForAllocation (G1 Evacuation Pause) done
Event: 34.233 Executing VM operation: ICBufferFull
Event: 34.233 Executing VM operation: ICBufferFull done
Event: 34.319 Executing VM operation: HandshakeAllThreads (Deoptimize)
Event: 34.320 Executing VM operation: HandshakeAllThreads (Deoptimize) done
Event: 34.447 Executing VM operation: G1CollectForAllocation (G1 Evacuation Pause)
Event: 34.453 Executing VM operation: G1CollectForAllocation (G1 Evacuation Pause) done
Event: 34.657 Executing VM operation: HandshakeAllThreads (Deoptimize)
Event: 34.661 Executing VM operation: HandshakeAllThreads (Deoptimize) done
Event: 34.662 Executing VM operation: G1CollectForAllocation (G1 Evacuation Pause)
Event: 34.671 Executing VM operation: G1CollectForAllocation (G1 Evacuation Pause) done
Event: 34.784 Executing VM operation: G1PauseRemark

Memory protections (0 events):
No events

Nmethod flushes (20 events):
Event: 34.788 Thread 0x0000022d9daf9d10 flushing  nmethod 0x0000022d8981b310
Event: 34.788 Thread 0x0000022d9daf9d10 flushing  nmethod 0x0000022d89971110
Event: 34.788 Thread 0x0000022d9daf9d10 flushing  nmethod 0x0000022d89a67e90
Event: 34.788 Thread 0x0000022d9daf9d10 flushing  nmethod 0x0000022d89ad8790
Event: 34.788 Thread 0x0000022d9daf9d10 flushing  nmethod 0x0000022d89b26a10
Event: 34.788 Thread 0x0000022d9daf9d10 flushing  nmethod 0x0000022d89b2b290
Event: 34.788 Thread 0x0000022d9daf9d10 flushing  nmethod 0x0000022d89b2bd90
Event: 34.788 Thread 0x0000022d9daf9d10 flushing  nmethod 0x0000022d89b2ef90
Event: 34.788 Thread 0x0000022d9daf9d10 flushing  nmethod 0x0000022d89b2f810
Event: 34.788 Thread 0x0000022d9daf9d10 flushing  nmethod 0x0000022d89bae310
Event: 34.788 Thread 0x0000022d9daf9d10 flushing  nmethod 0x0000022d89bc9110
Event: 34.788 Thread 0x0000022d9daf9d10 flushing  nmethod 0x0000022d89c29010
Event: 34.788 Thread 0x0000022d9daf9d10 flushing  nmethod 0x0000022d89e42090
Event: 34.788 Thread 0x0000022d9daf9d10 flushing  nmethod 0x0000022d89eb6210
Event: 34.788 Thread 0x0000022d9daf9d10 flushing  nmethod 0x0000022d89eb9890
Event: 34.788 Thread 0x0000022d9daf9d10 flushing  nmethod 0x0000022d89eb9d10
Event: 34.788 Thread 0x0000022d9daf9d10 flushing  nmethod 0x0000022d89f12210
Event: 34.788 Thread 0x0000022d9daf9d10 flushing  nmethod 0x0000022d89f2bd10
Event: 34.788 Thread 0x0000022d9daf9d10 flushing  nmethod 0x0000022d8a3e8490
Event: 34.788 Thread 0x0000022d9daf9d10 flushing  nmethod 0x0000022d8a501a10

Events (20 events):
Event: 34.121 Thread 0x0000022da614f7e0 Thread added: 0x0000022da8d5cbf0
Event: 34.129 Thread 0x0000022da614f7e0 Thread added: 0x0000022da8d590e0
Event: 34.130 Thread 0x0000022da614f7e0 Thread added: 0x0000022da8d5d910
Event: 34.130 Thread 0x0000022da614f7e0 Thread added: 0x0000022da8d59770
Event: 34.130 Thread 0x0000022da614f7e0 Thread added: 0x0000022da8d576a0
Event: 34.130 Thread 0x0000022da614f7e0 Thread added: 0x0000022da8d5ab20
Event: 34.130 Thread 0x0000022da614f7e0 Thread added: 0x0000022da8d5bed0
Event: 34.131 Thread 0x0000022da614f7e0 Thread added: 0x0000022da8d59e00
Event: 34.157 Thread 0x0000022da614f7e0 Thread added: 0x0000022da8d56980
Event: 34.157 Thread 0x0000022da614f7e0 Thread added: 0x0000022da8d5dfa0
Event: 34.157 Thread 0x0000022da614f7e0 Thread added: 0x0000022da8d57010
Event: 34.158 Thread 0x0000022da614f7e0 Thread added: 0x0000022da8d583c0
Event: 34.158 Thread 0x0000022da614f7e0 Thread added: 0x0000022da8d57d30
Event: 34.297 Thread 0x0000022da614f7e0 Thread added: 0x0000022da8e1dd30
Event: 34.611 Thread 0x0000022da614f150 Thread added: 0x0000022da8e1fe00
Event: 34.631 Thread 0x0000022da8e1dd30 Thread added: 0x0000022da8d5b840
Event: 34.676 Thread 0x0000022da8e1dd30 Thread added: 0x0000022da8102cb0
Event: 34.676 Thread 0x0000022da8e1dd30 Thread added: 0x0000022dab5c0da0
Event: 34.722 Thread 0x0000022da8e1fe00 Thread added: 0x0000022dab5c1430
Event: 34.722 Thread 0x0000022da8e1fe00 Thread added: 0x0000022dab5c27e0


Dynamic libraries:
0x00007ff7e1400000 - 0x00007ff7e140a000 	C:\Program Files\Android\Android Studio2\jbr\bin\java.exe
0x00007ff84cdb0000 - 0x00007ff84cfc8000 	C:\WINDOWS\SYSTEM32\ntdll.dll
0x00007ff84bc80000 - 0x00007ff84bd44000 	C:\WINDOWS\System32\KERNEL32.DLL
0x00007ff84a580000 - 0x00007ff84a953000 	C:\WINDOWS\System32\KERNELBASE.dll
0x00007ff849ec0000 - 0x00007ff849fd1000 	C:\WINDOWS\System32\ucrtbase.dll
0x00007ff8278c0000 - 0x00007ff8278d8000 	C:\Program Files\Android\Android Studio2\jbr\bin\jli.dll
0x00007ff83f6d0000 - 0x00007ff83f6eb000 	C:\Program Files\Android\Android Studio2\jbr\bin\VCRUNTIME140.dll
0x00007ff84ae90000 - 0x00007ff84b042000 	C:\WINDOWS\System32\USER32.dll
0x00007ff82f530000 - 0x00007ff82f7cc000 	C:\WINDOWS\WinSxS\amd64_microsoft.windows.common-controls_6595b64144ccf1df_6.0.22621.6060_none_2712eda17382d24b\COMCTL32.dll
0x00007ff84a060000 - 0x00007ff84a086000 	C:\WINDOWS\System32\win32u.dll
0x00007ff84c660000 - 0x00007ff84c707000 	C:\WINDOWS\System32\msvcrt.dll
0x00007ff84b160000 - 0x00007ff84b189000 	C:\WINDOWS\System32\GDI32.dll
0x00007ff84a090000 - 0x00007ff84a1ab000 	C:\WINDOWS\System32\gdi32full.dll
0x00007ff84a1b0000 - 0x00007ff84a24a000 	C:\WINDOWS\System32\msvcp_win.dll
0x00007ff84adf0000 - 0x00007ff84ae21000 	C:\WINDOWS\System32\IMM32.DLL
0x00007ff841f20000 - 0x00007ff841f2c000 	C:\Program Files\Android\Android Studio2\jbr\bin\vcruntime140_1.dll
0x00007ff805b30000 - 0x00007ff805bbd000 	C:\Program Files\Android\Android Studio2\jbr\bin\msvcp140.dll
0x00007fffea910000 - 0x00007fffeb5a6000 	C:\Program Files\Android\Android Studio2\jbr\bin\server\jvm.dll
0x00007ff84c710000 - 0x00007ff84c7c1000 	C:\WINDOWS\System32\ADVAPI32.dll
0x00007ff84bbd0000 - 0x00007ff84bc78000 	C:\WINDOWS\System32\sechost.dll
0x00007ff84aa20000 - 0x00007ff84aa48000 	C:\WINDOWS\System32\bcrypt.dll
0x00007ff84b610000 - 0x00007ff84b728000 	C:\WINDOWS\System32\RPCRT4.dll
0x00007ff84cbb0000 - 0x00007ff84cc21000 	C:\WINDOWS\System32\WS2_32.dll
0x00007ff848cd0000 - 0x00007ff848d1d000 	C:\WINDOWS\SYSTEM32\POWRPROF.dll
0x00007ff841e10000 - 0x00007ff841e44000 	C:\WINDOWS\SYSTEM32\WINMM.dll
0x00007ff841bd0000 - 0x00007ff841bda000 	C:\WINDOWS\SYSTEM32\VERSION.dll
0x00007ff848cb0000 - 0x00007ff848cc3000 	C:\WINDOWS\SYSTEM32\UMPDC.dll
0x00007ff848f50000 - 0x00007ff848f68000 	C:\WINDOWS\SYSTEM32\kernel.appcore.dll
0x00007ff841e90000 - 0x00007ff841e9a000 	C:\Program Files\Android\Android Studio2\jbr\bin\jimage.dll
0x00007ff847400000 - 0x00007ff847633000 	C:\WINDOWS\SYSTEM32\DBGHELP.DLL
0x00007ff84aa50000 - 0x00007ff84ade1000 	C:\WINDOWS\System32\combase.dll
0x00007ff84c7d0000 - 0x00007ff84c8a8000 	C:\WINDOWS\System32\OLEAUT32.dll
0x00007ff8218c0000 - 0x00007ff8218f2000 	C:\WINDOWS\SYSTEM32\dbgcore.DLL
0x00007ff849fe0000 - 0x00007ff84a05b000 	C:\WINDOWS\System32\bcryptPrimitives.dll
0x00007ff841fb0000 - 0x00007ff841fbe000 	C:\Program Files\Android\Android Studio2\jbr\bin\instrument.dll
0x00007ff832f50000 - 0x00007ff832f70000 	C:\Program Files\Android\Android Studio2\jbr\bin\java.dll
0x00007ff832e00000 - 0x00007ff832e18000 	C:\Program Files\Android\Android Studio2\jbr\bin\zip.dll
0x00007ff84bd70000 - 0x00007ff84c60c000 	C:\WINDOWS\System32\SHELL32.dll
0x00007ff84a250000 - 0x00007ff84a38f000 	C:\WINDOWS\System32\wintypes.dll
0x00007ff847d80000 - 0x00007ff84869a000 	C:\WINDOWS\SYSTEM32\windows.storage.dll
0x00007ff84b730000 - 0x00007ff84b834000 	C:\WINDOWS\System32\SHCORE.dll
0x00007ff84bb60000 - 0x00007ff84bbc9000 	C:\WINDOWS\System32\shlwapi.dll
0x00007ff849df0000 - 0x00007ff849e15000 	C:\WINDOWS\SYSTEM32\profapi.dll
0x00007ff841e50000 - 0x00007ff841e60000 	C:\Program Files\Android\Android Studio2\jbr\bin\net.dll
0x00007ff843350000 - 0x00007ff84347c000 	C:\WINDOWS\SYSTEM32\WINHTTP.dll
0x00007ff849410000 - 0x00007ff849479000 	C:\WINDOWS\system32\mswsock.dll
0x00007ff832de0000 - 0x00007ff832df6000 	C:\Program Files\Android\Android Studio2\jbr\bin\nio.dll
0x00007ff832f80000 - 0x00007ff832f90000 	C:\Program Files\Android\Android Studio2\jbr\bin\verify.dll
0x00007ff822160000 - 0x00007ff822187000 	C:\Users\DELL\.gradle\native\c067742578af261105cb4f569cf0c3c89f3d7b1fecec35dd04571415982c5e48\windows-amd64\native-platform.dll
0x00007fffff1e0000 - 0x00007fffff324000 	C:\Users\DELL\.gradle\native\100fb08df4bc3b14c8652ba06237920a3bd2aa13389f12d3474272988ae205f9\windows-amd64\native-platform-file-events.dll
0x00007ff83f720000 - 0x00007ff83f729000 	C:\Program Files\Android\Android Studio2\jbr\bin\management.dll
0x00007ff83f6c0000 - 0x00007ff83f6cb000 	C:\Program Files\Android\Android Studio2\jbr\bin\management_ext.dll
0x00007ff84bd60000 - 0x00007ff84bd68000 	C:\WINDOWS\System32\PSAPI.DLL
0x00007ff849760000 - 0x00007ff84977b000 	C:\WINDOWS\SYSTEM32\CRYPTSP.dll
0x00007ff848eb0000 - 0x00007ff848ee7000 	C:\WINDOWS\system32\rsaenh.dll
0x00007ff8494b0000 - 0x00007ff8494d8000 	C:\WINDOWS\SYSTEM32\USERENV.dll
0x00007ff849740000 - 0x00007ff84974c000 	C:\WINDOWS\SYSTEM32\CRYPTBASE.dll
0x00007ff848970000 - 0x00007ff84899d000 	C:\WINDOWS\SYSTEM32\IPHLPAPI.DLL
0x00007ff84bd50000 - 0x00007ff84bd59000 	C:\WINDOWS\System32\NSI.dll
0x00007ff83f9b0000 - 0x00007ff83f9b9000 	C:\Program Files\Android\Android Studio2\jbr\bin\extnet.dll
0x00007ff8418a0000 - 0x00007ff8418a8000 	C:\WINDOWS\system32\wshunix.dll
0x00007ff8245d0000 - 0x00007ff8245e7000 	C:\WINDOWS\system32\napinsp.dll
0x00007ff8245b0000 - 0x00007ff8245cb000 	C:\WINDOWS\system32\pnrpnsp.dll
0x00007ff8489a0000 - 0x00007ff848a98000 	C:\WINDOWS\SYSTEM32\DNSAPI.dll
0x00007ff824590000 - 0x00007ff8245a1000 	C:\WINDOWS\System32\winrnr.dll
0x00007ff841830000 - 0x00007ff841845000 	C:\WINDOWS\system32\wshbth.dll
0x00007ff824560000 - 0x00007ff824581000 	C:\WINDOWS\system32\nlansp_c.dll
0x00007ff8431f0000 - 0x00007ff8431fa000 	C:\Windows\System32\rasadhlp.dll
0x00007ff841950000 - 0x00007ff8419d4000 	C:\WINDOWS\System32\fwpuclnt.dll

JVMTI agents:
C:\Users\DELL\.gradle\wrapper\dists\gradle-8.11.1-bin\bpt9gzteqjrbo1mjrsomdt32c\gradle-8.11.1\lib\agents\gradle-instrumentation-agent-8.11.1.jar path:C:\Program Files\Android\Android Studio2\jbr\bin\instrument.dll, loaded, initialized, instrumentlib options:none

dbghelp: loaded successfully - version: 4.0.5 - missing functions: none
symbol engine: initialized successfully - sym options: 0x614 - pdb path: .;C:\Program Files\Android\Android Studio2\jbr\bin;C:\WINDOWS\SYSTEM32;C:\WINDOWS\WinSxS\amd64_microsoft.windows.common-controls_6595b64144ccf1df_6.0.22621.6060_none_2712eda17382d24b;C:\Program Files\Android\Android Studio2\jbr\bin\server;C:\Users\DELL\.gradle\native\c067742578af261105cb4f569cf0c3c89f3d7b1fecec35dd04571415982c5e48\windows-amd64;C:\Users\DELL\.gradle\native\100fb08df4bc3b14c8652ba06237920a3bd2aa13389f12d3474272988ae205f9\windows-amd64

VM Arguments:
jvm_args: --add-opens=java.base/java.lang=ALL-UNNAMED --add-opens=java.base/java.lang.invoke=ALL-UNNAMED --add-opens=java.base/java.util=ALL-UNNAMED --add-opens=java.prefs/java.util.prefs=ALL-UNNAMED --add-exports=jdk.compiler/com.sun.tools.javac.api=ALL-UNNAMED --add-exports=jdk.compiler/com.sun.tools.javac.util=ALL-UNNAMED --add-opens=java.base/java.util=ALL-UNNAMED --add-opens=java.prefs/java.util.prefs=ALL-UNNAMED --add-opens=java.base/java.nio.charset=ALL-UNNAMED --add-opens=java.base/java.net=ALL-UNNAMED --add-opens=java.base/java.util.concurrent.atomic=ALL-UNNAMED --add-opens=java.xml/javax.xml.namespace=ALL-UNNAMED -Xmx2048m -Dfile.encoding=UTF-8 -Duser.country=US -Duser.language=en -Duser.variant -javaagent:C:\Users\DELL\.gradle\wrapper\dists\gradle-8.11.1-bin\bpt9gzteqjrbo1mjrsomdt32c\gradle-8.11.1\lib\agents\gradle-instrumentation-agent-8.11.1.jar 
java_command: org.gradle.launcher.daemon.bootstrap.GradleDaemon 8.11.1
java_class_path (initial): C:\Users\DELL\.gradle\wrapper\dists\gradle-8.11.1-bin\bpt9gzteqjrbo1mjrsomdt32c\gradle-8.11.1\lib\gradle-daemon-main-8.11.1.jar
Launcher Type: SUN_STANDARD

[Global flags]
     intx CICompilerCount                          = 4                                         {product} {ergonomic}
     uint ConcGCThreads                            = 2                                         {product} {ergonomic}
     uint G1ConcRefinementThreads                  = 8                                         {product} {ergonomic}
   size_t G1HeapRegionSize                         = 1048576                                   {product} {ergonomic}
    uintx GCDrainStackTargetSize                   = 64                                        {product} {ergonomic}
   size_t InitialHeapSize                          = 264241152                                 {product} {ergonomic}
   size_t MarkStackSize                            = 4194304                                   {product} {ergonomic}
   size_t MaxHeapSize                              = 2147483648                                {product} {command line}
   size_t MaxNewSize                               = 1287651328                                {product} {ergonomic}
   size_t MinHeapDeltaBytes                        = 1048576                                   {product} {ergonomic}
   size_t MinHeapSize                              = 8388608                                   {product} {ergonomic}
    uintx NonNMethodCodeHeapSize                   = 5839372                                {pd product} {ergonomic}
    uintx NonProfiledCodeHeapSize                  = 122909434                              {pd product} {ergonomic}
    uintx ProfiledCodeHeapSize                     = 122909434                              {pd product} {ergonomic}
    uintx ReservedCodeCacheSize                    = 251658240                              {pd product} {ergonomic}
     bool SegmentedCodeCache                       = true                                      {product} {ergonomic}
   size_t SoftMaxHeapSize                          = 2147483648                             {manageable} {ergonomic}
     bool UseCompressedOops                        = true                           {product lp64_product} {ergonomic}
     bool UseG1GC                                  = true                                      {product} {ergonomic}
     bool UseLargePagesIndividualAllocation        = false                                  {pd product} {ergonomic}

Logging:
Log output configuration:
 #0: stdout all=warning uptime,level,tags foldmultilines=false
 #1: stderr all=off uptime,level,tags foldmultilines=false

Environment Variables:
JAVA_HOME=C:\Program Files\Java\jdk-21\bin
PATH=C:\Program Files (x86)\VMware\VMware Workstation\bin\;C:\Program Files\Common Files\Oracle\Java\javapath;C:\WINDOWS\system32;C:\WINDOWS;C:\WINDOWS\System32\Wbem;C:\WINDOWS\System32\WindowsPowerShell\v1.0\;C:\WINDOWS\System32\OpenSSH\;C:\Program Files\Java\jdk-21\bin;C:\Program Files\Git\cmd;C:\Program Files\nodejs\;C:\Program Files\Docker\Docker\resources\bin;C:\Program Files\PuTTY\;C:\Program Files (x86)\Microsoft SQL Server\160\Tools\Binn\;C:\Program Files\Microsoft SQL Server\160\Tools\Binn\;C:\Program Files\Microsoft SQL Server\Client SDK\ODBC\170\Tools\Binn\;C:\Program Files\Microsoft SQL Server\160\DTS\Binn\;C:\Program Files\CMake\bin;C:\Program Files\dotnet\;C:\Users\DELL\AppData\Local\Programs\Python\Python313\Scripts\;C:\Users\DELL\AppData\Local\Programs\Python\Python313\;C:\Users\DELL\AppData\Local\Programs\Python\Python312\Scripts\;C:\Users\DELL\AppData\Local\Programs\Python\Python312\;C:\Users\DELL\AppData\Local\Microsoft\WindowsApps;C:\Users\DELL\AppData\Local\Programs\Microsoft VS Code\bin;C:\Users\DELL\AppData\Roaming\npm;C:\Program Files\JetBrains\IntelliJ IDEA 2024.3.2.2\bin;;C:\msys64\ucrt64\bin;;C:\Users\DELL\AppData\Local\Programs\Ollama;C:\Users\DELL\.dotnet\tools
USERNAME=DELL
OS=Windows_NT
PROCESSOR_IDENTIFIER=Intel64 Family 6 Model 140 Stepping 2, GenuineIntel
TMP=C:\Users\DELL\AppData\Local\Temp
TEMP=C:\Users\DELL\AppData\Local\Temp




Periodic native trim disabled

JNI global refs:
JNI global refs: 28, weak refs: 0

JNI global refs memory usage: 835, weak refs: 833

Process memory usage:
Resident Set Size: 593868K (3% of 16513828K total physical memory with 645124K free physical memory)

OOME stack traces (most recent first):
Classloader memory used:
Loader org.gradle.internal.classloader.VisitableURLClassLoader                         : 44197K
Loader org.gradle.internal.classloader.VisitableURLClassLoader$InstrumentingVisitableURLClassLoader: 31102K
Loader bootstrap                                                                       : 29458K
Loader org.gradle.initialization.MixInLegacyTypesClassLoader                           : 13330K
Loader jdk.internal.loader.ClassLoaders$PlatformClassLoader                            : 507K
Loader jdk.internal.reflect.DelegatingClassLoader                                      : 469K
Loader org.gradle.internal.classloader.VisitableURLClassLoader                         : 241K
Loader jdk.internal.loader.ClassLoaders$AppClassLoader                                 : 233K
Loader org.gradle.groovy.scripts.internal.DefaultScriptCompilationHandler$ScriptClassLoader: 135K
Loader org.codehaus.groovy.runtime.callsite.CallSiteClassLoader                        : 27488B

Classes loaded by more than one classloader:
Class Program                                                                         : loaded 5 times (x 72B)
Class Build_gradle                                                                    : loaded 3 times (x 130B)
Class Build_gradle$1                                                                  : loaded 3 times (x 74B)
Class org.gradle.internal.classloader.FilteringClassLoader                            : loaded 2 times (x 105B)
Class [Lcom.google.common.base.AbstractIterator$State;                                : loaded 2 times (x 69B)
Class com.google.common.base.CharMatcher$IsEither                                     : loaded 2 times (x 111B)
Class org.gradle.internal.classloader.ClassLoaderHierarchy                            : loaded 2 times (x 70B)
Class com.google.common.collect.ImmutableEnumSet                                      : loaded 2 times (x 146B)
Class com.google.common.util.concurrent.ExecutionError                                : loaded 2 times (x 82B)
Class com.google.common.collect.ImmutableList$1                                       : loaded 2 times (x 97B)
Class ijJvmDebugger1_858lgih2bb2q0e27cpsinjh49$_run_closure1                          : loaded 2 times (x 139B)
Class org.gradle.api.internal.classpath.ManifestUtil                                  : loaded 2 times (x 71B)
Class com.google.common.collect.RegularImmutableMap                                   : loaded 2 times (x 121B)
Class com.google.common.collect.ImmutableMap$MapViewOfValuesAsSingletonSets           : loaded 2 times (x 125B)
Class [Lorg.objectweb.asm.Symbol;                                                     : loaded 2 times (x 69B)
Class org.objectweb.asm.ClassVisitor                                                  : loaded 2 times (x 88B)
Class com.google.common.collect.UnmodifiableListIterator                              : loaded 2 times (x 95B)
Class com.google.common.base.Platform$JdkPatternCompiler                              : loaded 2 times (x 75B)
Class org.objectweb.asm.MethodTooLargeException                                       : loaded 2 times (x 83B)
Class [Lcom.google.common.cache.CacheBuilder$OneWeigher;                              : loaded 2 times (x 69B)
Class com.google.common.base.Suppliers                                                : loaded 2 times (x 71B)
Class org.gradle.internal.classloader.DefaultClassLoaderFactory                       : loaded 2 times (x 82B)
Class com.google.common.base.CharMatcher$None                                         : loaded 2 times (x 112B)
Class org.gradle.internal.classloader.ClassLoaderVisitor                              : loaded 2 times (x 76B)
Class [Lcom.google.common.collect.ImmutableMapEntry;                                  : loaded 2 times (x 69B)
Class org.gradle.api.internal.classpath.EffectiveClassPath                            : loaded 2 times (x 90B)
Class com.google.common.collect.ImmutableRangeSet                                     : loaded 2 times (x 115B)
Class com.google.common.collect.ImmutableEnumMap                                      : loaded 2 times (x 125B)
Class com.google.common.collect.ListMultimap                                          : loaded 2 times (x 70B)
Class com.google.common.collect.Sets$1                                                : loaded 2 times (x 139B)
Class org.objectweb.asm.AnnotationVisitor                                             : loaded 2 times (x 78B)
Class com.google.common.base.Splitter                                                 : loaded 2 times (x 72B)
Class org.gradle.api.internal.DefaultClassPathProvider                                : loaded 2 times (x 76B)
Class com.google.common.collect.Sets$2                                                : loaded 2 times (x 139B)
Class [Lorg.gradle.api.internal.ClassPathProvider;                                    : loaded 2 times (x 69B)
Class org.gradle.api.internal.ClassPathProvider                                       : loaded 2 times (x 70B)
Class [Lorg.objectweb.asm.AnnotationVisitor;                                          : loaded 2 times (x 69B)
Class com.google.common.collect.Sets$3                                                : loaded 2 times (x 139B)
Class com.google.common.util.concurrent.AbstractFuture$SafeAtomicHelper               : loaded 2 times (x 79B)
Class com.google.common.cache.LocalCache$LocalLoadingCache                            : loaded 2 times (x 134B)
Class com.google.common.base.AbstractIterator$State                                   : loaded 2 times (x 79B)
Class org.gradle.internal.service.UnknownServiceException                             : loaded 2 times (x 83B)
Class com.google.common.collect.Sets$4                                                : loaded 2 times (x 139B)
Class org.objectweb.asm.ModuleVisitor                                                 : loaded 2 times (x 81B)
Class com.google.common.cache.LocalCache$Strength$1                                   : loaded 2 times (x 81B)
Class com.google.common.util.concurrent.SettableFuture                                : loaded 2 times (x 114B)
Class com.google.common.cache.LocalCache$Strength$2                                   : loaded 2 times (x 81B)
Class com.google.common.collect.Interner                                              : loaded 2 times (x 70B)
Class com.google.common.cache.LocalCache$Strength$3                                   : loaded 2 times (x 81B)
Class com.google.common.collect.MapDifference                                         : loaded 2 times (x 70B)
Class com.google.common.base.Splitter$1                                               : loaded 2 times (x 77B)
Class org.objectweb.asm.FieldWriter                                                   : loaded 2 times (x 78B)
Class com.google.common.cache.CacheBuilder$NullListener                               : loaded 2 times (x 82B)
Class org.gradle.internal.classpath.TransformedClassPath                              : loaded 2 times (x 96B)
Class org.gradle.internal.classloader.InstrumentingClassLoader                        : loaded 2 times (x 70B)
Class com.google.common.collect.ImmutableRangeSet$AsSet                               : loaded 2 times (x 299B)
Class com.google.common.cache.CacheLoader$FunctionToCacheLoader                       : loaded 2 times (x 75B)
Class com.google.common.collect.Iterators$ArrayItr                                    : loaded 2 times (x 97B)
Class com.google.common.collect.ImmutableCollection$Builder                           : loaded 2 times (x 76B)
Class com.google.common.base.Joiner                                                   : loaded 2 times (x 79B)
Class com.google.common.base.MoreObjects                                              : loaded 2 times (x 71B)
Class [Lorg.objectweb.asm.Type;                                                       : loaded 2 times (x 69B)
Class com.google.common.collect.Platform                                              : loaded 2 times (x 71B)
Class com.google.common.collect.UnmodifiableIterator                                  : loaded 2 times (x 80B)
Class org.gradle.internal.service.ServiceLocator                                      : loaded 2 times (x 70B)
Class com.google.common.base.Ascii                                                    : loaded 2 times (x 71B)
Class com.google.common.collect.SingletonImmutableBiMap                               : loaded 2 times (x 143B)
Class com.google.common.cache.LocalCache$1                                            : loaded 2 times (x 89B)
Class com.google.common.collect.AbstractMapEntry                                      : loaded 2 times (x 81B)
Class com.google.common.collect.Sets$ImprovedAbstractSet                              : loaded 2 times (x 135B)
Class com.google.common.collect.ImmutableList$Builder                                 : loaded 2 times (x 77B)
Class com.google.common.cache.LocalCache$2                                            : loaded 2 times (x 142B)
Class com.google.common.collect.AbstractMultimap                                      : loaded 2 times (x 123B)
Class ijJvmDebugger1_858lgih2bb2q0e27cpsinjh49$_run_closure1$_closure2                : loaded 2 times (x 140B)
Class com.google.common.collect.ImmutableRangeSet$1                                   : loaded 2 times (x 209B)
Class com.google.common.util.concurrent.AbstractFuture$UnsafeAtomicHelper$1           : loaded 2 times (x 76B)
Class com.google.common.collect.RegularImmutableAsList                                : loaded 2 times (x 216B)
Class com.google.common.collect.Range                                                 : loaded 2 times (x 87B)
Class com.google.common.util.concurrent.AbstractFuture$Trusted                        : loaded 2 times (x 70B)
Class com.google.common.collect.Iterators                                             : loaded 2 times (x 71B)
Class com.google.common.base.CharMatcher$RangesMatcher                                : loaded 2 times (x 112B)
Class com.google.common.util.concurrent.UncheckedExecutionException                   : loaded 2 times (x 82B)
Class com.google.common.collect.Lists$StringAsImmutableList                           : loaded 2 times (x 207B)
Class org.gradle.kotlin.dsl.VersionCatalogAccessorsKt                                 : loaded 2 times (x 71B)
Class com.google.common.collect.ImmutableSortedSetFauxverideShim                      : loaded 2 times (x 147B)
Class com.google.common.base.CharMatcher$JavaLetterOrDigit                            : loaded 2 times (x 111B)
Class org.gradle.internal.InternalTransformer                                         : loaded 2 times (x 70B)
Class com.google.common.collect.AbstractMapBasedMultimap$KeySet$1                     : loaded 2 times (x 82B)
Class org.objectweb.asm.ClassWriter                                                   : loaded 2 times (x 106B)
Class com.google.common.cache.CacheLoader$UnsupportedLoadingOperationException        : loaded 2 times (x 82B)
Class com.google.common.base.CharMatcher$And                                          : loaded 2 times (x 112B)
Class org.gradle.internal.classloader.ClasspathUtil$1                                 : loaded 2 times (x 76B)
Class org.objectweb.asm.FieldVisitor                                                  : loaded 2 times (x 77B)
Class com.google.common.collect.IndexedImmutableSet                                   : loaded 2 times (x 150B)
Class com.google.common.collect.ImmutableMap$1                                        : loaded 2 times (x 81B)
Class com.google.common.collect.BiMap                                                 : loaded 2 times (x 70B)
Class org.gradle.api.internal.classpath.DefaultModuleRegistry$DefaultModule           : loaded 2 times (x 86B)
Class com.google.common.primitives.Ints                                               : loaded 2 times (x 71B)
Class com.google.common.collect.AbstractIterator                                      : loaded 2 times (x 82B)
Class com.google.common.math.MathPreconditions                                        : loaded 2 times (x 71B)
Class com.google.common.collect.RegularImmutableMap$KeySet                            : loaded 2 times (x 150B)
Class com.google.common.collect.ArrayListMultimapGwtSerializationDependencies         : loaded 2 times (x 172B)
Class com.google.common.collect.ObjectArrays                                          : loaded 2 times (x 71B)
Class com.google.common.collect.AbstractIndexedListIterator                           : loaded 2 times (x 96B)
Class com.google.common.collect.ImmutableMapEntrySet                                  : loaded 2 times (x 151B)
Class org.gradle.api.internal.classpath.Module                                        : loaded 2 times (x 70B)
Class com.google.common.cache.Weigher                                                 : loaded 2 times (x 70B)
Class org.gradle.api.internal.classpath.UnknownModuleException                        : loaded 2 times (x 82B)
Class com.google.common.base.Stopwatch                                                : loaded 2 times (x 72B)
Class com.google.common.cache.LocalCache$Strength                                     : loaded 2 times (x 81B)
Class com.google.common.cache.Cache                                                   : loaded 2 times (x 70B)
Class com.google.common.util.concurrent.AbstractFuture$Cancellation                   : loaded 2 times (x 72B)
Class com.google.common.collect.ImmutableMap$Builder                                  : loaded 2 times (x 82B)
Class com.google.common.base.NullnessCasts                                            : loaded 2 times (x 71B)
Class com.google.common.cache.RemovalListener                                         : loaded 2 times (x 70B)
Class org.gradle.api.internal.DefaultClassPathRegistry                                : loaded 2 times (x 76B)
Class com.google.common.primitives.IntsMethodsForWeb                                  : loaded 2 times (x 71B)
Class com.google.common.collect.Multimap                                              : loaded 2 times (x 70B)
Class org.gradle.api.internal.ClassPathRegistry                                       : loaded 2 times (x 70B)
Class org.gradle.internal.classpath.DefaultClassPath$ImmutableUniqueList              : loaded 2 times (x 199B)
Class com.google.common.base.Equivalence$Identity                                     : loaded 2 times (x 82B)
Class com.google.common.cache.CacheBuilder                                            : loaded 2 times (x 72B)
Class com.google.common.collect.SingletonImmutableList                                : loaded 2 times (x 207B)
Class Settings_gradle$1                                                               : loaded 2 times (x 74B)
Class org.gradle.internal.classpath.ClassPath                                         : loaded 2 times (x 70B)
Class org.gradle.api.UncheckedIOException                                             : loaded 2 times (x 82B)
Class com.google.common.collect.ImmutableList$ReverseImmutableList                    : loaded 2 times (x 208B)
Class com.google.common.base.JdkPattern                                               : loaded 2 times (x 75B)
Class org.objectweb.asm.SymbolTable$Entry                                             : loaded 2 times (x 74B)
Class com.google.common.util.concurrent.AbstractFuture$AtomicHelper                   : loaded 2 times (x 78B)
Class org.objectweb.asm.Edge                                                          : loaded 2 times (x 72B)
Class com.google.common.base.Suppliers$SupplierOfInstance                             : loaded 2 times (x 79B)
Class com.google.common.collect.Iterators$1                                           : loaded 2 times (x 81B)
Class com.google.common.cache.LocalCache$ComputingValueReference                      : loaded 2 times (x 96B)
Class com.google.common.collect.SingletonImmutableSet                                 : loaded 2 times (x 146B)
Class com.google.common.collect.ImmutableMap$IteratorBasedImmutableMap                : loaded 2 times (x 125B)
Class com.google.common.cache.LocalCache$Segment                                      : loaded 2 times (x 154B)
Class com.google.common.collect.SortedIterable                                        : loaded 2 times (x 70B)
Class [Lorg.objectweb.asm.SymbolTable$Entry;                                          : loaded 2 times (x 69B)
Class com.google.common.cache.CacheLoader                                             : loaded 2 times (x 74B)
Class com.google.common.collect.Iterators$4                                           : loaded 2 times (x 82B)
Class com.google.common.collect.ImmutableBiMap                                        : loaded 2 times (x 143B)
Class com.google.common.collect.AbstractListMultimap                                  : loaded 2 times (x 172B)
Class org.gradle.internal.installation.GradleInstallation$1                           : loaded 2 times (x 75B)
Class org.gradle.api.internal.classpath.ModuleRegistry                                : loaded 2 times (x 70B)
Class com.google.common.util.concurrent.internal.InternalFutureFailureAccess          : loaded 2 times (x 72B)
Class com.google.common.collect.Iterators$5                                           : loaded 2 times (x 82B)
Class com.google.common.collect.ImmutableSet$JdkBackedSetBuilderImpl                  : loaded 2 times (x 76B)
Class com.google.common.base.Splitter$SplittingIterator                               : loaded 2 times (x 84B)
Class com.google.common.io.Closer$SuppressingSuppressor                               : loaded 2 times (x 75B)
Class com.google.common.util.concurrent.AbstractFuture$UnsafeAtomicHelper             : loaded 2 times (x 78B)
Class com.google.common.cache.LocalCache$LocalManualCache$1                           : loaded 2 times (x 75B)
Class com.google.common.base.CharMatcher$ForPredicate                                 : loaded 2 times (x 112B)
Class ijKotlinCoroutineJvmDebugInit1_7ur5bwen8i9sx3ssfdbh6sgvx$_run_closure1$_closure2: loaded 2 times (x 139B)
Class com.google.common.collect.ImmutableCollection                                   : loaded 2 times (x 125B)
Class com.google.common.base.CharMatcher$AnyOf                                        : loaded 2 times (x 112B)
Class org.gradle.api.internal.classpath.DefaultModuleRegistry                         : loaded 2 times (x 86B)
Class com.google.common.util.concurrent.ListenableFuture                              : loaded 2 times (x 70B)
Class com.google.common.cache.ReferenceEntry                                          : loaded 2 times (x 70B)
Class com.google.common.collect.ImmutableSet$CachingAsList                            : loaded 2 times (x 147B)
Class com.google.common.base.Converter                                                : loaded 2 times (x 90B)
Class com.google.common.collect.Lists                                                 : loaded 2 times (x 71B)
Class com.google.common.base.CharMatcher$Any                                          : loaded 2 times (x 112B)
Class com.google.common.util.concurrent.AbstractFuture                                : loaded 2 times (x 106B)
Class com.google.common.base.FunctionalEquivalence                                    : loaded 2 times (x 83B)
Class com.google.common.collect.Iterators$9                                           : loaded 2 times (x 81B)
Class com.google.common.collect.AbstractMapBasedMultimap                              : loaded 2 times (x 139B)
Class com.google.common.collect.ImmutableAsList                                       : loaded 2 times (x 209B)
Class org.objectweb.asm.RecordComponentVisitor                                        : loaded 2 times (x 77B)
Class com.google.common.cache.CacheLoader$SupplierToCacheLoader                       : loaded 2 times (x 75B)
Class com.google.common.collect.Maps$EntryTransformer                                 : loaded 2 times (x 70B)
Class org.gradle.internal.service.ServiceLookupException                              : loaded 2 times (x 82B)
Class com.google.common.collect.ImmutableSortedSet                                    : loaded 2 times (x 299B)
Class [Lcom.google.common.cache.LocalCache$EntryFactory;                              : loaded 2 times (x 69B)
Class com.google.common.base.CharMatcher$JavaLetter                                   : loaded 2 times (x 111B)
Class org.gradle.internal.classloader.ClassLoaderFactory                              : loaded 2 times (x 70B)
Class com.google.common.cache.LocalCache$LocalManualCache                             : loaded 2 times (x 99B)
Class com.google.common.base.CharMatcher$IsNot                                        : loaded 2 times (x 111B)
Class com.google.common.base.CommonPattern                                            : loaded 2 times (x 74B)
Class org.gradle.internal.service.CachingServiceLocator                               : loaded 2 times (x 82B)
Class com.google.common.collect.AbstractMapBasedMultimap$KeySet                       : loaded 2 times (x 137B)
Class com.google.common.collect.RegularImmutableSortedSet                             : loaded 2 times (x 299B)
Class com.google.common.math.IntMath                                                  : loaded 2 times (x 71B)
Class com.google.common.collect.Iterators$10                                          : loaded 2 times (x 81B)
Class com.google.common.collect.ImmutableMapEntry                                     : loaded 2 times (x 85B)
Class com.google.common.base.CharMatcher$JavaDigit                                    : loaded 2 times (x 111B)
Class com.google.common.base.Equivalence                                              : loaded 2 times (x 82B)
Class com.google.common.collect.ImmutableMapEntry$NonTerminalImmutableMapEntry        : loaded 2 times (x 85B)
Class com.google.common.base.Function                                                 : loaded 2 times (x 70B)
Class com.google.common.cache.CacheBuilder$OneWeigher                                 : loaded 2 times (x 82B)
Class com.google.common.collect.RegularImmutableList                                  : loaded 2 times (x 212B)
Class com.google.common.collect.ImmutableBiMapFauxverideShim                          : loaded 2 times (x 120B)
Class org.gradle.internal.classloader.ClasspathUtil                                   : loaded 2 times (x 71B)
Class com.google.common.base.Charsets                                                 : loaded 2 times (x 71B)
Class com.google.common.util.concurrent.Uninterruptibles                              : loaded 2 times (x 71B)
Class com.google.common.collect.Maps                                                  : loaded 2 times (x 71B)
Class com.google.common.base.CharMatcher$JavaUpperCase                                : loaded 2 times (x 111B)
Class org.gradle.api.specs.Spec                                                       : loaded 2 times (x 70B)
Class [Lcom.google.common.collect.ImmutableEntry;                                     : loaded 2 times (x 69B)
Class com.google.common.cache.LocalCache$LoadingValueReference                        : loaded 2 times (x 96B)
Class com.google.common.collect.Multiset                                              : loaded 2 times (x 70B)
Class com.google.common.base.Platform                                                 : loaded 2 times (x 71B)
Class [Lorg.objectweb.asm.AnnotationWriter;                                           : loaded 2 times (x 69B)
Class com.google.common.primitives.Ints$IntConverter                                  : loaded 2 times (x 90B)
Class com.google.common.collect.Maps$8                                                : loaded 2 times (x 82B)
Class com.google.common.collect.ImmutableRangeSet$Builder                             : loaded 2 times (x 77B)
Class com.google.common.collect.Sets$SetView                                          : loaded 2 times (x 138B)
Class com.google.common.cache.LocalCache$StrongValueReference                         : loaded 2 times (x 90B)
Class com.google.common.util.concurrent.AbstractFuture$SynchronizedHelper             : loaded 2 times (x 78B)
Class com.google.common.base.CharMatcher$Invisible                                    : loaded 2 times (x 112B)
Class org.objectweb.asm.Type                                                          : loaded 2 times (x 72B)
Class org.gradle.internal.classloader.VisitableURLClassLoader$InstrumentingVisitableURLClassLoader: loaded 2 times (x 123B)
Class org.objectweb.asm.ByteVector                                                    : loaded 2 times (x 79B)
Class [Lcom.google.common.cache.CacheBuilder$NullListener;                            : loaded 2 times (x 69B)
Class com.google.common.math.IntMath$1                                                : loaded 2 times (x 71B)
Class org.gradle.internal.classloader.VisitableURLClassLoader$Spec                    : loaded 2 times (x 74B)
Class org.gradle.internal.classpath.DefaultClassPath                                  : loaded 2 times (x 90B)
Class org.objectweb.asm.Symbol                                                        : loaded 2 times (x 73B)
Class com.google.common.base.AbstractIterator                                         : loaded 2 times (x 80B)
Class ijKotlinCoroutineJvmDebugInit1_7ur5bwen8i9sx3ssfdbh6sgvx$_run_closure1          : loaded 2 times (x 139B)
Class com.google.common.io.Closer                                                     : loaded 2 times (x 78B)
Class com.google.common.collect.RegularImmutableMap$Values                            : loaded 2 times (x 207B)
Class com.google.common.collect.ImmutableSet                                          : loaded 2 times (x 145B)
Class com.google.common.base.CharMatcher$BitSetMatcher                                : loaded 2 times (x 112B)
Class com.google.common.base.CharMatcher$Ascii                                        : loaded 2 times (x 112B)
Class org.gradle.internal.classloader.ClassLoaderSpec                                 : loaded 2 times (x 71B)
Class org.objectweb.asm.AnnotationWriter                                              : loaded 2 times (x 79B)
Class com.google.common.cache.CacheStats                                              : loaded 2 times (x 71B)
Class com.google.common.io.Closer$Suppressor                                          : loaded 2 times (x 70B)
Class org.objectweb.asm.RecordComponentWriter                                         : loaded 2 times (x 78B)
Class com.google.common.util.concurrent.AbstractFuture$Listener                       : loaded 2 times (x 72B)
Class com.google.common.base.CharMatcher$Or                                           : loaded 2 times (x 112B)
Class Settings_gradle$1$1                                                             : loaded 2 times (x 74B)
Class ijKotlinCoroutineJvmDebugInit1_7ur5bwen8i9sx3ssfdbh6sgvx                        : loaded 2 times (x 179B)
Class org.objectweb.asm.Attribute                                                     : loaded 2 times (x 77B)
Class com.google.common.base.Supplier                                                 : loaded 2 times (x 70B)
Class org.gradle.internal.classloader.VisitableURLClassLoader                         : loaded 2 times (x 117B)
Class com.google.common.collect.ImmutableList$SerializedForm                          : loaded 2 times (x 73B)
Class com.google.common.util.concurrent.AbstractFuture$Waiter                         : loaded 2 times (x 72B)
Class Settings_gradle                                                                 : loaded 2 times (x 128B)
Class org.gradle.internal.Cast                                                        : loaded 2 times (x 71B)
Class org.gradle.api.Action                                                           : loaded 2 times (x 70B)
Class com.google.common.base.Strings                                                  : loaded 2 times (x 71B)
Class com.google.common.collect.Sets                                                  : loaded 2 times (x 71B)
Class org.objectweb.asm.Handler                                                       : loaded 2 times (x 72B)
Class com.google.common.base.Ticker                                                   : loaded 2 times (x 72B)
Class com.google.common.base.CharMatcher$FastMatcher                                  : loaded 2 times (x 111B)
Class [Lcom.google.common.cache.LocalCache$Segment;                                   : loaded 2 times (x 69B)
Class [Lcom.google.common.cache.LocalCache$Strength;                                  : loaded 2 times (x 69B)
Class com.google.common.cache.CacheBuilder$1                                          : loaded 2 times (x 85B)
Class com.google.common.collect.ImmutableMap                                          : loaded 2 times (x 120B)
Class com.google.common.base.Predicate                                                : loaded 2 times (x 70B)
Class org.gradle.internal.classpath.DefaultClassPath$ImmutableUniqueList$Builder      : loaded 2 times (x 75B)
Class com.google.common.collect.AbstractRangeSet                                      : loaded 2 times (x 114B)
Class com.google.common.cache.LocalCache                                              : loaded 2 times (x 187B)
Class com.google.common.cache.CacheBuilder$2                                          : loaded 2 times (x 72B)
Class com.google.common.base.CharMatcher$NegatedFastMatcher                           : loaded 2 times (x 113B)
Class [Lcom.google.common.collect.AbstractMapEntry;                                   : loaded 2 times (x 69B)
Class com.google.common.collect.ImmutableEntry                                        : loaded 2 times (x 82B)
Class com.google.common.collect.ArrayListMultimap                                     : loaded 2 times (x 172B)
Class com.google.common.base.AbstractIterator$1                                       : loaded 2 times (x 71B)
Class com.google.common.base.CharMatcher$Digit                                        : loaded 2 times (x 112B)
Class org.gradle.api.GradleException                                                  : loaded 2 times (x 82B)
Class com.google.common.collect.CollectPreconditions                                  : loaded 2 times (x 71B)
Class com.google.common.base.CharMatcher$JavaIsoControl                               : loaded 2 times (x 112B)
Class com.google.common.collect.SortedMapDifference                                   : loaded 2 times (x 70B)
Class com.google.common.base.CharMatcher$JavaLowerCase                                : loaded 2 times (x 111B)
Class com.google.common.cache.LocalCache$EntryFactory                                 : loaded 2 times (x 83B)
Class com.google.common.cache.LocalCache$AbstractReferenceEntry                       : loaded 2 times (x 107B)
Class com.google.common.base.Splitter$1$1                                             : loaded 2 times (x 86B)
Class com.google.common.base.CharMatcher$Whitespace                                   : loaded 2 times (x 112B)
Class org.gradle.internal.IoActions                                                   : loaded 2 times (x 71B)
Class com.google.common.collect.ImmutableRangeSet$ComplementRanges                    : loaded 2 times (x 207B)
Class org.objectweb.asm.SymbolTable                                                   : loaded 2 times (x 72B)
Class com.google.common.cache.CacheLoader$InvalidCacheLoadException                   : loaded 2 times (x 82B)
Class com.google.common.collect.ImmutableSet$RegularSetBuilderImpl                    : loaded 2 times (x 77B)
Class com.google.common.base.CharMatcher$SingleWidth                                  : loaded 2 times (x 112B)
Class org.gradle.internal.classloader.SystemClassLoaderSpec                           : loaded 2 times (x 71B)
Class com.google.common.cache.LocalCache$StrongEntry                                  : loaded 2 times (x 108B)
Class com.google.common.util.concurrent.AbstractFuture$TrustedFuture                  : loaded 2 times (x 114B)
Class com.google.common.cache.LoadingCache                                            : loaded 2 times (x 70B)
Class org.objectweb.asm.MethodWriter                                                  : loaded 2 times (x 106B)
Class [Lcom.google.common.cache.Weigher;                                              : loaded 2 times (x 69B)
Class com.google.common.collect.RegularImmutableMap$BucketOverflowException           : loaded 2 times (x 82B)
Class com.google.common.collect.RegularImmutableBiMap                                 : loaded 2 times (x 148B)
Class com.google.common.cache.LocalCache$ValueReference                               : loaded 2 times (x 70B)
Class com.google.common.base.CharMatcher$Negated                                      : loaded 2 times (x 113B)
Class com.google.common.base.CharMatcher$Is                                           : loaded 2 times (x 111B)
Class com.google.common.base.PatternCompiler                                          : loaded 2 times (x 70B)
Class com.google.common.util.concurrent.AbstractFuture$Failure                        : loaded 2 times (x 72B)
Class com.google.common.base.Equivalence$Equals                                       : loaded 2 times (x 82B)
Class com.google.common.collect.Hashing                                               : loaded 2 times (x 71B)
Class com.google.common.base.Preconditions                                            : loaded 2 times (x 71B)
Class com.google.common.base.Joiner$1                                                 : loaded 2 times (x 80B)
Class org.objectweb.asm.Label                                                         : loaded 2 times (x 73B)
Class org.objectweb.asm.CurrentFrame                                                  : loaded 2 times (x 73B)
Class org.objectweb.asm.ClassTooLargeException                                        : loaded 2 times (x 83B)
Class com.google.common.collect.PeekingIterator                                       : loaded 2 times (x 70B)
Class com.google.common.base.CharMatcher                                              : loaded 2 times (x 111B)
Class com.google.common.collect.RangeGwtSerializationDependencies                     : loaded 2 times (x 71B)
Class com.google.common.base.Joiner$2                                                 : loaded 2 times (x 79B)
Class org.objectweb.asm.Frame                                                         : loaded 2 times (x 73B)
Class org.objectweb.asm.MethodVisitor                                                 : loaded 2 times (x 105B)
Class com.google.common.cache.LocalCache$EntryFactory$1                               : loaded 2 times (x 83B)
Class [Lcom.google.common.cache.RemovalListener;                                      : loaded 2 times (x 69B)
Class com.google.common.base.CharMatcher$1                                            : loaded 2 times (x 113B)
Class com.google.common.base.CharMatcher$NamedFastMatcher                             : loaded 2 times (x 112B)
Class com.google.common.collect.RangeSet                                              : loaded 2 times (x 70B)
Class com.google.common.cache.LocalCache$EntryFactory$2                               : loaded 2 times (x 83B)
Class org.gradle.api.internal.classpath.GlobalCacheRootsProvider                      : loaded 2 times (x 70B)
Class com.google.common.collect.CollectCollectors                                     : loaded 2 times (x 71B)
Class org.objectweb.asm.ModuleWriter                                                  : loaded 2 times (x 82B)
Class com.google.common.cache.LocalCache$EntryFactory$3                               : loaded 2 times (x 83B)
Class com.google.common.base.Ticker$1                                                 : loaded 2 times (x 72B)
Class com.google.common.collect.ImmutableMapEntrySet$RegularEntrySet                  : loaded 2 times (x 151B)
Class com.google.common.collect.Maps$BiMapConverter                                   : loaded 2 times (x 90B)
Class com.google.common.cache.LocalCache$EntryFactory$4                               : loaded 2 times (x 83B)
Class com.google.common.collect.ImmutableSet$Builder                                  : loaded 2 times (x 85B)
Class com.google.common.base.CharMatcher$InRange                                      : loaded 2 times (x 111B)
Class com.google.common.cache.LocalCache$EntryFactory$5                               : loaded 2 times (x 83B)
Class com.google.common.base.PairwiseEquivalence                                      : loaded 2 times (x 83B)
Class com.google.common.cache.LocalCache$EntryFactory$6                               : loaded 2 times (x 83B)
Class org.gradle.internal.installation.CurrentGradleInstallationLocator               : loaded 2 times (x 71B)
Class com.google.common.collect.Maps$KeySet                                           : loaded 2 times (x 137B)
Class com.google.common.cache.LocalCache$EntryFactory$7                               : loaded 2 times (x 83B)
Class com.google.common.collect.ImmutableSet$EmptySetBuilderImpl                      : loaded 2 times (x 76B)
Class com.google.common.collect.ImmutableList                                         : loaded 2 times (x 206B)
Class ijJvmDebugger1_858lgih2bb2q0e27cpsinjh49                                        : loaded 2 times (x 179B)
Class org.gradle.internal.service.DefaultServiceLocator                               : loaded 2 times (x 83B)
Class com.google.common.cache.LocalCache$EntryFactory$8                               : loaded 2 times (x 83B)
Class com.google.common.collect.ImmutableSet$SetBuilderImpl                           : loaded 2 times (x 76B)
Class org.gradle.internal.installation.CurrentGradleInstallation                      : loaded 2 times (x 73B)
Class com.google.common.cache.CacheLoader$1                                           : loaded 2 times (x 75B)
Class com.google.common.collect.ForwardingObject                                      : loaded 2 times (x 72B)
Class com.google.common.collect.ImmutableList$SubList                                 : loaded 2 times (x 208B)
Class org.gradle.util.internal.GUtil                                                  : loaded 2 times (x 71B)
Class com.google.common.util.concurrent.AbstractFuture$SetFuture                      : loaded 2 times (x 75B)
Class com.google.common.cache.AbstractCache$StatsCounter                              : loaded 2 times (x 70B)
Class com.google.common.collect.Iterators$MergingIterator                             : loaded 2 times (x 81B)
Class com.google.common.collect.RegularImmutableSet                                   : loaded 2 times (x 148B)
Class org.gradle.internal.installation.GradleInstallation                             : loaded 2 times (x 75B)
Class com.google.common.collect.Iterables                                             : loaded 2 times (x 71B)
Class com.google.common.base.Splitter$Strategy                                        : loaded 2 times (x 70B)

---------------  S Y S T E M  ---------------

OS:
 Windows 11 , 64 bit Build 22621 (10.0.22621.5415)
OS uptime: 14 days 9:14 hours
Hyper-V role detected

CPU: total 8 (initial active 8) (4 cores per cpu, 2 threads per core) family 6 model 140 stepping 2 microcode 0x3c, cx8, cmov, fxsr, ht, mmx, 3dnowpref, sse, sse2, sse3, ssse3, sse4.1, sse4.2, popcnt, lzcnt, tsc, tscinvbit, avx, avx2, aes, erms, clmul, bmi1, bmi2, adx, avx512f, avx512dq, avx512cd, avx512bw, avx512vl, sha, fma, vzeroupper, avx512_vpopcntdq, avx512_vpclmulqdq, avx512_vaes, avx512_vnni, clflush, clflushopt, clwb, avx512_vbmi2, avx512_vbmi, hv, rdtscp, rdpid, fsrm, gfni, avx512_bitalg, f16c, cet_ibt, cet_ss, avx512_ifma
Processor Information for the first 8 processors :
  Max Mhz: 2496, Current Mhz: 2496, Mhz Limit: 2496

Memory: 4k page, system-wide physical 16126M (630M free)
TotalPageFile size 18174M (AvailPageFile size 49M)
current process WorkingSet (physical memory assigned to process): 579M, peak: 579M
current process commit charge ("private bytes"): 655M, peak: 708M

vm_info: OpenJDK 64-Bit Server VM (21.0.8+-14196175-b1038.72) for windows-amd64 JRE (21.0.8+-14196175-b1038.72), built on 2025-10-01T10:24:33Z by "builder" with MS VC++ 16.10 / 16.11 (VS2019)

END.
