#
# There is insufficient memory for the Java Runtime Environment to continue.
# Native memory allocation (malloc) failed to allocate 635024 bytes. Error detail: Chunk::new
# Possible reasons:
#   The system is out of physical RAM or swap space
#   This process is running with CompressedOops enabled, and the Java Heap may be blocking the growth of the native heap
# Possible solutions:
#   Reduce memory load on the system
#   Increase physical memory or swap space
#   Check if swap backing store is full
#   Decrease Java heap size (-Xmx/-Xms)
#   Decrease number of Java threads
#   Decrease Java thread stack sizes (-Xss)
#   Set larger code cache with -XX:ReservedCodeCacheSize=
#   JVM is running with Unscaled Compressed Oops mode in which the Java heap is
#     placed in the first 4GB address space. The Java Heap base address is the
#     maximum limit for the native heap growth. Please use -XX:HeapBaseMinAddress
#     to set the Java Heap base and to place the Java Heap above 4GB virtual address.
# This output file may be truncated or incomplete.
#
#  Out of Memory Error (arena.cpp:168), pid=19076, tid=17592
#
# JRE version: OpenJDK Runtime Environment (21.0.8) (build 21.0.8+-14196175-b1038.72)
# Java VM: OpenJDK 64-Bit Server VM (21.0.8+-14196175-b1038.72, mixed mode, tiered, compressed oops, compressed class ptrs, g1 gc, windows-amd64)
# No core dump will be written. Minidumps are not enabled by default on client versions of Windows
#

---------------  S U M M A R Y ------------

Command Line: --add-opens=java.base/java.lang=ALL-UNNAMED --add-opens=java.base/java.lang.invoke=ALL-UNNAMED --add-opens=java.base/java.util=ALL-UNNAMED --add-opens=java.prefs/java.util.prefs=ALL-UNNAMED --add-exports=jdk.compiler/com.sun.tools.javac.api=ALL-UNNAMED --add-exports=jdk.compiler/com.sun.tools.javac.util=ALL-UNNAMED --add-opens=java.base/java.util=ALL-UNNAMED --add-opens=java.prefs/java.util.prefs=ALL-UNNAMED --add-opens=java.base/java.nio.charset=ALL-UNNAMED --add-opens=java.base/java.net=ALL-UNNAMED --add-opens=java.base/java.util.concurrent.atomic=ALL-UNNAMED --add-opens=java.xml/javax.xml.namespace=ALL-UNNAMED -Xmx2048m -Dfile.encoding=UTF-8 -Duser.country=US -Duser.language=en -Duser.variant -javaagent:C:\Users\DELL\.gradle\wrapper\dists\gradle-8.11.1-bin\bpt9gzteqjrbo1mjrsomdt32c\gradle-8.11.1\lib\agents\gradle-instrumentation-agent-8.11.1.jar org.gradle.launcher.daemon.bootstrap.GradleDaemon 8.11.1

Host: 11th Gen Intel(R) Core(TM) i5-11320H @ 3.20GHz, 8 cores, 15G,  Windows 11 , 64 bit Build 22621 (10.0.22621.5415)
Time: Mon Jan  5 13:49:24 2026 SE Asia Standard Time elapsed time: 34.359027 seconds (0d 0h 0m 34s)

---------------  T H R E A D  ---------------

Current thread (0x000001eecfc45d50):  JavaThread "C2 CompilerThread2" daemon [_thread_in_native, id=17592, stack(0x0000008aa0e00000,0x0000008aa0f00000) (1024K)]


Current CompileTask:
C2:34359 13903   !   4       com.google.common.cache.LocalCache$Segment::lockedGetOrLoad (447 bytes)

Stack: [0x0000008aa0e00000,0x0000008aa0f00000]
Native frames: (J=compiled Java code, j=interpreted, Vv=VM code, C=native code)
V  [jvm.dll+0x6d68d9]
V  [jvm.dll+0x866693]
V  [jvm.dll+0x868c4e]
V  [jvm.dll+0x869333]
V  [jvm.dll+0x280566]
V  [jvm.dll+0xc07cd]
V  [jvm.dll+0xc0d03]
V  [jvm.dll+0x3b961b]
V  [jvm.dll+0x385507]
V  [jvm.dll+0x38497a]
V  [jvm.dll+0x249252]
V  [jvm.dll+0x248821]
V  [jvm.dll+0x1c73a4]
V  [jvm.dll+0x257f9e]
V  [jvm.dll+0x2564e6]
V  [jvm.dll+0x3f4696]
V  [jvm.dll+0x80eac8]
V  [jvm.dll+0x6d512d]
C  [ucrtbase.dll+0x29333]
C  [KERNEL32.DLL+0x1259d]
C  [ntdll.dll+0x5af78]


---------------  P R O C E S S  ---------------

Threads class SMR info:
_java_thread_list=0x000001eecf2e39b0, length=134, elements={
0x000001eeacdce1b0, 0x000001eec46d9270, 0x000001eec46e0050, 0x000001eec46de130,
0x000001eec46deee0, 0x000001eec46dd340, 0x000001eec470c880, 0x000001eec470d2e0,
0x000001eec470e070, 0x000001eec4716b20, 0x000001eec49f07e0, 0x000001eeca953920,
0x000001eecaa8bcf0, 0x000001eeca9a4ad0, 0x000001eecaae9db0, 0x000001eecaaea440,
0x000001eecaae9090, 0x000001eecaae6fc0, 0x000001eecaae7650, 0x000001eecaae7ce0,
0x000001eecaae8370, 0x000001eecaae9720, 0x000001eecaae8a00, 0x000001eecafecfd0,
0x000001eecafed660, 0x000001eecafea870, 0x000001eecafec940, 0x000001eecafee380,
0x000001eecafeea10, 0x000001eecafef0a0, 0x000001eecaff0ae0, 0x000001eecafef730,
0x000001eecafefdc0, 0x000001eecaff0450, 0x000001eecaff1e90, 0x000001eecaff1170,
0x000001eecaff1800, 0x000001eecafeaf00, 0x000001eecafec2b0, 0x000001eecafeb590,
0x000001eecde01030, 0x000001eecde016c0, 0x000001eecde01d50, 0x000001eecddfb450,
0x000001eecddfbae0, 0x000001eecddfce90, 0x000001eecddfc170, 0x000001eecddfe8d0,
0x000001eecddfdbb0, 0x000001eecddfc800, 0x000001eecddfe240, 0x000001eecddfef60,
0x000001eecddffc80, 0x000001eecddfadc0, 0x000001eecde023e0, 0x000001eeccd26760,
0x000001eeccd2bcb0, 0x000001eeccd26df0, 0x000001eeccd2d060, 0x000001eeccd27480,
0x000001eeccd260d0, 0x000001eeccd27b10, 0x000001eeccd2af90, 0x000001eeccd28830,
0x000001eeccd28ec0, 0x000001eeccd29550, 0x000001eeccd29be0, 0x000001eeccd2b620,
0x000001eecddff5f0, 0x000001eecde00310, 0x000001eecddfd520, 0x000001eecfd4b310,
0x000001eecfd4ac80, 0x000001eecfd4c030, 0x000001eecfd4c6c0, 0x000001eecfd4cd50,
0x000001eecfd4d3e0, 0x000001eecfd4a5f0, 0x000001eecf6ac7b0, 0x000001eecf6aba90,
0x000001eecf6ae1f0, 0x000001eecb9d6030, 0x000001eecb9d66c0, 0x000001eecb9d6d50,
0x000001eecb9d45f0, 0x000001eecb9d73e0, 0x000001eecb0eef50, 0x000001eecb0ece80,
0x000001eecb0f0300, 0x000001eecb0eadb0, 0x000001eecb0eb440, 0x000001eecb0ebad0,
0x000001eecfc44210, 0x000001eecfc45d50, 0x000001eecb9d4c80, 0x000001eecb9d5310,
0x000001eecb0e9a00, 0x000001eecb0f1020, 0x000001eecb0ec7f0, 0x000001eecb0ec160,
0x000001eed1abdb80, 0x000001eed1abef30, 0x000001eed1abe210, 0x000001eed1ac4b10,
0x000001eed1ac1690, 0x000001eed1ac1d20, 0x000001eed1ac30d0, 0x000001eed1abe8a0,
0x000001eed1ac0970, 0x000001eed1ac1000, 0x000001eecf6adb60, 0x000001eecf6afc30,
0x000001eec9383860, 0x000001eec93831d0, 0x000001eec9383ef0, 0x000001eec93824b0,
0x000001eec9382b40, 0x000001eec937cf60, 0x000001eec9384580, 0x000001eec937f030,
0x000001eec93803e0, 0x000001eec937f6c0, 0x000001eec937d5f0, 0x000001eec937dc80,
0x000001eec937e9a0, 0x000001eec937fd50, 0x000001eec9380a70, 0x000001eec9381100,
0x000001eec9381790, 0x000001eec9381e20, 0x000001eed09d07a0, 0x000001eed09d4940,
0x000001eed09cf3f0, 0x000001eed09d2870
}

Java Threads: ( => current thread )
  0x000001eeacdce1b0 JavaThread "main"                              [_thread_blocked, id=12324, stack(0x0000008a9a300000,0x0000008a9a400000) (1024K)]
  0x000001eec46d9270 JavaThread "Common-Cleaner"             daemon [_thread_blocked, id=18192, stack(0x0000008a9ab00000,0x0000008a9ac00000) (1024K)]
  0x000001eec46e0050 JavaThread "Reference Handler"          daemon [_thread_blocked, id=19908, stack(0x0000008a9ac00000,0x0000008a9ad00000) (1024K)]
  0x000001eec46de130 JavaThread "Finalizer"                  daemon [_thread_blocked, id=8384, stack(0x0000008a9ad00000,0x0000008a9ae00000) (1024K)]
  0x000001eec46deee0 JavaThread "Signal Dispatcher"          daemon [_thread_blocked, id=18096, stack(0x0000008a9ae00000,0x0000008a9af00000) (1024K)]
  0x000001eec46dd340 JavaThread "Attach Listener"            daemon [_thread_blocked, id=7044, stack(0x0000008a9af00000,0x0000008a9b000000) (1024K)]
  0x000001eec470c880 JavaThread "Service Thread"             daemon [_thread_blocked, id=17844, stack(0x0000008a9b000000,0x0000008a9b100000) (1024K)]
  0x000001eec470d2e0 JavaThread "Monitor Deflation Thread"   daemon [_thread_blocked, id=12088, stack(0x0000008a9b100000,0x0000008a9b200000) (1024K)]
  0x000001eec470e070 JavaThread "C2 CompilerThread0"         daemon [_thread_in_native, id=1288, stack(0x0000008a9b200000,0x0000008a9b300000) (1024K)]
  0x000001eec4716b20 JavaThread "C1 CompilerThread0"         daemon [_thread_in_native, id=4720, stack(0x0000008a9b300000,0x0000008a9b400000) (1024K)]
  0x000001eec49f07e0 JavaThread "Notification Thread"        daemon [_thread_blocked, id=15804, stack(0x0000008a9b400000,0x0000008a9b500000) (1024K)]
  0x000001eeca953920 JavaThread "Daemon health stats"               [_thread_blocked, id=2516, stack(0x0000008a9bc00000,0x0000008a9bd00000) (1024K)]
  0x000001eecaa8bcf0 JavaThread "Incoming local TCP Connector on port 63815"        [_thread_in_native, id=19324, stack(0x0000008a9bd00000,0x0000008a9be00000) (1024K)]
  0x000001eeca9a4ad0 JavaThread "Daemon periodic checks"            [_thread_blocked, id=20764, stack(0x0000008a9be00000,0x0000008a9bf00000) (1024K)]
  0x000001eecaae9db0 JavaThread "Daemon"                            [_thread_blocked, id=8888, stack(0x0000008a9bf00000,0x0000008a9c000000) (1024K)]
  0x000001eecaaea440 JavaThread "Handler for socket connection from /127.0.0.1:63815 to /127.0.0.1:63816"        [_thread_in_native, id=18848, stack(0x0000008a9c000000,0x0000008a9c100000) (1024K)]
  0x000001eecaae9090 JavaThread "Cancel handler"                    [_thread_blocked, id=6272, stack(0x0000008a9c100000,0x0000008a9c200000) (1024K)]
  0x000001eecaae6fc0 JavaThread "Daemon worker"                     [_thread_in_Java, id=21624, stack(0x0000008a9c200000,0x0000008a9c300000) (1024K)]
  0x000001eecaae7650 JavaThread "Asynchronous log dispatcher for DefaultDaemonConnection: socket connection from /127.0.0.1:63815 to /127.0.0.1:63816"        [_thread_blocked, id=22888, stack(0x0000008a9c300000,0x0000008a9c400000) (1024K)]
  0x000001eecaae7ce0 JavaThread "Stdin handler"                     [_thread_blocked, id=12960, stack(0x0000008a9c400000,0x0000008a9c500000) (1024K)]
  0x000001eecaae8370 JavaThread "Daemon client event forwarder"        [_thread_blocked, id=9400, stack(0x0000008a9c500000,0x0000008a9c600000) (1024K)]
  0x000001eecaae9720 JavaThread "Cache worker for journal cache (C:\Users\DELL\.gradle\caches\journal-1)"        [_thread_blocked, id=18524, stack(0x0000008a9c800000,0x0000008a9c900000) (1024K)]
  0x000001eecaae8a00 JavaThread "File lock request listener"        [_thread_in_native, id=10560, stack(0x0000008a9c900000,0x0000008a9ca00000) (1024K)]
  0x000001eecafecfd0 JavaThread "Cache worker for file hash cache (C:\Users\DELL\.gradle\caches\8.11.1\fileHashes)"        [_thread_blocked, id=17760, stack(0x0000008a9ca00000,0x0000008a9cb00000) (1024K)]
  0x000001eecafed660 JavaThread "Cache worker for file content cache (C:\Users\DELL\.gradle\caches\8.11.1\fileContent)"        [_thread_blocked, id=16540, stack(0x0000008a9cc00000,0x0000008a9cd00000) (1024K)]
  0x000001eecafea870 JavaThread "Cache worker for file hash cache (C:\Users\DELL\AndroidStudioProjects\IoTApplication\.gradle\8.11.1\fileHashes)"        [_thread_blocked, id=17908, stack(0x0000008a9cd00000,0x0000008a9ce00000) (1024K)]
  0x000001eecafec940 JavaThread "Cache worker for Build Output Cleanup Cache (C:\Users\DELL\AndroidStudioProjects\IoTApplication\.gradle\buildOutputCleanup)"        [_thread_blocked, id=6448, stack(0x0000008a9ce00000,0x0000008a9cf00000) (1024K)]
  0x000001eecafee380 JavaThread "File watcher server"        daemon [_thread_in_native, id=13772, stack(0x0000008a9b500000,0x0000008a9b600000) (1024K)]
  0x000001eecafeea10 JavaThread "File watcher consumer"      daemon [_thread_blocked, id=23356, stack(0x0000008a9cb00000,0x0000008a9cc00000) (1024K)]
  0x000001eecafef0a0 JavaThread "jar transforms"                    [_thread_blocked, id=12452, stack(0x0000008a9d000000,0x0000008a9d100000) (1024K)]
  0x000001eecaff0ae0 JavaThread "jar transforms Thread 2"           [_thread_blocked, id=15664, stack(0x0000008a9d100000,0x0000008a9d200000) (1024K)]
  0x000001eecafef730 JavaThread "jar transforms Thread 3"           [_thread_blocked, id=21668, stack(0x0000008a9d200000,0x0000008a9d300000) (1024K)]
  0x000001eecafefdc0 JavaThread "jar transforms Thread 4"           [_thread_blocked, id=22816, stack(0x0000008a9d300000,0x0000008a9d400000) (1024K)]
  0x000001eecaff0450 JavaThread "jar transforms Thread 5"           [_thread_blocked, id=14708, stack(0x0000008a9d400000,0x0000008a9d500000) (1024K)]
  0x000001eecaff1e90 JavaThread "jar transforms Thread 6"           [_thread_blocked, id=9180, stack(0x0000008a9d500000,0x0000008a9d600000) (1024K)]
  0x000001eecaff1170 JavaThread "jar transforms Thread 7"           [_thread_blocked, id=12824, stack(0x0000008a9d600000,0x0000008a9d700000) (1024K)]
  0x000001eecaff1800 JavaThread "jar transforms Thread 8"           [_thread_blocked, id=16308, stack(0x0000008a9d700000,0x0000008a9d800000) (1024K)]
  0x000001eecafeaf00 JavaThread "Cache worker for checksums cache (C:\Users\DELL\AndroidStudioProjects\IoTApplication\.gradle\8.11.1\checksums)"        [_thread_blocked, id=20380, stack(0x0000008a9d900000,0x0000008a9da00000) (1024K)]
  0x000001eecafec2b0 JavaThread "Cache worker for cache directory md-rule (C:\Users\DELL\.gradle\caches\8.11.1\md-rule)"        [_thread_blocked, id=22504, stack(0x0000008a9da00000,0x0000008a9db00000) (1024K)]
  0x000001eecafeb590 JavaThread "Cache worker for cache directory md-supplier (C:\Users\DELL\.gradle\caches\8.11.1\md-supplier)"        [_thread_blocked, id=9660, stack(0x0000008a9db00000,0x0000008a9dc00000) (1024K)]
  0x000001eecde01030 JavaThread "Unconstrained build operations"        [_thread_blocked, id=6472, stack(0x0000008a9dc00000,0x0000008a9dd00000) (1024K)]
  0x000001eecde016c0 JavaThread "Unconstrained build operations Thread 2"        [_thread_blocked, id=3632, stack(0x0000008a9dd00000,0x0000008a9de00000) (1024K)]
  0x000001eecde01d50 JavaThread "Unconstrained build operations Thread 3"        [_thread_blocked, id=2368, stack(0x0000008a9de00000,0x0000008a9df00000) (1024K)]
  0x000001eecddfb450 JavaThread "Unconstrained build operations Thread 4"        [_thread_blocked, id=3004, stack(0x0000008a9df00000,0x0000008a9e000000) (1024K)]
  0x000001eecddfbae0 JavaThread "Unconstrained build operations Thread 5"        [_thread_blocked, id=12412, stack(0x0000008a9e000000,0x0000008a9e100000) (1024K)]
  0x000001eecddfce90 JavaThread "Unconstrained build operations Thread 6"        [_thread_blocked, id=21816, stack(0x0000008a9e100000,0x0000008a9e200000) (1024K)]
  0x000001eecddfc170 JavaThread "Unconstrained build operations Thread 7"        [_thread_blocked, id=2844, stack(0x0000008a9e200000,0x0000008a9e300000) (1024K)]
  0x000001eecddfe8d0 JavaThread "Unconstrained build operations Thread 8"        [_thread_blocked, id=5956, stack(0x0000008a9e300000,0x0000008a9e400000) (1024K)]
  0x000001eecddfdbb0 JavaThread "Unconstrained build operations Thread 9"        [_thread_blocked, id=13236, stack(0x0000008a9e400000,0x0000008a9e500000) (1024K)]
  0x000001eecddfc800 JavaThread "Unconstrained build operations Thread 10"        [_thread_blocked, id=20652, stack(0x0000008a9e500000,0x0000008a9e600000) (1024K)]
  0x000001eecddfe240 JavaThread "Unconstrained build operations Thread 11"        [_thread_blocked, id=12504, stack(0x0000008a9e600000,0x0000008a9e700000) (1024K)]
  0x000001eecddfef60 JavaThread "Unconstrained build operations Thread 12"        [_thread_blocked, id=17080, stack(0x0000008a9e700000,0x0000008a9e800000) (1024K)]
  0x000001eecddffc80 JavaThread "Unconstrained build operations Thread 13"        [_thread_blocked, id=1788, stack(0x0000008a9e800000,0x0000008a9e900000) (1024K)]
  0x000001eecddfadc0 JavaThread "Unconstrained build operations Thread 14"        [_thread_blocked, id=22056, stack(0x0000008a9e900000,0x0000008a9ea00000) (1024K)]
  0x000001eecde023e0 JavaThread "Unconstrained build operations Thread 15"        [_thread_blocked, id=12372, stack(0x0000008a9ea00000,0x0000008a9eb00000) (1024K)]
  0x000001eeccd26760 JavaThread "Unconstrained build operations Thread 16"        [_thread_blocked, id=10308, stack(0x0000008a9eb00000,0x0000008a9ec00000) (1024K)]
  0x000001eeccd2bcb0 JavaThread "Unconstrained build operations Thread 17"        [_thread_blocked, id=23764, stack(0x0000008a9ec00000,0x0000008a9ed00000) (1024K)]
  0x000001eeccd26df0 JavaThread "Unconstrained build operations Thread 18"        [_thread_blocked, id=12368, stack(0x0000008a9ed00000,0x0000008a9ee00000) (1024K)]
  0x000001eeccd2d060 JavaThread "Unconstrained build operations Thread 19"        [_thread_blocked, id=9116, stack(0x0000008a9ee00000,0x0000008a9ef00000) (1024K)]
  0x000001eeccd27480 JavaThread "Unconstrained build operations Thread 20"        [_thread_blocked, id=14592, stack(0x0000008a9ef00000,0x0000008a9f000000) (1024K)]
  0x000001eeccd260d0 JavaThread "Unconstrained build operations Thread 21"        [_thread_blocked, id=12716, stack(0x0000008a9f000000,0x0000008a9f100000) (1024K)]
  0x000001eeccd27b10 JavaThread "Unconstrained build operations Thread 22"        [_thread_blocked, id=10884, stack(0x0000008a9f100000,0x0000008a9f200000) (1024K)]
  0x000001eeccd2af90 JavaThread "Unconstrained build operations Thread 23"        [_thread_blocked, id=3672, stack(0x0000008a9f200000,0x0000008a9f300000) (1024K)]
  0x000001eeccd28830 JavaThread "Unconstrained build operations Thread 24"        [_thread_blocked, id=3488, stack(0x0000008a9f300000,0x0000008a9f400000) (1024K)]
  0x000001eeccd28ec0 JavaThread "Unconstrained build operations Thread 25"        [_thread_blocked, id=15908, stack(0x0000008a9f400000,0x0000008a9f500000) (1024K)]
  0x000001eeccd29550 JavaThread "Unconstrained build operations Thread 26"        [_thread_blocked, id=18384, stack(0x0000008a9f500000,0x0000008a9f600000) (1024K)]
  0x000001eeccd29be0 JavaThread "Unconstrained build operations Thread 27"        [_thread_blocked, id=11880, stack(0x0000008a9f600000,0x0000008a9f700000) (1024K)]
  0x000001eeccd2b620 JavaThread "Unconstrained build operations Thread 28"        [_thread_blocked, id=5660, stack(0x0000008a9f700000,0x0000008a9f800000) (1024K)]
  0x000001eecddff5f0 JavaThread "Unconstrained build operations Thread 29"        [_thread_blocked, id=4068, stack(0x0000008a9f800000,0x0000008a9f900000) (1024K)]
  0x000001eecde00310 JavaThread "Unconstrained build operations Thread 30"        [_thread_blocked, id=15216, stack(0x0000008a9f900000,0x0000008a9fa00000) (1024K)]
  0x000001eecddfd520 JavaThread "Unconstrained build operations Thread 31"        [_thread_blocked, id=17452, stack(0x0000008a9fa00000,0x0000008a9fb00000) (1024K)]
  0x000001eecfd4b310 JavaThread "Unconstrained build operations Thread 32"        [_thread_blocked, id=23916, stack(0x0000008a9fb00000,0x0000008a9fc00000) (1024K)]
  0x000001eecfd4ac80 JavaThread "Unconstrained build operations Thread 33"        [_thread_blocked, id=14448, stack(0x0000008a9fc00000,0x0000008a9fd00000) (1024K)]
  0x000001eecfd4c030 JavaThread "Unconstrained build operations Thread 34"        [_thread_blocked, id=11500, stack(0x0000008a9fd00000,0x0000008a9fe00000) (1024K)]
  0x000001eecfd4c6c0 JavaThread "Unconstrained build operations Thread 35"        [_thread_blocked, id=16708, stack(0x0000008a9fe00000,0x0000008a9ff00000) (1024K)]
  0x000001eecfd4cd50 JavaThread "Unconstrained build operations Thread 36"        [_thread_blocked, id=15436, stack(0x0000008a9ff00000,0x0000008aa0000000) (1024K)]
  0x000001eecfd4d3e0 JavaThread "Unconstrained build operations Thread 37"        [_thread_blocked, id=7824, stack(0x0000008aa0000000,0x0000008aa0100000) (1024K)]
  0x000001eecfd4a5f0 JavaThread "Unconstrained build operations Thread 38"        [_thread_blocked, id=18924, stack(0x0000008aa0100000,0x0000008aa0200000) (1024K)]
  0x000001eecf6ac7b0 JavaThread "Unconstrained build operations Thread 39"        [_thread_blocked, id=14924, stack(0x0000008aa0200000,0x0000008aa0300000) (1024K)]
  0x000001eecf6aba90 JavaThread "Memory manager"                    [_thread_blocked, id=5176, stack(0x0000008a9d800000,0x0000008a9d900000) (1024K)]
  0x000001eecf6ae1f0 JavaThread "build event listener"              [_thread_blocked, id=23192, stack(0x0000008aa0400000,0x0000008aa0500000) (1024K)]
  0x000001eecb9d6030 JavaThread "included builds"                   [_thread_blocked, id=21128, stack(0x0000008a9a100000,0x0000008a9a200000) (1024K)]
  0x000001eecb9d66c0 JavaThread "Execution worker"                  [_thread_blocked, id=18260, stack(0x0000008aa0300000,0x0000008aa0400000) (1024K)]
  0x000001eecb9d6d50 JavaThread "Execution worker Thread 2"         [_thread_blocked, id=18824, stack(0x0000008aa0500000,0x0000008aa0600000) (1024K)]
  0x000001eecb9d45f0 JavaThread "Execution worker Thread 3"         [_thread_blocked, id=23312, stack(0x0000008aa0600000,0x0000008aa0700000) (1024K)]
  0x000001eecb9d73e0 JavaThread "Execution worker Thread 4"         [_thread_blocked, id=17596, stack(0x0000008aa0700000,0x0000008aa0800000) (1024K)]
  0x000001eecb0eef50 JavaThread "Execution worker Thread 5"         [_thread_blocked, id=17508, stack(0x0000008aa0800000,0x0000008aa0900000) (1024K)]
  0x000001eecb0ece80 JavaThread "Execution worker Thread 6"         [_thread_blocked, id=15500, stack(0x0000008aa0900000,0x0000008aa0a00000) (1024K)]
  0x000001eecb0f0300 JavaThread "Execution worker Thread 7"         [_thread_blocked, id=16596, stack(0x0000008aa0a00000,0x0000008aa0b00000) (1024K)]
  0x000001eecb0eadb0 JavaThread "Cache worker for execution history cache (C:\Users\DELL\AndroidStudioProjects\IoTApplication\.gradle\8.11.1\executionHistory)"        [_thread_blocked, id=9788, stack(0x0000008aa0b00000,0x0000008aa0c00000) (1024K)]
  0x000001eecb0eb440 JavaThread "idea-tooling-model-converter"        [_thread_blocked, id=11244, stack(0x0000008aa0c00000,0x0000008aa0d00000) (1024K)]
  0x000001eecb0ebad0 JavaThread "Unconstrained build operations Thread 40"        [_thread_blocked, id=12768, stack(0x0000008aa0d00000,0x0000008aa0e00000) (1024K)]
  0x000001eecfc44210 JavaThread "C2 CompilerThread1"         daemon [_thread_in_native, id=21060, stack(0x0000008a9cf00000,0x0000008a9d000000) (1024K)]
=>0x000001eecfc45d50 JavaThread "C2 CompilerThread2"         daemon [_thread_in_native, id=17592, stack(0x0000008aa0e00000,0x0000008aa0f00000) (1024K)]
  0x000001eecb9d4c80 JavaThread "Unconstrained build operations Thread 41"        [_thread_blocked, id=23264, stack(0x0000008aa0f00000,0x0000008aa1000000) (1024K)]
  0x000001eecb9d5310 JavaThread "Unconstrained build operations Thread 42"        [_thread_blocked, id=2252, stack(0x0000008aa1000000,0x0000008aa1100000) (1024K)]
  0x000001eecb0e9a00 JavaThread "Unconstrained build operations Thread 43"        [_thread_blocked, id=18416, stack(0x0000008aa1100000,0x0000008aa1200000) (1024K)]
  0x000001eecb0f1020 JavaThread "Unconstrained build operations Thread 44"        [_thread_blocked, id=9092, stack(0x0000008aa1200000,0x0000008aa1300000) (1024K)]
  0x000001eecb0ec7f0 JavaThread "Unconstrained build operations Thread 45"        [_thread_blocked, id=8800, stack(0x0000008aa1300000,0x0000008aa1400000) (1024K)]
  0x000001eecb0ec160 JavaThread "Unconstrained build operations Thread 46"        [_thread_blocked, id=12996, stack(0x0000008aa1400000,0x0000008aa1500000) (1024K)]
  0x000001eed1abdb80 JavaThread "Unconstrained build operations Thread 47"        [_thread_blocked, id=11432, stack(0x0000008aa1500000,0x0000008aa1600000) (1024K)]
  0x000001eed1abef30 JavaThread "Unconstrained build operations Thread 48"        [_thread_blocked, id=22932, stack(0x0000008aa1600000,0x0000008aa1700000) (1024K)]
  0x000001eed1abe210 JavaThread "Unconstrained build operations Thread 49"        [_thread_blocked, id=24320, stack(0x0000008aa1700000,0x0000008aa1800000) (1024K)]
  0x000001eed1ac4b10 JavaThread "Unconstrained build operations Thread 50"        [_thread_blocked, id=17968, stack(0x0000008aa1800000,0x0000008aa1900000) (1024K)]
  0x000001eed1ac1690 JavaThread "Unconstrained build operations Thread 51"        [_thread_blocked, id=13048, stack(0x0000008aa1900000,0x0000008aa1a00000) (1024K)]
  0x000001eed1ac1d20 JavaThread "Unconstrained build operations Thread 52"        [_thread_blocked, id=14940, stack(0x0000008aa1a00000,0x0000008aa1b00000) (1024K)]
  0x000001eed1ac30d0 JavaThread "Unconstrained build operations Thread 53"        [_thread_blocked, id=15168, stack(0x0000008aa1b00000,0x0000008aa1c00000) (1024K)]
  0x000001eed1abe8a0 JavaThread "Unconstrained build operations Thread 54"        [_thread_blocked, id=10360, stack(0x0000008aa1c00000,0x0000008aa1d00000) (1024K)]
  0x000001eed1ac0970 JavaThread "Unconstrained build operations Thread 55"        [_thread_blocked, id=10280, stack(0x0000008aa1d00000,0x0000008aa1e00000) (1024K)]
  0x000001eed1ac1000 JavaThread "Unconstrained build operations Thread 56"        [_thread_blocked, id=17220, stack(0x0000008aa1e00000,0x0000008aa1f00000) (1024K)]
  0x000001eecf6adb60 JavaThread "Unconstrained build operations Thread 57"        [_thread_blocked, id=12916, stack(0x0000008aa1f00000,0x0000008aa2000000) (1024K)]
  0x000001eecf6afc30 JavaThread "Unconstrained build operations Thread 58"        [_thread_blocked, id=17828, stack(0x0000008aa2000000,0x0000008aa2100000) (1024K)]
  0x000001eec9383860 JavaThread "Unconstrained build operations Thread 59"        [_thread_blocked, id=14780, stack(0x0000008aa2100000,0x0000008aa2200000) (1024K)]
  0x000001eec93831d0 JavaThread "Unconstrained build operations Thread 60"        [_thread_blocked, id=22884, stack(0x0000008aa2200000,0x0000008aa2300000) (1024K)]
  0x000001eec9383ef0 JavaThread "Unconstrained build operations Thread 61"        [_thread_blocked, id=12944, stack(0x0000008aa2300000,0x0000008aa2400000) (1024K)]
  0x000001eec93824b0 JavaThread "Unconstrained build operations Thread 62"        [_thread_blocked, id=752, stack(0x0000008aa2400000,0x0000008aa2500000) (1024K)]
  0x000001eec9382b40 JavaThread "Unconstrained build operations Thread 63"        [_thread_blocked, id=9396, stack(0x0000008aa2500000,0x0000008aa2600000) (1024K)]
  0x000001eec937cf60 JavaThread "Unconstrained build operations Thread 64"        [_thread_blocked, id=7692, stack(0x0000008aa2600000,0x0000008aa2700000) (1024K)]
  0x000001eec9384580 JavaThread "Unconstrained build operations Thread 65"        [_thread_blocked, id=20944, stack(0x0000008aa2700000,0x0000008aa2800000) (1024K)]
  0x000001eec937f030 JavaThread "Unconstrained build operations Thread 66"        [_thread_blocked, id=23736, stack(0x0000008aa2800000,0x0000008aa2900000) (1024K)]
  0x000001eec93803e0 JavaThread "Unconstrained build operations Thread 67"        [_thread_blocked, id=18780, stack(0x0000008aa2900000,0x0000008aa2a00000) (1024K)]
  0x000001eec937f6c0 JavaThread "Unconstrained build operations Thread 68"        [_thread_blocked, id=18116, stack(0x0000008aa2a00000,0x0000008aa2b00000) (1024K)]
  0x000001eec937d5f0 JavaThread "Unconstrained build operations Thread 69"        [_thread_blocked, id=9236, stack(0x0000008aa2b00000,0x0000008aa2c00000) (1024K)]
  0x000001eec937dc80 JavaThread "Unconstrained build operations Thread 70"        [_thread_blocked, id=18596, stack(0x0000008aa2c00000,0x0000008aa2d00000) (1024K)]
  0x000001eec937e9a0 JavaThread "Unconstrained build operations Thread 71"        [_thread_blocked, id=21224, stack(0x0000008aa2d00000,0x0000008aa2e00000) (1024K)]
  0x000001eec937fd50 JavaThread "Unconstrained build operations Thread 72"        [_thread_blocked, id=8912, stack(0x0000008aa2e00000,0x0000008aa2f00000) (1024K)]
  0x000001eec9380a70 JavaThread "Unconstrained build operations Thread 73"        [_thread_blocked, id=12516, stack(0x0000008aa2f00000,0x0000008aa3000000) (1024K)]
  0x000001eec9381100 JavaThread "Unconstrained build operations Thread 74"        [_thread_blocked, id=13024, stack(0x0000008aa3000000,0x0000008aa3100000) (1024K)]
  0x000001eec9381790 JavaThread "Unconstrained build operations Thread 75"        [_thread_blocked, id=13316, stack(0x0000008aa3100000,0x0000008aa3200000) (1024K)]
  0x000001eec9381e20 JavaThread "Unconstrained build operations Thread 76"        [_thread_blocked, id=13792, stack(0x0000008aa3200000,0x0000008aa3300000) (1024K)]
  0x000001eed09d07a0 JavaThread "Unconstrained build operations Thread 77"        [_thread_blocked, id=9272, stack(0x0000008aa3300000,0x0000008aa3400000) (1024K)]
  0x000001eed09d4940 JavaThread "Unconstrained build operations Thread 78"        [_thread_blocked, id=21200, stack(0x0000008aa3400000,0x0000008aa3500000) (1024K)]
  0x000001eed09cf3f0 JavaThread "Unconstrained build operations Thread 79"        [_thread_blocked, id=19996, stack(0x0000008aa3500000,0x0000008aa3600000) (1024K)]
  0x000001eed09d2870 JavaThread "Unconstrained build operations Thread 80"        [_thread_blocked, id=2292, stack(0x0000008aa3600000,0x0000008aa3700000) (1024K)]
Total: 134

Other Threads:
  0x000001eec4660240 VMThread "VM Thread"                           [id=21988, stack(0x0000008a9aa00000,0x0000008a9ab00000) (1024K)]
  0x000001eec44ce830 WatcherThread "VM Periodic Task Thread"        [id=1240, stack(0x0000008a9a900000,0x0000008a9aa00000) (1024K)]
  0x000001eeace27750 WorkerThread "GC Thread#0"                     [id=1812, stack(0x0000008a9a400000,0x0000008a9a500000) (1024K)]
  0x000001eec946a670 WorkerThread "GC Thread#1"                     [id=22400, stack(0x0000008a9b700000,0x0000008a9b800000) (1024K)]
  0x000001eec946aa10 WorkerThread "GC Thread#2"                     [id=9348, stack(0x0000008a9b800000,0x0000008a9b900000) (1024K)]
  0x000001eec93cd110 WorkerThread "GC Thread#3"                     [id=3896, stack(0x0000008a9b900000,0x0000008a9ba00000) (1024K)]
  0x000001eec93cd4b0 WorkerThread "GC Thread#4"                     [id=14532, stack(0x0000008a9ba00000,0x0000008a9bb00000) (1024K)]
  0x000001eec9351f50 WorkerThread "GC Thread#5"                     [id=7652, stack(0x0000008a9bb00000,0x0000008a9bc00000) (1024K)]
  0x000001eeca0e2b40 WorkerThread "GC Thread#6"                     [id=20976, stack(0x0000008a9b600000,0x0000008a9b700000) (1024K)]
  0x000001eeca0e3280 WorkerThread "GC Thread#7"                     [id=568, stack(0x0000008a9c600000,0x0000008a9c700000) (1024K)]
  0x000001eeace38740 ConcurrentGCThread "G1 Main Marker"            [id=22476, stack(0x0000008a9a500000,0x0000008a9a600000) (1024K)]
  0x000001eeace390e0 WorkerThread "G1 Conc#0"                       [id=12964, stack(0x0000008a9a600000,0x0000008a9a700000) (1024K)]
  0x000001eeca0e3620 WorkerThread "G1 Conc#1"                       [id=5296, stack(0x0000008a9c700000,0x0000008a9c800000) (1024K)]
  0x000001eeace8e910 ConcurrentGCThread "G1 Refine#0"               [id=18620, stack(0x0000008a9a700000,0x0000008a9a800000) (1024K)]
  0x000001eec43a2690 ConcurrentGCThread "G1 Service"                [id=2176, stack(0x0000008a9a800000,0x0000008a9a900000) (1024K)]
Total: 15

Threads with active compile tasks:
C2 CompilerThread0  34381 13960       4       org.gradle.api.internal.artifacts.ivyservice.resolveengine.graph.builder.EdgeState::getSelectedVariant (44 bytes)
C1 CompilerThread0  34381 13996       3       com.android.build.gradle.internal.ide.dependencies.FullDependencyGraphBuilder$handleDependency$variantDependencies$2::invoke (22 bytes)
C2 CompilerThread1  34381 13962       4       com.esotericsoftware.kryo.io.Input::readAscii (94 bytes)
C2 CompilerThread2  34381 13903   !   4       com.google.common.cache.LocalCache$Segment::lockedGetOrLoad (447 bytes)
Total: 4

VM state: not at safepoint (normal execution)

VM Mutex/Monitor currently owned by a thread:  ([mutex/lock_event])
[0x00007fffeb4c7038] MethodCompileQueue_lock - owner thread: 0x0000000000000000

Heap address: 0x0000000080000000, size: 2048 MB, Compressed Oops mode: 32-bit

CDS archive(s) not mapped
Compressed class space mapped at: 0x0000000100000000-0x0000000140000000, reserved size: 1073741824
Narrow klass base: 0x0000000000000000, Narrow klass shift: 3, Narrow klass range: 0x140000000

GC Precious Log:
 CardTable entry size: 512
 Card Set container configuration: InlinePtr #cards 5 size 8 Array Of Cards #cards 12 size 40 Howl #buckets 4 coarsen threshold 1843 Howl Bitmap #cards 512 size 80 coarsen threshold 460 Card regions per heap region 1 cards per card region 2048
 CPUs: 8 total, 8 available
 Memory: 16126M
 Large Page Support: Disabled
 NUMA Support: Disabled
 Compressed Oops: Enabled (32-bit)
 Heap Region Size: 1M
 Heap Min Capacity: 8M
 Heap Initial Capacity: 252M
 Heap Max Capacity: 2G
 Pre-touch: Disabled
 Parallel Workers: 8
 Concurrent Workers: 2
 Concurrent Refinement Workers: 8
 Periodic GC: Disabled

Heap:
 garbage-first heap   total 299008K, used 189688K [0x0000000080000000, 0x0000000100000000)
  region size 1024K, 25 young (25600K), 12 survivors (12288K)
 Metaspace       used 127370K, committed 129664K, reserved 1179648K
  class space    used 17751K, committed 18880K, reserved 1048576K

Heap Regions: E=young(eden), S=young(survivor), O=old, HS=humongous(starts), HC=humongous(continues), CS=collection set, F=free, TAMS=top-at-mark-start, PB=parsable bottom
|   0|0x0000000080000000, 0x0000000080100000, 0x0000000080100000|100%| O|  |TAMS 0x0000000080000000| PB 0x0000000080000000| Untracked 
|   1|0x0000000080100000, 0x0000000080200000, 0x0000000080200000|100%|HS|  |TAMS 0x0000000080100000| PB 0x0000000080100000| Complete 
|   2|0x0000000080200000, 0x0000000080300000, 0x0000000080300000|100%|HC|  |TAMS 0x0000000080200000| PB 0x0000000080200000| Complete 
|   3|0x0000000080300000, 0x0000000080400000, 0x0000000080400000|100%|HC|  |TAMS 0x0000000080300000| PB 0x0000000080300000| Complete 
|   4|0x0000000080400000, 0x0000000080500000, 0x0000000080500000|100%| O|  |TAMS 0x0000000080400000| PB 0x0000000080400000| Untracked 
|   5|0x0000000080500000, 0x0000000080600000, 0x0000000080600000|100%| O|  |TAMS 0x0000000080500000| PB 0x0000000080500000| Untracked 
|   6|0x0000000080600000, 0x0000000080700000, 0x0000000080700000|100%| O|  |TAMS 0x0000000080600000| PB 0x0000000080600000| Untracked 
|   7|0x0000000080700000, 0x0000000080800000, 0x0000000080800000|100%|HS|  |TAMS 0x0000000080700000| PB 0x0000000080700000| Complete 
|   8|0x0000000080800000, 0x0000000080900000, 0x0000000080900000|100%| O|  |TAMS 0x0000000080800000| PB 0x0000000080800000| Untracked 
|   9|0x0000000080900000, 0x0000000080a00000, 0x0000000080a00000|100%| O|  |TAMS 0x0000000080900000| PB 0x0000000080900000| Untracked 
|  10|0x0000000080a00000, 0x0000000080b00000, 0x0000000080b00000|100%| O|  |TAMS 0x0000000080a00000| PB 0x0000000080a00000| Untracked 
|  11|0x0000000080b00000, 0x0000000080c00000, 0x0000000080c00000|100%| O|  |TAMS 0x0000000080b00000| PB 0x0000000080b00000| Untracked 
|  12|0x0000000080c00000, 0x0000000080d00000, 0x0000000080d00000|100%| O|  |TAMS 0x0000000080c00000| PB 0x0000000080c00000| Untracked 
|  13|0x0000000080d00000, 0x0000000080e00000, 0x0000000080e00000|100%| O|  |TAMS 0x0000000080d00000| PB 0x0000000080d00000| Untracked 
|  14|0x0000000080e00000, 0x0000000080f00000, 0x0000000080f00000|100%| O|  |TAMS 0x0000000080e00000| PB 0x0000000080e00000| Untracked 
|  15|0x0000000080f00000, 0x0000000081000000, 0x0000000081000000|100%| O|  |TAMS 0x0000000080f00000| PB 0x0000000080f00000| Untracked 
|  16|0x0000000081000000, 0x0000000081100000, 0x0000000081100000|100%| O|  |TAMS 0x0000000081000000| PB 0x0000000081000000| Untracked 
|  17|0x0000000081100000, 0x0000000081200000, 0x0000000081200000|100%| O|  |TAMS 0x0000000081100000| PB 0x0000000081100000| Untracked 
|  18|0x0000000081200000, 0x0000000081300000, 0x0000000081300000|100%| O|  |TAMS 0x0000000081200000| PB 0x0000000081200000| Untracked 
|  19|0x0000000081300000, 0x0000000081400000, 0x0000000081400000|100%| O|  |TAMS 0x0000000081300000| PB 0x0000000081300000| Untracked 
|  20|0x0000000081400000, 0x0000000081500000, 0x0000000081500000|100%| O|  |TAMS 0x0000000081400000| PB 0x0000000081400000| Untracked 
|  21|0x0000000081500000, 0x0000000081600000, 0x0000000081600000|100%| O|  |TAMS 0x0000000081500000| PB 0x0000000081500000| Untracked 
|  22|0x0000000081600000, 0x0000000081700000, 0x0000000081700000|100%|HS|  |TAMS 0x0000000081600000| PB 0x0000000081600000| Complete 
|  23|0x0000000081700000, 0x0000000081800000, 0x0000000081800000|100%|HC|  |TAMS 0x0000000081700000| PB 0x0000000081700000| Complete 
|  24|0x0000000081800000, 0x0000000081900000, 0x0000000081900000|100%|HC|  |TAMS 0x0000000081800000| PB 0x0000000081800000| Complete 
|  25|0x0000000081900000, 0x0000000081a00000, 0x0000000081a00000|100%|HC|  |TAMS 0x0000000081900000| PB 0x0000000081900000| Complete 
|  26|0x0000000081a00000, 0x0000000081b00000, 0x0000000081b00000|100%|HC|  |TAMS 0x0000000081a00000| PB 0x0000000081a00000| Complete 
|  27|0x0000000081b00000, 0x0000000081c00000, 0x0000000081c00000|100%|HC|  |TAMS 0x0000000081b00000| PB 0x0000000081b00000| Complete 
|  28|0x0000000081c00000, 0x0000000081d00000, 0x0000000081d00000|100%|HS|  |TAMS 0x0000000081c00000| PB 0x0000000081c00000| Complete 
|  29|0x0000000081d00000, 0x0000000081e00000, 0x0000000081e00000|100%|HS|  |TAMS 0x0000000081d00000| PB 0x0000000081d00000| Complete 
|  30|0x0000000081e00000, 0x0000000081f00000, 0x0000000081f00000|100%|HC|  |TAMS 0x0000000081e00000| PB 0x0000000081e00000| Complete 
|  31|0x0000000081f00000, 0x0000000082000000, 0x0000000082000000|100%|HS|  |TAMS 0x0000000081f00000| PB 0x0000000081f00000| Complete 
|  32|0x0000000082000000, 0x0000000082100000, 0x0000000082100000|100%|HC|  |TAMS 0x0000000082000000| PB 0x0000000082000000| Complete 
|  33|0x0000000082100000, 0x0000000082200000, 0x0000000082200000|100%|HC|  |TAMS 0x0000000082100000| PB 0x0000000082100000| Complete 
|  34|0x0000000082200000, 0x0000000082300000, 0x0000000082300000|100%|HC|  |TAMS 0x0000000082200000| PB 0x0000000082200000| Complete 
|  35|0x0000000082300000, 0x0000000082400000, 0x0000000082400000|100%|HS|  |TAMS 0x0000000082300000| PB 0x0000000082300000| Complete 
|  36|0x0000000082400000, 0x0000000082500000, 0x0000000082500000|100%|HS|  |TAMS 0x0000000082400000| PB 0x0000000082400000| Complete 
|  37|0x0000000082500000, 0x0000000082600000, 0x0000000082600000|100%|HC|  |TAMS 0x0000000082500000| PB 0x0000000082500000| Complete 
|  38|0x0000000082600000, 0x0000000082700000, 0x0000000082700000|100%|HC|  |TAMS 0x0000000082600000| PB 0x0000000082600000| Complete 
|  39|0x0000000082700000, 0x0000000082800000, 0x0000000082800000|100%|HC|  |TAMS 0x0000000082700000| PB 0x0000000082700000| Complete 
|  40|0x0000000082800000, 0x0000000082900000, 0x0000000082900000|100%|HC|  |TAMS 0x0000000082800000| PB 0x0000000082800000| Complete 
|  41|0x0000000082900000, 0x0000000082a00000, 0x0000000082a00000|100%|HC|  |TAMS 0x0000000082900000| PB 0x0000000082900000| Complete 
|  42|0x0000000082a00000, 0x0000000082b00000, 0x0000000082b00000|100%|HS|  |TAMS 0x0000000082a00000| PB 0x0000000082a00000| Complete 
|  43|0x0000000082b00000, 0x0000000082c00000, 0x0000000082c00000|100%|HS|  |TAMS 0x0000000082b00000| PB 0x0000000082b00000| Complete 
|  44|0x0000000082c00000, 0x0000000082d00000, 0x0000000082d00000|100%|HC|  |TAMS 0x0000000082c00000| PB 0x0000000082c00000| Complete 
|  45|0x0000000082d00000, 0x0000000082e00000, 0x0000000082e00000|100%|HS|  |TAMS 0x0000000082d00000| PB 0x0000000082d00000| Complete 
|  46|0x0000000082e00000, 0x0000000082f00000, 0x0000000082f00000|100%|HC|  |TAMS 0x0000000082e00000| PB 0x0000000082e00000| Complete 
|  47|0x0000000082f00000, 0x0000000083000000, 0x0000000083000000|100%|HC|  |TAMS 0x0000000082f00000| PB 0x0000000082f00000| Complete 
|  48|0x0000000083000000, 0x0000000083100000, 0x0000000083100000|100%|HC|  |TAMS 0x0000000083000000| PB 0x0000000083000000| Complete 
|  49|0x0000000083100000, 0x0000000083200000, 0x0000000083200000|100%|HS|  |TAMS 0x0000000083100000| PB 0x0000000083100000| Complete 
|  50|0x0000000083200000, 0x0000000083300000, 0x0000000083300000|100%| O|  |TAMS 0x0000000083200000| PB 0x0000000083200000| Untracked 
|  51|0x0000000083300000, 0x0000000083400000, 0x0000000083400000|100%| O|  |TAMS 0x0000000083300000| PB 0x0000000083300000| Untracked 
|  52|0x0000000083400000, 0x0000000083500000, 0x0000000083500000|100%| O|  |TAMS 0x0000000083400000| PB 0x0000000083400000| Untracked 
|  53|0x0000000083500000, 0x0000000083600000, 0x0000000083600000|100%| O|  |TAMS 0x0000000083500000| PB 0x0000000083500000| Untracked 
|  54|0x0000000083600000, 0x0000000083700000, 0x0000000083700000|100%| O|  |TAMS 0x0000000083600000| PB 0x0000000083600000| Untracked 
|  55|0x0000000083700000, 0x0000000083800000, 0x0000000083800000|100%| O|  |TAMS 0x0000000083700000| PB 0x0000000083700000| Untracked 
|  56|0x0000000083800000, 0x0000000083900000, 0x0000000083900000|100%| O|  |TAMS 0x0000000083800000| PB 0x0000000083800000| Untracked 
|  57|0x0000000083900000, 0x0000000083a00000, 0x0000000083a00000|100%| O|  |TAMS 0x0000000083900000| PB 0x0000000083900000| Untracked 
|  58|0x0000000083a00000, 0x0000000083b00000, 0x0000000083b00000|100%| O|  |TAMS 0x0000000083a00000| PB 0x0000000083a00000| Untracked 
|  59|0x0000000083b00000, 0x0000000083c00000, 0x0000000083c00000|100%| O|  |TAMS 0x0000000083b00000| PB 0x0000000083b00000| Untracked 
|  60|0x0000000083c00000, 0x0000000083d00000, 0x0000000083d00000|100%| O|  |TAMS 0x0000000083c00000| PB 0x0000000083c00000| Untracked 
|  61|0x0000000083d00000, 0x0000000083e00000, 0x0000000083e00000|100%| O|  |TAMS 0x0000000083d00000| PB 0x0000000083d00000| Untracked 
|  62|0x0000000083e00000, 0x0000000083f00000, 0x0000000083f00000|100%| O|  |TAMS 0x0000000083e00000| PB 0x0000000083e00000| Untracked 
|  63|0x0000000083f00000, 0x0000000084000000, 0x0000000084000000|100%| O|  |TAMS 0x0000000083f00000| PB 0x0000000083f00000| Untracked 
|  64|0x0000000084000000, 0x0000000084100000, 0x0000000084100000|100%| O|  |TAMS 0x0000000084000000| PB 0x0000000084000000| Untracked 
|  65|0x0000000084100000, 0x0000000084200000, 0x0000000084200000|100%|HS|  |TAMS 0x0000000084100000| PB 0x0000000084100000| Complete 
|  66|0x0000000084200000, 0x0000000084300000, 0x0000000084300000|100%|HC|  |TAMS 0x0000000084200000| PB 0x0000000084200000| Complete 
|  67|0x0000000084300000, 0x0000000084400000, 0x0000000084400000|100%|HS|  |TAMS 0x0000000084300000| PB 0x0000000084300000| Complete 
|  68|0x0000000084400000, 0x0000000084500000, 0x0000000084500000|100%|HC|  |TAMS 0x0000000084400000| PB 0x0000000084400000| Complete 
|  69|0x0000000084500000, 0x0000000084600000, 0x0000000084600000|100%|HC|  |TAMS 0x0000000084500000| PB 0x0000000084500000| Complete 
|  70|0x0000000084600000, 0x0000000084700000, 0x0000000084700000|100%|HC|  |TAMS 0x0000000084600000| PB 0x0000000084600000| Complete 
|  71|0x0000000084700000, 0x0000000084800000, 0x0000000084800000|100%|HC|  |TAMS 0x0000000084700000| PB 0x0000000084700000| Complete 
|  72|0x0000000084800000, 0x0000000084900000, 0x0000000084900000|100%|HC|  |TAMS 0x0000000084800000| PB 0x0000000084800000| Complete 
|  73|0x0000000084900000, 0x0000000084a00000, 0x0000000084a00000|100%|HS|  |TAMS 0x0000000084900000| PB 0x0000000084900000| Complete 
|  74|0x0000000084a00000, 0x0000000084b00000, 0x0000000084b00000|100%|HS|  |TAMS 0x0000000084a00000| PB 0x0000000084a00000| Complete 
|  75|0x0000000084b00000, 0x0000000084c00000, 0x0000000084c00000|100%|HC|  |TAMS 0x0000000084b00000| PB 0x0000000084b00000| Complete 
|  76|0x0000000084c00000, 0x0000000084d00000, 0x0000000084d00000|100%|HC|  |TAMS 0x0000000084c00000| PB 0x0000000084c00000| Complete 
|  77|0x0000000084d00000, 0x0000000084e00000, 0x0000000084e00000|100%|HC|  |TAMS 0x0000000084d00000| PB 0x0000000084d00000| Complete 
|  78|0x0000000084e00000, 0x0000000084f00000, 0x0000000084f00000|100%|HC|  |TAMS 0x0000000084e00000| PB 0x0000000084e00000| Complete 
|  79|0x0000000084f00000, 0x0000000085000000, 0x0000000085000000|100%|HC|  |TAMS 0x0000000084f00000| PB 0x0000000084f00000| Complete 
|  80|0x0000000085000000, 0x0000000085100000, 0x0000000085100000|100%|HS|  |TAMS 0x0000000085000000| PB 0x0000000085000000| Complete 
|  81|0x0000000085100000, 0x0000000085200000, 0x0000000085200000|100%| O|  |TAMS 0x0000000085100000| PB 0x0000000085100000| Untracked 
|  82|0x0000000085200000, 0x0000000085300000, 0x0000000085300000|100%| O|  |TAMS 0x0000000085200000| PB 0x0000000085200000| Untracked 
|  83|0x0000000085300000, 0x0000000085400000, 0x0000000085400000|100%| O|  |TAMS 0x0000000085300000| PB 0x0000000085300000| Untracked 
|  84|0x0000000085400000, 0x0000000085500000, 0x0000000085500000|100%| O|  |TAMS 0x0000000085400000| PB 0x0000000085400000| Untracked 
|  85|0x0000000085500000, 0x0000000085600000, 0x0000000085600000|100%| O|  |TAMS 0x0000000085500000| PB 0x0000000085500000| Untracked 
|  86|0x0000000085600000, 0x0000000085700000, 0x0000000085700000|100%| O|  |TAMS 0x0000000085600000| PB 0x0000000085600000| Untracked 
|  87|0x0000000085700000, 0x0000000085800000, 0x0000000085800000|100%| O|  |TAMS 0x0000000085700000| PB 0x0000000085700000| Untracked 
|  88|0x0000000085800000, 0x0000000085900000, 0x0000000085900000|100%| O|  |TAMS 0x0000000085800000| PB 0x0000000085800000| Untracked 
|  89|0x0000000085900000, 0x0000000085a00000, 0x0000000085a00000|100%| O|  |TAMS 0x0000000085900000| PB 0x0000000085900000| Untracked 
|  90|0x0000000085a00000, 0x0000000085b00000, 0x0000000085b00000|100%| O|  |TAMS 0x0000000085a00000| PB 0x0000000085a00000| Untracked 
|  91|0x0000000085b00000, 0x0000000085c00000, 0x0000000085c00000|100%| O|  |TAMS 0x0000000085b00000| PB 0x0000000085b00000| Untracked 
|  92|0x0000000085c00000, 0x0000000085d00000, 0x0000000085d00000|100%| O|  |TAMS 0x0000000085c00000| PB 0x0000000085c00000| Untracked 
|  93|0x0000000085d00000, 0x0000000085e00000, 0x0000000085e00000|100%| O|  |TAMS 0x0000000085d00000| PB 0x0000000085d00000| Untracked 
|  94|0x0000000085e00000, 0x0000000085f00000, 0x0000000085f00000|100%| O|  |TAMS 0x0000000085e00000| PB 0x0000000085e00000| Untracked 
|  95|0x0000000085f00000, 0x0000000086000000, 0x0000000086000000|100%| O|  |TAMS 0x0000000085f00000| PB 0x0000000085f00000| Untracked 
|  96|0x0000000086000000, 0x0000000086100000, 0x0000000086100000|100%| O|  |TAMS 0x0000000086000000| PB 0x0000000086000000| Untracked 
|  97|0x0000000086100000, 0x0000000086200000, 0x0000000086200000|100%|HS|  |TAMS 0x0000000086100000| PB 0x0000000086100000| Complete 
|  98|0x0000000086200000, 0x0000000086300000, 0x0000000086300000|100%|HS|  |TAMS 0x0000000086200000| PB 0x0000000086200000| Complete 
|  99|0x0000000086300000, 0x0000000086400000, 0x0000000086400000|100%|HS|  |TAMS 0x0000000086300000| PB 0x0000000086300000| Complete 
| 100|0x0000000086400000, 0x0000000086500000, 0x0000000086500000|100%|HC|  |TAMS 0x0000000086400000| PB 0x0000000086400000| Complete 
| 101|0x0000000086500000, 0x0000000086600000, 0x0000000086600000|100%|HS|  |TAMS 0x0000000086500000| PB 0x0000000086500000| Complete 
| 102|0x0000000086600000, 0x0000000086700000, 0x0000000086700000|100%|HC|  |TAMS 0x0000000086600000| PB 0x0000000086600000| Complete 
| 103|0x0000000086700000, 0x0000000086800000, 0x0000000086800000|100%|HS|  |TAMS 0x0000000086700000| PB 0x0000000086700000| Complete 
| 104|0x0000000086800000, 0x0000000086900000, 0x0000000086900000|100%| O|  |TAMS 0x0000000086800000| PB 0x0000000086800000| Untracked 
| 105|0x0000000086900000, 0x0000000086a00000, 0x0000000086a00000|100%|HS|  |TAMS 0x0000000086900000| PB 0x0000000086900000| Complete 
| 106|0x0000000086a00000, 0x0000000086b00000, 0x0000000086b00000|100%|HS|  |TAMS 0x0000000086a00000| PB 0x0000000086a00000| Complete 
| 107|0x0000000086b00000, 0x0000000086c00000, 0x0000000086c00000|100%| O|  |TAMS 0x0000000086b00000| PB 0x0000000086b00000| Untracked 
| 108|0x0000000086c00000, 0x0000000086d00000, 0x0000000086d00000|100%| O|  |TAMS 0x0000000086c00000| PB 0x0000000086c00000| Untracked 
| 109|0x0000000086d00000, 0x0000000086e00000, 0x0000000086e00000|100%| O|  |TAMS 0x0000000086d00000| PB 0x0000000086d00000| Untracked 
| 110|0x0000000086e00000, 0x0000000086f00000, 0x0000000086f00000|100%| O|  |TAMS 0x0000000086e00000| PB 0x0000000086e00000| Untracked 
| 111|0x0000000086f00000, 0x0000000087000000, 0x0000000087000000|100%|HS|  |TAMS 0x0000000086f00000| PB 0x0000000086f00000| Complete 
| 112|0x0000000087000000, 0x0000000087100000, 0x0000000087100000|100%|HC|  |TAMS 0x0000000087000000| PB 0x0000000087000000| Complete 
| 113|0x0000000087100000, 0x0000000087200000, 0x0000000087200000|100%|HC|  |TAMS 0x0000000087100000| PB 0x0000000087100000| Complete 
| 114|0x0000000087200000, 0x0000000087300000, 0x0000000087300000|100%|HS|  |TAMS 0x0000000087200000| PB 0x0000000087200000| Complete 
| 115|0x0000000087300000, 0x0000000087400000, 0x0000000087400000|100%| O|  |TAMS 0x0000000087300000| PB 0x0000000087300000| Untracked 
| 116|0x0000000087400000, 0x0000000087500000, 0x0000000087500000|100%| O|  |TAMS 0x0000000087400000| PB 0x0000000087400000| Untracked 
| 117|0x0000000087500000, 0x0000000087600000, 0x0000000087600000|100%| O|  |TAMS 0x0000000087500000| PB 0x0000000087500000| Untracked 
| 118|0x0000000087600000, 0x0000000087700000, 0x0000000087700000|100%| O|  |TAMS 0x0000000087600000| PB 0x0000000087600000| Untracked 
| 119|0x0000000087700000, 0x0000000087800000, 0x0000000087800000|100%| O|  |TAMS 0x0000000087700000| PB 0x0000000087700000| Untracked 
| 120|0x0000000087800000, 0x0000000087900000, 0x0000000087900000|100%| O|  |TAMS 0x0000000087800000| PB 0x0000000087800000| Untracked 
| 121|0x0000000087900000, 0x0000000087a00000, 0x0000000087a00000|100%| O|  |TAMS 0x0000000087900000| PB 0x0000000087900000| Untracked 
| 122|0x0000000087a00000, 0x0000000087b00000, 0x0000000087b00000|100%| O|Cm|TAMS 0x0000000087a00000| PB 0x0000000087a00000| Complete 
| 123|0x0000000087b00000, 0x0000000087c00000, 0x0000000087c00000|100%| O|  |TAMS 0x0000000087b00000| PB 0x0000000087b00000| Untracked 
| 124|0x0000000087c00000, 0x0000000087d00000, 0x0000000087d00000|100%| O|Cm|TAMS 0x0000000087c00000| PB 0x0000000087c00000| Complete 
| 125|0x0000000087d00000, 0x0000000087e00000, 0x0000000087e00000|100%|HS|  |TAMS 0x0000000087d00000| PB 0x0000000087d00000| Complete 
| 126|0x0000000087e00000, 0x0000000087f00000, 0x0000000087f00000|100%| O|  |TAMS 0x0000000087e00000| PB 0x0000000087e00000| Untracked 
| 127|0x0000000087f00000, 0x0000000088000000, 0x0000000088000000|100%| O|  |TAMS 0x0000000087f00000| PB 0x0000000087f00000| Untracked 
| 128|0x0000000088000000, 0x0000000088100000, 0x0000000088100000|100%|HS|  |TAMS 0x0000000088000000| PB 0x0000000088000000| Complete 
| 129|0x0000000088100000, 0x0000000088200000, 0x0000000088200000|100%|HC|  |TAMS 0x0000000088100000| PB 0x0000000088100000| Complete 
| 130|0x0000000088200000, 0x0000000088300000, 0x0000000088300000|100%|HC|  |TAMS 0x0000000088200000| PB 0x0000000088200000| Complete 
| 131|0x0000000088300000, 0x0000000088400000, 0x0000000088400000|100%| O|  |TAMS 0x0000000088300000| PB 0x0000000088300000| Untracked 
| 132|0x0000000088400000, 0x0000000088500000, 0x0000000088500000|100%| O|  |TAMS 0x0000000088400000| PB 0x0000000088400000| Untracked 
| 133|0x0000000088500000, 0x0000000088600000, 0x0000000088600000|100%| O|  |TAMS 0x0000000088500000| PB 0x0000000088500000| Untracked 
| 134|0x0000000088600000, 0x0000000088700000, 0x0000000088700000|100%| O|  |TAMS 0x0000000088600000| PB 0x0000000088600000| Untracked 
| 135|0x0000000088700000, 0x0000000088800000, 0x0000000088800000|100%| O|  |TAMS 0x0000000088700000| PB 0x0000000088700000| Untracked 
| 136|0x0000000088800000, 0x0000000088900000, 0x0000000088900000|100%| O|  |TAMS 0x0000000088800000| PB 0x0000000088800000| Untracked 
| 137|0x0000000088900000, 0x0000000088a00000, 0x0000000088a00000|100%| O|  |TAMS 0x0000000088900000| PB 0x0000000088900000| Untracked 
| 138|0x0000000088a00000, 0x0000000088b00000, 0x0000000088b00000|100%| O|  |TAMS 0x0000000088a00000| PB 0x0000000088a00000| Untracked 
| 139|0x0000000088b00000, 0x0000000088c00000, 0x0000000088c00000|100%| O|  |TAMS 0x0000000088b00000| PB 0x0000000088b00000| Untracked 
| 140|0x0000000088c00000, 0x0000000088d00000, 0x0000000088d00000|100%| O|Cm|TAMS 0x0000000088c00000| PB 0x0000000088c00000| Complete 
| 141|0x0000000088d00000, 0x0000000088e00000, 0x0000000088e00000|100%| O|  |TAMS 0x0000000088d00000| PB 0x0000000088d00000| Untracked 
| 142|0x0000000088e00000, 0x0000000088f00000, 0x0000000088f00000|100%| O|  |TAMS 0x0000000088e00000| PB 0x0000000088e00000| Untracked 
| 143|0x0000000088f00000, 0x0000000089000000, 0x0000000089000000|100%|HS|  |TAMS 0x0000000088f00000| PB 0x0000000088f00000| Complete 
| 144|0x0000000089000000, 0x0000000089100000, 0x0000000089100000|100%|HC|  |TAMS 0x0000000089000000| PB 0x0000000089000000| Complete 
| 145|0x0000000089100000, 0x0000000089200000, 0x0000000089200000|100%| O|  |TAMS 0x0000000089100000| PB 0x0000000089100000| Untracked 
| 146|0x0000000089200000, 0x0000000089300000, 0x0000000089300000|100%| O|  |TAMS 0x0000000089200000| PB 0x0000000089200000| Untracked 
| 147|0x0000000089300000, 0x0000000089400000, 0x0000000089400000|100%| O|  |TAMS 0x0000000089300000| PB 0x0000000089300000| Untracked 
| 148|0x0000000089400000, 0x0000000089500000, 0x0000000089500000|100%| O|  |TAMS 0x0000000089400000| PB 0x0000000089400000| Untracked 
| 149|0x0000000089500000, 0x0000000089600000, 0x0000000089600000|100%| O|  |TAMS 0x0000000089500000| PB 0x0000000089500000| Untracked 
| 150|0x0000000089600000, 0x0000000089700000, 0x0000000089700000|100%| O|  |TAMS 0x0000000089600000| PB 0x0000000089600000| Untracked 
| 151|0x0000000089700000, 0x0000000089800000, 0x0000000089800000|100%| O|  |TAMS 0x0000000089700000| PB 0x0000000089700000| Untracked 
| 152|0x0000000089800000, 0x0000000089900000, 0x0000000089900000|100%| O|Cm|TAMS 0x0000000089800000| PB 0x0000000089800000| Complete 
| 153|0x0000000089900000, 0x0000000089a00000, 0x0000000089a00000|100%| O|  |TAMS 0x0000000089900000| PB 0x0000000089900000| Untracked 
| 154|0x0000000089a00000, 0x0000000089a3e340, 0x0000000089b00000| 24%| O|  |TAMS 0x0000000089a00000| PB 0x0000000089a00000| Untracked 
| 155|0x0000000089b00000, 0x0000000089c00000, 0x0000000089c00000|100%| O|  |TAMS 0x0000000089b00000| PB 0x0000000089b00000| Untracked 
| 156|0x0000000089c00000, 0x0000000089d00000, 0x0000000089d00000|100%| O|  |TAMS 0x0000000089c00000| PB 0x0000000089c00000| Untracked 
| 157|0x0000000089d00000, 0x0000000089e00000, 0x0000000089e00000|100%| O|  |TAMS 0x0000000089d00000| PB 0x0000000089d00000| Untracked 
| 158|0x0000000089e00000, 0x0000000089f00000, 0x0000000089f00000|100%| O|  |TAMS 0x0000000089e00000| PB 0x0000000089e00000| Untracked 
| 159|0x0000000089f00000, 0x0000000089f00000, 0x000000008a000000|  0%| F|  |TAMS 0x0000000089f00000| PB 0x0000000089f00000| Untracked 
| 160|0x000000008a000000, 0x000000008a000000, 0x000000008a100000|  0%| F|  |TAMS 0x000000008a000000| PB 0x000000008a000000| Untracked 
| 161|0x000000008a100000, 0x000000008a100000, 0x000000008a200000|  0%| F|  |TAMS 0x000000008a100000| PB 0x000000008a100000| Untracked 
| 162|0x000000008a200000, 0x000000008a300000, 0x000000008a300000|100%| O|  |TAMS 0x000000008a200000| PB 0x000000008a200000| Untracked 
| 163|0x000000008a300000, 0x000000008a300000, 0x000000008a400000|  0%| F|  |TAMS 0x000000008a300000| PB 0x000000008a300000| Untracked 
| 164|0x000000008a400000, 0x000000008a400000, 0x000000008a500000|  0%| F|  |TAMS 0x000000008a400000| PB 0x000000008a400000| Untracked 
| 165|0x000000008a500000, 0x000000008a500000, 0x000000008a600000|  0%| F|  |TAMS 0x000000008a500000| PB 0x000000008a500000| Untracked 
| 166|0x000000008a600000, 0x000000008a600000, 0x000000008a700000|  0%| F|  |TAMS 0x000000008a600000| PB 0x000000008a600000| Untracked 
| 167|0x000000008a700000, 0x000000008a700000, 0x000000008a800000|  0%| F|  |TAMS 0x000000008a700000| PB 0x000000008a700000| Untracked 
| 168|0x000000008a800000, 0x000000008a900000, 0x000000008a900000|100%| S|CS|TAMS 0x000000008a800000| PB 0x000000008a800000| Complete 
| 169|0x000000008a900000, 0x000000008aa00000, 0x000000008aa00000|100%| S|CS|TAMS 0x000000008a900000| PB 0x000000008a900000| Complete 
| 170|0x000000008aa00000, 0x000000008ab00000, 0x000000008ab00000|100%| S|CS|TAMS 0x000000008aa00000| PB 0x000000008aa00000| Complete 
| 171|0x000000008ab00000, 0x000000008ab00000, 0x000000008ac00000|  0%| F|  |TAMS 0x000000008ab00000| PB 0x000000008ab00000| Untracked 
| 172|0x000000008ac00000, 0x000000008ac00000, 0x000000008ad00000|  0%| F|  |TAMS 0x000000008ac00000| PB 0x000000008ac00000| Untracked 
| 173|0x000000008ad00000, 0x000000008ad00000, 0x000000008ae00000|  0%| F|  |TAMS 0x000000008ad00000| PB 0x000000008ad00000| Untracked 
| 174|0x000000008ae00000, 0x000000008ae00000, 0x000000008af00000|  0%| F|  |TAMS 0x000000008ae00000| PB 0x000000008ae00000| Untracked 
| 175|0x000000008af00000, 0x000000008af00000, 0x000000008b000000|  0%| F|  |TAMS 0x000000008af00000| PB 0x000000008af00000| Untracked 
| 176|0x000000008b000000, 0x000000008b000000, 0x000000008b100000|  0%| F|  |TAMS 0x000000008b000000| PB 0x000000008b000000| Untracked 
| 177|0x000000008b100000, 0x000000008b100000, 0x000000008b200000|  0%| F|  |TAMS 0x000000008b100000| PB 0x000000008b100000| Untracked 
| 178|0x000000008b200000, 0x000000008b200000, 0x000000008b300000|  0%| F|  |TAMS 0x000000008b200000| PB 0x000000008b200000| Untracked 
| 179|0x000000008b300000, 0x000000008b300000, 0x000000008b400000|  0%| F|  |TAMS 0x000000008b300000| PB 0x000000008b300000| Untracked 
| 180|0x000000008b400000, 0x000000008b400000, 0x000000008b500000|  0%| F|  |TAMS 0x000000008b400000| PB 0x000000008b400000| Untracked 
| 181|0x000000008b500000, 0x000000008b600000, 0x000000008b600000|100%| S|CS|TAMS 0x000000008b500000| PB 0x000000008b500000| Complete 
| 182|0x000000008b600000, 0x000000008b700000, 0x000000008b700000|100%| S|CS|TAMS 0x000000008b600000| PB 0x000000008b600000| Complete 
| 183|0x000000008b700000, 0x000000008b800000, 0x000000008b800000|100%| S|CS|TAMS 0x000000008b700000| PB 0x000000008b700000| Complete 
| 184|0x000000008b800000, 0x000000008b900000, 0x000000008b900000|100%| S|CS|TAMS 0x000000008b800000| PB 0x000000008b800000| Complete 
| 185|0x000000008b900000, 0x000000008ba00000, 0x000000008ba00000|100%| S|CS|TAMS 0x000000008b900000| PB 0x000000008b900000| Complete 
| 186|0x000000008ba00000, 0x000000008bb00000, 0x000000008bb00000|100%| S|CS|TAMS 0x000000008ba00000| PB 0x000000008ba00000| Complete 
| 187|0x000000008bb00000, 0x000000008bc00000, 0x000000008bc00000|100%| S|CS|TAMS 0x000000008bb00000| PB 0x000000008bb00000| Complete 
| 188|0x000000008bc00000, 0x000000008bd00000, 0x000000008bd00000|100%| S|CS|TAMS 0x000000008bc00000| PB 0x000000008bc00000| Complete 
| 189|0x000000008bd00000, 0x000000008be00000, 0x000000008be00000|100%| S|CS|TAMS 0x000000008bd00000| PB 0x000000008bd00000| Complete 
| 190|0x000000008be00000, 0x000000008be00000, 0x000000008bf00000|  0%| F|  |TAMS 0x000000008be00000| PB 0x000000008be00000| Untracked 
| 191|0x000000008bf00000, 0x000000008bf00000, 0x000000008c000000|  0%| F|  |TAMS 0x000000008bf00000| PB 0x000000008bf00000| Untracked 
| 192|0x000000008c000000, 0x000000008c000000, 0x000000008c100000|  0%| F|  |TAMS 0x000000008c000000| PB 0x000000008c000000| Untracked 
| 193|0x000000008c100000, 0x000000008c100000, 0x000000008c200000|  0%| F|  |TAMS 0x000000008c100000| PB 0x000000008c100000| Untracked 
| 194|0x000000008c200000, 0x000000008c200000, 0x000000008c300000|  0%| F|  |TAMS 0x000000008c200000| PB 0x000000008c200000| Untracked 
| 195|0x000000008c300000, 0x000000008c300000, 0x000000008c400000|  0%| F|  |TAMS 0x000000008c300000| PB 0x000000008c300000| Untracked 
| 196|0x000000008c400000, 0x000000008c400000, 0x000000008c500000|  0%| F|  |TAMS 0x000000008c400000| PB 0x000000008c400000| Untracked 
| 197|0x000000008c500000, 0x000000008c500000, 0x000000008c600000|  0%| F|  |TAMS 0x000000008c500000| PB 0x000000008c500000| Untracked 
| 198|0x000000008c600000, 0x000000008c600000, 0x000000008c700000|  0%| F|  |TAMS 0x000000008c600000| PB 0x000000008c600000| Untracked 
| 199|0x000000008c700000, 0x000000008c700000, 0x000000008c800000|  0%| F|  |TAMS 0x000000008c700000| PB 0x000000008c700000| Untracked 
| 200|0x000000008c800000, 0x000000008c800000, 0x000000008c900000|  0%| F|  |TAMS 0x000000008c800000| PB 0x000000008c800000| Untracked 
| 201|0x000000008c900000, 0x000000008c900000, 0x000000008ca00000|  0%| F|  |TAMS 0x000000008c900000| PB 0x000000008c900000| Untracked 
| 202|0x000000008ca00000, 0x000000008ca00000, 0x000000008cb00000|  0%| F|  |TAMS 0x000000008ca00000| PB 0x000000008ca00000| Untracked 
| 203|0x000000008cb00000, 0x000000008cb00000, 0x000000008cc00000|  0%| F|  |TAMS 0x000000008cb00000| PB 0x000000008cb00000| Untracked 
| 204|0x000000008cc00000, 0x000000008cc00000, 0x000000008cd00000|  0%| F|  |TAMS 0x000000008cc00000| PB 0x000000008cc00000| Untracked 
| 205|0x000000008cd00000, 0x000000008cd00000, 0x000000008ce00000|  0%| F|  |TAMS 0x000000008cd00000| PB 0x000000008cd00000| Untracked 
| 206|0x000000008ce00000, 0x000000008ce00000, 0x000000008cf00000|  0%| F|  |TAMS 0x000000008ce00000| PB 0x000000008ce00000| Untracked 
| 207|0x000000008cf00000, 0x000000008cf00000, 0x000000008d000000|  0%| F|  |TAMS 0x000000008cf00000| PB 0x000000008cf00000| Untracked 
| 208|0x000000008d000000, 0x000000008d000000, 0x000000008d100000|  0%| F|  |TAMS 0x000000008d000000| PB 0x000000008d000000| Untracked 
| 209|0x000000008d100000, 0x000000008d100000, 0x000000008d200000|  0%| F|  |TAMS 0x000000008d100000| PB 0x000000008d100000| Untracked 
| 210|0x000000008d200000, 0x000000008d200000, 0x000000008d300000|  0%| F|  |TAMS 0x000000008d200000| PB 0x000000008d200000| Untracked 
| 211|0x000000008d300000, 0x000000008d300000, 0x000000008d400000|  0%| F|  |TAMS 0x000000008d300000| PB 0x000000008d300000| Untracked 
| 212|0x000000008d400000, 0x000000008d400000, 0x000000008d500000|  0%| F|  |TAMS 0x000000008d400000| PB 0x000000008d400000| Untracked 
| 213|0x000000008d500000, 0x000000008d500000, 0x000000008d600000|  0%| F|  |TAMS 0x000000008d500000| PB 0x000000008d500000| Untracked 
| 214|0x000000008d600000, 0x000000008d600000, 0x000000008d700000|  0%| F|  |TAMS 0x000000008d600000| PB 0x000000008d600000| Untracked 
| 215|0x000000008d700000, 0x000000008d700000, 0x000000008d800000|  0%| F|  |TAMS 0x000000008d700000| PB 0x000000008d700000| Untracked 
| 216|0x000000008d800000, 0x000000008d800000, 0x000000008d900000|  0%| F|  |TAMS 0x000000008d800000| PB 0x000000008d800000| Untracked 
| 217|0x000000008d900000, 0x000000008d900000, 0x000000008da00000|  0%| F|  |TAMS 0x000000008d900000| PB 0x000000008d900000| Untracked 
| 218|0x000000008da00000, 0x000000008da00000, 0x000000008db00000|  0%| F|  |TAMS 0x000000008da00000| PB 0x000000008da00000| Untracked 
| 219|0x000000008db00000, 0x000000008db00000, 0x000000008dc00000|  0%| F|  |TAMS 0x000000008db00000| PB 0x000000008db00000| Untracked 
| 220|0x000000008dc00000, 0x000000008dc00000, 0x000000008dd00000|  0%| F|  |TAMS 0x000000008dc00000| PB 0x000000008dc00000| Untracked 
| 221|0x000000008dd00000, 0x000000008dd00000, 0x000000008de00000|  0%| F|  |TAMS 0x000000008dd00000| PB 0x000000008dd00000| Untracked 
| 222|0x000000008de00000, 0x000000008de00000, 0x000000008df00000|  0%| F|  |TAMS 0x000000008de00000| PB 0x000000008de00000| Untracked 
| 223|0x000000008df00000, 0x000000008df00000, 0x000000008e000000|  0%| F|  |TAMS 0x000000008df00000| PB 0x000000008df00000| Untracked 
| 224|0x000000008e000000, 0x000000008e000000, 0x000000008e100000|  0%| F|  |TAMS 0x000000008e000000| PB 0x000000008e000000| Untracked 
| 225|0x000000008e100000, 0x000000008e100000, 0x000000008e200000|  0%| F|  |TAMS 0x000000008e100000| PB 0x000000008e100000| Untracked 
| 226|0x000000008e200000, 0x000000008e200000, 0x000000008e300000|  0%| F|  |TAMS 0x000000008e200000| PB 0x000000008e200000| Untracked 
| 227|0x000000008e300000, 0x000000008e300000, 0x000000008e400000|  0%| F|  |TAMS 0x000000008e300000| PB 0x000000008e300000| Untracked 
| 228|0x000000008e400000, 0x000000008e400000, 0x000000008e500000|  0%| F|  |TAMS 0x000000008e400000| PB 0x000000008e400000| Untracked 
| 229|0x000000008e500000, 0x000000008e500000, 0x000000008e600000|  0%| F|  |TAMS 0x000000008e500000| PB 0x000000008e500000| Untracked 
| 230|0x000000008e600000, 0x000000008e600000, 0x000000008e700000|  0%| F|  |TAMS 0x000000008e600000| PB 0x000000008e600000| Untracked 
| 231|0x000000008e700000, 0x000000008e700000, 0x000000008e800000|  0%| F|  |TAMS 0x000000008e700000| PB 0x000000008e700000| Untracked 
| 232|0x000000008e800000, 0x000000008e800000, 0x000000008e900000|  0%| F|  |TAMS 0x000000008e800000| PB 0x000000008e800000| Untracked 
| 233|0x000000008e900000, 0x000000008e900000, 0x000000008ea00000|  0%| F|  |TAMS 0x000000008e900000| PB 0x000000008e900000| Untracked 
| 234|0x000000008ea00000, 0x000000008ea00000, 0x000000008eb00000|  0%| F|  |TAMS 0x000000008ea00000| PB 0x000000008ea00000| Untracked 
| 235|0x000000008eb00000, 0x000000008eb00000, 0x000000008ec00000|  0%| F|  |TAMS 0x000000008eb00000| PB 0x000000008eb00000| Untracked 
| 236|0x000000008ec00000, 0x000000008ec00000, 0x000000008ed00000|  0%| F|  |TAMS 0x000000008ec00000| PB 0x000000008ec00000| Untracked 
| 237|0x000000008ed00000, 0x000000008ed00000, 0x000000008ee00000|  0%| F|  |TAMS 0x000000008ed00000| PB 0x000000008ed00000| Untracked 
| 238|0x000000008ee00000, 0x000000008ee00000, 0x000000008ef00000|  0%| F|  |TAMS 0x000000008ee00000| PB 0x000000008ee00000| Untracked 
| 239|0x000000008ef00000, 0x000000008ef00000, 0x000000008f000000|  0%| F|  |TAMS 0x000000008ef00000| PB 0x000000008ef00000| Untracked 
| 240|0x000000008f000000, 0x000000008f000000, 0x000000008f100000|  0%| F|  |TAMS 0x000000008f000000| PB 0x000000008f000000| Untracked 
| 241|0x000000008f100000, 0x000000008f100000, 0x000000008f200000|  0%| F|  |TAMS 0x000000008f100000| PB 0x000000008f100000| Untracked 
| 242|0x000000008f200000, 0x000000008f200000, 0x000000008f300000|  0%| F|  |TAMS 0x000000008f200000| PB 0x000000008f200000| Untracked 
| 243|0x000000008f300000, 0x000000008f300000, 0x000000008f400000|  0%| F|  |TAMS 0x000000008f300000| PB 0x000000008f300000| Untracked 
| 244|0x000000008f400000, 0x000000008f400000, 0x000000008f500000|  0%| F|  |TAMS 0x000000008f400000| PB 0x000000008f400000| Untracked 
| 245|0x000000008f500000, 0x000000008f500000, 0x000000008f600000|  0%| F|  |TAMS 0x000000008f500000| PB 0x000000008f500000| Untracked 
| 246|0x000000008f600000, 0x000000008f600000, 0x000000008f700000|  0%| F|  |TAMS 0x000000008f600000| PB 0x000000008f600000| Untracked 
| 247|0x000000008f700000, 0x000000008f700000, 0x000000008f800000|  0%| F|  |TAMS 0x000000008f700000| PB 0x000000008f700000| Untracked 
| 248|0x000000008f800000, 0x000000008f800000, 0x000000008f900000|  0%| F|  |TAMS 0x000000008f800000| PB 0x000000008f800000| Untracked 
| 249|0x000000008f900000, 0x000000008f900000, 0x000000008fa00000|  0%| F|  |TAMS 0x000000008f900000| PB 0x000000008f900000| Untracked 
| 250|0x000000008fa00000, 0x000000008fa00000, 0x000000008fb00000|  0%| F|  |TAMS 0x000000008fa00000| PB 0x000000008fa00000| Untracked 
| 251|0x000000008fb00000, 0x000000008fb00000, 0x000000008fc00000|  0%| F|  |TAMS 0x000000008fb00000| PB 0x000000008fb00000| Untracked 
| 252|0x000000008fc00000, 0x000000008fc00000, 0x000000008fd00000|  0%| F|  |TAMS 0x000000008fc00000| PB 0x000000008fc00000| Untracked 
| 253|0x000000008fd00000, 0x000000008fd00000, 0x000000008fe00000|  0%| F|  |TAMS 0x000000008fd00000| PB 0x000000008fd00000| Untracked 
| 254|0x000000008fe00000, 0x000000008fe00000, 0x000000008ff00000|  0%| F|  |TAMS 0x000000008fe00000| PB 0x000000008fe00000| Untracked 
| 255|0x000000008ff00000, 0x000000008ff00000, 0x0000000090000000|  0%| F|  |TAMS 0x000000008ff00000| PB 0x000000008ff00000| Untracked 
| 256|0x0000000090000000, 0x0000000090000000, 0x0000000090100000|  0%| F|  |TAMS 0x0000000090000000| PB 0x0000000090000000| Untracked 
| 257|0x0000000090100000, 0x0000000090100000, 0x0000000090200000|  0%| F|  |TAMS 0x0000000090100000| PB 0x0000000090100000| Untracked 
| 258|0x0000000090200000, 0x0000000090200000, 0x0000000090300000|  0%| F|  |TAMS 0x0000000090200000| PB 0x0000000090200000| Untracked 
| 259|0x0000000090300000, 0x0000000090300000, 0x0000000090400000|  0%| F|  |TAMS 0x0000000090300000| PB 0x0000000090300000| Untracked 
| 260|0x0000000090400000, 0x0000000090400000, 0x0000000090500000|  0%| F|  |TAMS 0x0000000090400000| PB 0x0000000090400000| Untracked 
| 261|0x0000000090500000, 0x0000000090600000, 0x0000000090600000|100%| E|CS|TAMS 0x0000000090500000| PB 0x0000000090500000| Complete 
| 262|0x0000000090600000, 0x0000000090700000, 0x0000000090700000|100%| E|CS|TAMS 0x0000000090600000| PB 0x0000000090600000| Complete 
| 263|0x0000000090700000, 0x0000000090800000, 0x0000000090800000|100%| E|CS|TAMS 0x0000000090700000| PB 0x0000000090700000| Complete 
| 264|0x0000000090800000, 0x0000000090900000, 0x0000000090900000|100%| E|CS|TAMS 0x0000000090800000| PB 0x0000000090800000| Complete 
| 265|0x0000000090900000, 0x0000000090900000, 0x0000000090a00000|  0%| F|  |TAMS 0x0000000090900000| PB 0x0000000090900000| Untracked 
| 266|0x0000000090a00000, 0x0000000090a00000, 0x0000000090b00000|  0%| F|  |TAMS 0x0000000090a00000| PB 0x0000000090a00000| Untracked 
| 267|0x0000000090b00000, 0x0000000090b00000, 0x0000000090c00000|  0%| F|  |TAMS 0x0000000090b00000| PB 0x0000000090b00000| Untracked 
| 268|0x0000000090c00000, 0x0000000090c00000, 0x0000000090d00000|  0%| F|  |TAMS 0x0000000090c00000| PB 0x0000000090c00000| Untracked 
| 269|0x0000000090d00000, 0x0000000090d00000, 0x0000000090e00000|  0%| F|  |TAMS 0x0000000090d00000| PB 0x0000000090d00000| Untracked 
| 270|0x0000000090e00000, 0x0000000090e00000, 0x0000000090f00000|  0%| F|  |TAMS 0x0000000090e00000| PB 0x0000000090e00000| Untracked 
| 271|0x0000000090f00000, 0x0000000090f00000, 0x0000000091000000|  0%| F|  |TAMS 0x0000000090f00000| PB 0x0000000090f00000| Untracked 
| 272|0x0000000091000000, 0x0000000091000000, 0x0000000091100000|  0%| F|  |TAMS 0x0000000091000000| PB 0x0000000091000000| Untracked 
| 273|0x0000000091100000, 0x0000000091100000, 0x0000000091200000|  0%| F|  |TAMS 0x0000000091100000| PB 0x0000000091100000| Untracked 
| 274|0x0000000091200000, 0x0000000091200000, 0x0000000091300000|  0%| F|  |TAMS 0x0000000091200000| PB 0x0000000091200000| Untracked 
| 275|0x0000000091300000, 0x0000000091300000, 0x0000000091400000|  0%| F|  |TAMS 0x0000000091300000| PB 0x0000000091300000| Untracked 
| 276|0x0000000091400000, 0x0000000091400000, 0x0000000091500000|  0%| F|  |TAMS 0x0000000091400000| PB 0x0000000091400000| Untracked 
| 277|0x0000000091500000, 0x0000000091500000, 0x0000000091600000|  0%| F|  |TAMS 0x0000000091500000| PB 0x0000000091500000| Untracked 
| 278|0x0000000091600000, 0x0000000091600000, 0x0000000091700000|  0%| F|  |TAMS 0x0000000091600000| PB 0x0000000091600000| Untracked 
| 279|0x0000000091700000, 0x0000000091700000, 0x0000000091800000|  0%| F|  |TAMS 0x0000000091700000| PB 0x0000000091700000| Untracked 
| 280|0x0000000091800000, 0x00000000918a0970, 0x0000000091900000| 62%| E|  |TAMS 0x0000000091800000| PB 0x0000000091800000| Complete 
| 281|0x0000000091900000, 0x0000000091a00000, 0x0000000091a00000|100%| E|CS|TAMS 0x0000000091900000| PB 0x0000000091900000| Complete 
| 282|0x0000000091a00000, 0x0000000091b00000, 0x0000000091b00000|100%| E|CS|TAMS 0x0000000091a00000| PB 0x0000000091a00000| Complete 
| 283|0x0000000091b00000, 0x0000000091c00000, 0x0000000091c00000|100%| E|CS|TAMS 0x0000000091b00000| PB 0x0000000091b00000| Complete 
| 284|0x0000000091c00000, 0x0000000091d00000, 0x0000000091d00000|100%| E|CS|TAMS 0x0000000091c00000| PB 0x0000000091c00000| Complete 
|2041|0x00000000ff900000, 0x00000000ffa00000, 0x00000000ffa00000|100%| E|CS|TAMS 0x00000000ff900000| PB 0x00000000ff900000| Complete 
|2042|0x00000000ffa00000, 0x00000000ffb00000, 0x00000000ffb00000|100%| E|  |TAMS 0x00000000ffa00000| PB 0x00000000ffa00000| Complete 
|2043|0x00000000ffb00000, 0x00000000ffc00000, 0x00000000ffc00000|100%| E|CS|TAMS 0x00000000ffb00000| PB 0x00000000ffb00000| Complete 
|2044|0x00000000ffc00000, 0x00000000ffd00000, 0x00000000ffd00000|100%| O|  |TAMS 0x00000000ffc00000| PB 0x00000000ffc00000| Untracked 
|2045|0x00000000ffd00000, 0x00000000ffe00000, 0x00000000ffe00000|100%| E|CS|TAMS 0x00000000ffd00000| PB 0x00000000ffd00000| Complete 
|2046|0x00000000ffe00000, 0x00000000fff00000, 0x00000000fff00000|100%| O|  |TAMS 0x00000000ffe00000| PB 0x00000000ffe00000| Untracked 
|2047|0x00000000fff00000, 0x0000000100000000, 0x0000000100000000|100%| O|  |TAMS 0x00000000fff00000| PB 0x00000000fff00000| Untracked 

Card table byte_map: [0x000001eebf650000,0x000001eebfa50000] _byte_map_base: 0x000001eebf250000

Marking Bits: (CMBitMap*) 0x000001eeace27cf0
 Bits: [0x000001eebfa50000, 0x000001eec1a50000)

Polling page: 0x000001eeaadb0000

Metaspace:

Usage:
  Non-class:    107.05 MB used.
      Class:     17.34 MB used.
       Both:    124.39 MB used.

Virtual space:
  Non-class space:      128.00 MB reserved,     108.19 MB ( 85%) committed,  2 nodes.
      Class space:        1.00 GB reserved,      18.44 MB (  2%) committed,  1 nodes.
             Both:        1.12 GB reserved,     126.62 MB ( 11%) committed. 

Chunk freelists:
   Non-Class:  3.73 MB
       Class:  13.58 MB
        Both:  17.30 MB

MaxMetaspaceSize: unlimited
CompressedClassSpaceSize: 1.00 GB
Initial GC threshold: 21.00 MB
Current GC threshold: 211.06 MB
CDS: off
 - commit_granule_bytes: 65536.
 - commit_granule_words: 8192.
 - virtual_space_node_default_size: 8388608.
 - enlarge_chunks_in_place: 1.
 - use_allocation_guard: 0.


Internal statistics:

num_allocs_failed_limit: 6.
num_arena_births: 4468.
num_arena_deaths: 0.
num_vsnodes_births: 3.
num_vsnodes_deaths: 0.
num_space_committed: 2025.
num_space_uncommitted: 0.
num_chunks_returned_to_freelist: 6.
num_chunks_taken_from_freelist: 9896.
num_chunk_merges: 6.
num_chunk_splits: 6495.
num_chunks_enlarged: 4117.
num_inconsistent_stats: 0.

CodeHeap 'non-profiled nmethods': size=120000Kb used=7405Kb max_used=7438Kb free=112594Kb
 bounds [0x000001eeb79f0000, 0x000001eeb8140000, 0x000001eebef20000]
CodeHeap 'profiled nmethods': size=120000Kb used=20780Kb max_used=21125Kb free=99219Kb
 bounds [0x000001eeaff20000, 0x000001eeb13d0000, 0x000001eeb7450000]
CodeHeap 'non-nmethods': size=5760Kb used=3277Kb max_used=3344Kb free=2482Kb
 bounds [0x000001eeb7450000, 0x000001eeb77b0000, 0x000001eeb79f0000]
CodeCache: size=245760Kb, used=31462Kb, max_used=31907Kb, free=214295Kb
 total_blobs=12116, nmethods=11053, adapters=967, full_count=0
Compilation: enabled, stopped_count=0, restarted_count=0

Compilation events (20 events):
Event: 34.339 Thread 0x000001eec470e070 nmethod 13910 0x000001eeb7cf8b90 code [0x000001eeb7cf8d20, 0x000001eeb7cf8da8]
Event: 34.339 Thread 0x000001eec470e070 13908       4       com.esotericsoftware.kryo.io.Output::writeBoolean (44 bytes)
Event: 34.340 Thread 0x000001eec470e070 nmethod 13908 0x000001eeb7c94990 code [0x000001eeb7c94b20, 0x000001eeb7c94c50]
Event: 34.340 Thread 0x000001eec470e070 13906       4       org.gradle.internal.serialize.kryo.StringDeduplicatingKryoBackedEncoder::writeSmallInt (11 bytes)
Event: 34.340 Thread 0x000001eec470e070 nmethod 13906 0x000001eeb7ccb910 code [0x000001eeb7ccbaa0, 0x000001eeb7ccbb80]
Event: 34.342 Thread 0x000001eec470e070 13946       4       org.gradle.internal.component.external.model.DefaultModuleComponentIdentifier::equals (70 bytes)
Event: 34.346 Thread 0x000001eec4716b20 13951       3       org.gradle.api.internal.artifacts.ivyservice.resolveengine.graph.builder.EdgeState::restart (16 bytes)
Event: 34.346 Thread 0x000001eec4716b20 nmethod 13951 0x000001eeaff35190 code [0x000001eeaff35360, 0x000001eeaff35648]
Event: 34.347 Thread 0x000001eec470e070 nmethod 13946 0x000001eeb7c9f690 code [0x000001eeb7c9f860, 0x000001eeb7c9fe88]
Event: 34.347 Thread 0x000001eec470e070 13948       4       com.google.common.collect.LinkedHashMultimap$ValueSet::rehashIfNecessary (88 bytes)
Event: 34.353 Thread 0x000001eec4716b20 13952       1       org.gradle.api.internal.artifacts.ivyservice.ivyresolve.ErrorHandlingModuleComponentRepository::getRemoteAccess (5 bytes)
Event: 34.353 Thread 0x000001eec4716b20 nmethod 13952 0x000001eeb7c94690 code [0x000001eeb7c94820, 0x000001eeb7c948e8]
Event: 34.353 Thread 0x000001eec4716b20 13953       1       org.gradle.api.internal.artifacts.repositories.resolver.MavenResolver::getRemoteAccess (5 bytes)
Event: 34.353 Thread 0x000001eec4716b20 nmethod 13953 0x000001eeb7ccb590 code [0x000001eeb7ccb720, 0x000001eeb7ccb7e8]
Event: 34.353 Thread 0x000001eec4716b20 13954       1       org.gradle.api.internal.artifacts.repositories.metadata.DefaultImmutableMetadataSources::sources (5 bytes)
Event: 34.353 Thread 0x000001eec4716b20 nmethod 13954 0x000001eeb7c57b90 code [0x000001eeb7c57d20, 0x000001eeb7c57de8]
Event: 34.353 Thread 0x000001eec470e070 nmethod 13948 0x000001eeb7a7dd10 code [0x000001eeb7a7dee0, 0x000001eeb7a7e500]
Event: 34.353 Thread 0x000001eec470e070 13947       4       com.google.common.collect.LinkedHashMultimap$ValueSet::add (144 bytes)
Event: 34.357 Thread 0x000001eec4716b20 13956       3       java.util.LinkedList::toArray (39 bytes)
Event: 34.357 Thread 0x000001eec4716b20 nmethod 13956 0x000001eeb030eb90 code [0x000001eeb030ed40, 0x000001eeb030f118]

GC Heap History (20 events):
Event: 29.382 GC heap before
{Heap before GC invocations=31 (full 0):
 garbage-first heap   total 232448K, used 160900K [0x0000000080000000, 0x0000000100000000)
  region size 1024K, 31 young (31744K), 9 survivors (9216K)
 Metaspace       used 94622K, committed 96576K, reserved 1179648K
  class space    used 13171K, committed 14144K, reserved 1048576K
}
Event: 29.387 GC heap after
{Heap after GC invocations=32 (full 0):
 garbage-first heap   total 232448K, used 140257K [0x0000000080000000, 0x0000000100000000)
  region size 1024K, 5 young (5120K), 5 survivors (5120K)
 Metaspace       used 94622K, committed 96576K, reserved 1179648K
  class space    used 13171K, committed 14144K, reserved 1048576K
}
Event: 29.877 GC heap before
{Heap before GC invocations=33 (full 0):
 garbage-first heap   total 240640K, used 213985K [0x0000000080000000, 0x0000000100000000)
  region size 1024K, 74 young (75776K), 5 survivors (5120K)
 Metaspace       used 98243K, committed 100224K, reserved 1179648K
  class space    used 13705K, committed 14656K, reserved 1048576K
}
Event: 29.882 GC heap after
{Heap after GC invocations=34 (full 0):
 garbage-first heap   total 240640K, used 149504K [0x0000000080000000, 0x0000000100000000)
  region size 1024K, 10 young (10240K), 10 survivors (10240K)
 Metaspace       used 98243K, committed 100224K, reserved 1179648K
  class space    used 13705K, committed 14656K, reserved 1048576K
}
Event: 30.387 GC heap before
{Heap before GC invocations=34 (full 0):
 garbage-first heap   total 240640K, used 217088K [0x0000000080000000, 0x0000000100000000)
  region size 1024K, 76 young (77824K), 10 survivors (10240K)
 Metaspace       used 103390K, committed 105344K, reserved 1179648K
  class space    used 14596K, committed 15552K, reserved 1048576K
}
Event: 30.393 GC heap after
{Heap after GC invocations=35 (full 0):
 garbage-first heap   total 240640K, used 151419K [0x0000000080000000, 0x0000000100000000)
  region size 1024K, 3 young (3072K), 3 survivors (3072K)
 Metaspace       used 103390K, committed 105344K, reserved 1179648K
  class space    used 14596K, committed 15552K, reserved 1048576K
}
Event: 30.782 GC heap before
{Heap before GC invocations=35 (full 0):
 garbage-first heap   total 240640K, used 200571K [0x0000000080000000, 0x0000000100000000)
  region size 1024K, 52 young (53248K), 3 survivors (3072K)
 Metaspace       used 106940K, committed 108992K, reserved 1179648K
  class space    used 15131K, committed 16128K, reserved 1048576K
}
Event: 30.785 GC heap after
{Heap after GC invocations=36 (full 0):
 garbage-first heap   total 240640K, used 152924K [0x0000000080000000, 0x0000000100000000)
  region size 1024K, 5 young (5120K), 5 survivors (5120K)
 Metaspace       used 106940K, committed 108992K, reserved 1179648K
  class space    used 15131K, committed 16128K, reserved 1048576K
}
Event: 31.361 GC heap before
{Heap before GC invocations=37 (full 0):
 garbage-first heap   total 260096K, used 221532K [0x0000000080000000, 0x0000000100000000)
  region size 1024K, 71 young (72704K), 5 survivors (5120K)
 Metaspace       used 111879K, committed 114048K, reserved 1179648K
  class space    used 15876K, committed 16896K, reserved 1048576K
}
Event: 31.367 GC heap after
{Heap after GC invocations=38 (full 0):
 garbage-first heap   total 260096K, used 160640K [0x0000000080000000, 0x0000000100000000)
  region size 1024K, 9 young (9216K), 9 survivors (9216K)
 Metaspace       used 111879K, committed 114048K, reserved 1179648K
  class space    used 15876K, committed 16896K, reserved 1048576K
}
Event: 31.772 GC heap before
{Heap before GC invocations=38 (full 0):
 garbage-first heap   total 260096K, used 236416K [0x0000000080000000, 0x0000000100000000)
  region size 1024K, 83 young (84992K), 9 survivors (9216K)
 Metaspace       used 111880K, committed 114048K, reserved 1179648K
  class space    used 15876K, committed 16896K, reserved 1048576K
}
Event: 31.779 GC heap after
{Heap after GC invocations=39 (full 0):
 garbage-first heap   total 260096K, used 162515K [0x0000000080000000, 0x0000000100000000)
  region size 1024K, 9 young (9216K), 9 survivors (9216K)
 Metaspace       used 111880K, committed 114048K, reserved 1179648K
  class space    used 15876K, committed 16896K, reserved 1048576K
}
Event: 32.233 GC heap before
{Heap before GC invocations=39 (full 0):
 garbage-first heap   total 260096K, used 235219K [0x0000000080000000, 0x0000000100000000)
  region size 1024K, 80 young (81920K), 9 survivors (9216K)
 Metaspace       used 111880K, committed 114048K, reserved 1179648K
  class space    used 15876K, committed 16896K, reserved 1048576K
}
Event: 32.239 GC heap after
{Heap after GC invocations=40 (full 0):
 garbage-first heap   total 260096K, used 166235K [0x0000000080000000, 0x0000000100000000)
  region size 1024K, 7 young (7168K), 7 survivors (7168K)
 Metaspace       used 111880K, committed 114048K, reserved 1179648K
  class space    used 15876K, committed 16896K, reserved 1048576K
}
Event: 32.836 GC heap before
{Heap before GC invocations=41 (full 0):
 garbage-first heap   total 278528K, used 237915K [0x0000000080000000, 0x0000000100000000)
  region size 1024K, 76 young (77824K), 7 survivors (7168K)
 Metaspace       used 117105K, committed 119296K, reserved 1179648K
  class space    used 16530K, committed 17600K, reserved 1048576K
}
Event: 32.841 GC heap after
{Heap after GC invocations=42 (full 0):
 garbage-first heap   total 278528K, used 168948K [0x0000000080000000, 0x0000000100000000)
  region size 1024K, 6 young (6144K), 6 survivors (6144K)
 Metaspace       used 117105K, committed 119296K, reserved 1179648K
  class space    used 16530K, committed 17600K, reserved 1048576K
}
Event: 33.606 GC heap before
{Heap before GC invocations=42 (full 0):
 garbage-first heap   total 278528K, used 257012K [0x0000000080000000, 0x0000000100000000)
  region size 1024K, 88 young (90112K), 6 survivors (6144K)
 Metaspace       used 126040K, committed 128320K, reserved 1179648K
  class space    used 17637K, committed 18752K, reserved 1048576K
}
Event: 33.612 GC heap after
{Heap after GC invocations=43 (full 0):
 garbage-first heap   total 278528K, used 171508K [0x0000000080000000, 0x0000000100000000)
  region size 1024K, 10 young (10240K), 10 survivors (10240K)
 Metaspace       used 126040K, committed 128320K, reserved 1179648K
  class space    used 17637K, committed 18752K, reserved 1048576K
}
Event: 34.222 GC heap before
{Heap before GC invocations=43 (full 0):
 garbage-first heap   total 278528K, used 251380K [0x0000000080000000, 0x0000000100000000)
  region size 1024K, 89 young (91136K), 10 survivors (10240K)
 Metaspace       used 127289K, committed 129600K, reserved 1179648K
  class space    used 17749K, committed 18880K, reserved 1048576K
}
Event: 34.232 GC heap after
{Heap after GC invocations=44 (full 0):
 garbage-first heap   total 278528K, used 178424K [0x0000000080000000, 0x0000000100000000)
  region size 1024K, 12 young (12288K), 12 survivors (12288K)
 Metaspace       used 127289K, committed 129600K, reserved 1179648K
  class space    used 17749K, committed 18880K, reserved 1048576K
}

Dll operation events (3 events):
Event: 0.004 Loaded shared library C:\Program Files\Android\Android Studio2\jbr\bin\java.dll
Event: 0.008 Loaded shared library C:\Program Files\Android\Android Studio2\jbr\bin\zip.dll
Event: 0.391 Loaded shared library C:\Program Files\Android\Android Studio2\jbr\bin\verify.dll

Deoptimization events (20 events):
Event: 34.282 Thread 0x000001eecaae6fc0 Uncommon trap: trap_request=0xffffffde fr.pc=0x000001eeb80ae6a4 relative=0x0000000000000604
Event: 34.282 Thread 0x000001eecaae6fc0 Uncommon trap: reason=class_check action=maybe_recompile pc=0x000001eeb80ae6a4 method=org.gradle.api.internal.attributes.matching.DefaultAttributeMatcher$CachedQuery.from(Lorg/gradle/api/internal/attributes/ImmutableAttributes;Ljava/util/List;)Lorg/gradle
Event: 34.282 Thread 0x000001eecaae6fc0 DEOPT PACKING pc=0x000001eeb80ae6a4 sp=0x0000008a9c2f63c0
Event: 34.282 Thread 0x000001eecaae6fc0 DEOPT UNPACKING pc=0x000001eeb74a7da2 sp=0x0000008a9c2f6370 mode 2
Event: 34.315 Thread 0x000001eecaae6fc0 Uncommon trap: trap_request=0xffffffde fr.pc=0x000001eeb808bce8 relative=0x0000000000001de8
Event: 34.315 Thread 0x000001eecaae6fc0 Uncommon trap: reason=class_check action=maybe_recompile pc=0x000001eeb808bce8 method=org.gradle.api.internal.artifacts.ivyservice.resolveengine.result.DesugaredAttributeContainerSerializer.read(Lorg/gradle/internal/serialize/Decoder;)Lorg/gradle/api/inte
Event: 34.315 Thread 0x000001eecaae6fc0 DEOPT PACKING pc=0x000001eeb808bce8 sp=0x0000008a9c2f7160
Event: 34.315 Thread 0x000001eecaae6fc0 DEOPT UNPACKING pc=0x000001eeb74a7da2 sp=0x0000008a9c2f7130 mode 2
Event: 34.315 Thread 0x000001eecaae6fc0 Uncommon trap: trap_request=0xffffffc6 fr.pc=0x000001eeb7d991bc relative=0x00000000000002bc
Event: 34.315 Thread 0x000001eecaae6fc0 Uncommon trap: reason=bimorphic_or_optimized_type_check action=maybe_recompile pc=0x000001eeb7d991bc method=com.google.common.collect.ImmutableList.copyOf(Ljava/util/Collection;)Lcom/google/common/collect/ImmutableList; @ 16 c2
Event: 34.315 Thread 0x000001eecaae6fc0 DEOPT PACKING pc=0x000001eeb7d991bc sp=0x0000008a9c2f7250
Event: 34.315 Thread 0x000001eecaae6fc0 DEOPT UNPACKING pc=0x000001eeb74a7da2 sp=0x0000008a9c2f7218 mode 2
Event: 34.330 Thread 0x000001eecaae6fc0 Uncommon trap: trap_request=0xffffffde fr.pc=0x000001eeb80bd234 relative=0x0000000000001374
Event: 34.330 Thread 0x000001eecaae6fc0 Uncommon trap: reason=class_check action=maybe_recompile pc=0x000001eeb80bd234 method=org.gradle.internal.component.model.GraphVariantSelector.filterVariantsByRequestedCapabilities(Lorg/gradle/internal/component/model/ComponentGraphResolveState;Ljava/util
Event: 34.330 Thread 0x000001eecaae6fc0 DEOPT PACKING pc=0x000001eeb80bd234 sp=0x0000008a9c2f7500
Event: 34.330 Thread 0x000001eecaae6fc0 DEOPT UNPACKING pc=0x000001eeb74a7da2 sp=0x0000008a9c2f74c0 mode 2
Event: 34.330 Thread 0x000001eecaae6fc0 Uncommon trap: trap_request=0xffffffde fr.pc=0x000001eeb80ae6a4 relative=0x0000000000000604
Event: 34.330 Thread 0x000001eecaae6fc0 Uncommon trap: reason=class_check action=maybe_recompile pc=0x000001eeb80ae6a4 method=org.gradle.api.internal.attributes.matching.DefaultAttributeMatcher$CachedQuery.from(Lorg/gradle/api/internal/attributes/ImmutableAttributes;Ljava/util/List;)Lorg/gradle
Event: 34.330 Thread 0x000001eecaae6fc0 DEOPT PACKING pc=0x000001eeb80ae6a4 sp=0x0000008a9c2f7410
Event: 34.330 Thread 0x000001eecaae6fc0 DEOPT UNPACKING pc=0x000001eeb74a7da2 sp=0x0000008a9c2f73c0 mode 2

Classes loaded (20 events):
Event: 33.360 Loading class com/sun/xml/internal/stream/events/CharacterEvent
Event: 33.360 Loading class javax/xml/stream/events/Characters
Event: 33.360 Loading class javax/xml/stream/events/Characters done
Event: 33.360 Loading class com/sun/xml/internal/stream/events/CharacterEvent done
Event: 33.361 Loading class com/sun/xml/internal/stream/events/EndElementEvent
Event: 33.361 Loading class javax/xml/stream/events/EndElement
Event: 33.361 Loading class javax/xml/stream/events/EndElement done
Event: 33.361 Loading class com/sun/xml/internal/stream/events/EndElementEvent done
Event: 33.550 Loading class java/util/regex/Pattern$BackRef
Event: 33.550 Loading class java/util/regex/Pattern$BackRef done
Event: 33.551 Loading class java/util/stream/SortedOps$RefSortingSink
Event: 33.551 Loading class java/util/stream/SortedOps$RefSortingSink done
Event: 33.552 Loading class java/util/regex/Pattern$Pos
Event: 33.552 Loading class java/util/regex/Pattern$Pos done
Event: 33.704 Loading class java/io/CharArrayWriter
Event: 33.704 Loading class java/io/CharArrayWriter done
Event: 33.708 Loading class java/io/SequenceInputStream
Event: 33.708 Loading class java/io/SequenceInputStream done
Event: 33.713 Loading class java/util/function/IntUnaryOperator
Event: 33.713 Loading class java/util/function/IntUnaryOperator done

Classes unloaded (0 events):
No events

Classes redefined (0 events):
No events

Internal exceptions (20 events):
Event: 32.515 Thread 0x000001eecb0eb440 Exception <a 'java/lang/NoSuchMethodError'{0x000000008e90a788}: static Lcom/intellij/gradle/toolingExtension/impl/javaModel/manifestModel/DefaultJavaGradleManifestModel;.<clinit>()V> (0x000000008e90a788) 
thrown [s\src\hotspot\share\prims\jni.cpp, line 1144]
Event: 32.517 Thread 0x000001eecb0eb440 Exception <a 'java/lang/NoSuchMethodError'{0x000000008e91a768}: static Lcom/intellij/gradle/toolingExtension/impl/model/repositoryModel/DefaultProjectRepositoriesModel;.<clinit>()V> (0x000000008e91a768) 
thrown [s\src\hotspot\share\prims\jni.cpp, line 1144]
Event: 32.649 Thread 0x000001eecaae6fc0 Exception <a 'java/lang/NoSuchMethodError'{0x000000008dfb0010}: 'java.lang.Object java.lang.invoke.DirectMethodHandle$Holder.newInvokeSpecial(java.lang.Object, java.lang.Object, java.lang.Object, java.lang.Object, java.lang.Object, java.lang.Object, java.lang.Object, java.lang.Object, java.lang.Object, java.lang.Object, java.lang.Object, java.lang.Object, java.lang.Object, java.lang.Object, java.lang.Object, java.lang.Object, java.lang.Object, java.lang.Object)'> (0x000000008dfb0010) 
thrown [s\src\hotspot
Event: 32.649 Thread 0x000001eecaae6fc0 Exception <a 'java/lang/NoSuchMethodError'{0x000000008dfb65a8}: 'java.lang.Object java.lang.invoke.DirectMethodHandle$Holder.invokeSpecial(java.lang.Object, java.lang.Object, java.lang.Object, java.lang.Object, java.lang.Object, java.lang.Object, java.lang.Object, java.lang.Object, java.lang.Object, java.lang.Object, java.lang.Object, java.lang.Object, java.lang.Object, java.lang.Object, java.lang.Object, java.lang.Object, java.lang.Object, java.lang.Object, java.lang.Object)'> (0x000000008dfb65a8) 
thrown
Event: 32.649 Thread 0x000001eecaae6fc0 Exception <a 'java/lang/NoSuchMethodError'{0x000000008dfbb9b0}: 'java.lang.Object java.lang.invoke.DelegatingMethodHandle$Holder.reinvoke_L(java.lang.Object, java.lang.Object, java.lang.Object, java.lang.Object, java.lang.Object, java.lang.Object, java.lang.Object, java.lang.Object, java.lang.Object, java.lang.Object, java.lang.Object, java.lang.Object, java.lang.Object, java.lang.Object, java.lang.Object, java.lang.Object, java.lang.Object, java.lang.Object)'> (0x000000008dfbb9b0) 
thrown [s\src\hotspot\s
Event: 32.759 Thread 0x000001eecaae6fc0 Exception <a 'sun/nio/fs/WindowsException'{0x000000008d3b5e00}> (0x000000008d3b5e00) 
thrown [s\src\hotspot\share\prims\jni.cpp, line 537]
Event: 32.759 Thread 0x000001eecaae6fc0 Exception <a 'sun/nio/fs/WindowsException'{0x000000008d3b74d0}> (0x000000008d3b74d0) 
thrown [s\src\hotspot\share\prims\jni.cpp, line 537]
Event: 32.759 Thread 0x000001eecaae6fc0 Exception <a 'sun/nio/fs/WindowsException'{0x000000008d3b8bf0}> (0x000000008d3b8bf0) 
thrown [s\src\hotspot\share\prims\jni.cpp, line 537]
Event: 32.759 Thread 0x000001eecaae6fc0 Exception <a 'sun/nio/fs/WindowsException'{0x000000008d3ba310}> (0x000000008d3ba310) 
thrown [s\src\hotspot\share\prims\jni.cpp, line 537]
Event: 32.845 Thread 0x000001eecaae6fc0 Exception <a 'java/lang/NullPointerException'{0x00000000ffda1b48}> (0x00000000ffda1b48) 
thrown [s\src\hotspot\share\interpreter\linkResolver.cpp, line 1471]
Event: 33.148 Thread 0x000001eecaae6fc0 Implicit null exception at 0x000001eeb7ab89cf to 0x000001eeb7aba1f4
Event: 33.328 Thread 0x000001eecaae6fc0 Exception <a 'java/lang/NoSuchMethodError'{0x000000008d7a5108}: 'void java.lang.invoke.DirectMethodHandle$Holder.invokeSpecial(java.lang.Object, java.lang.Object, java.lang.Object, java.lang.Object, int, java.lang.Object, java.lang.Object)'> (0x000000008d7a5108) 
thrown [s\src\hotspot\share\interpreter\linkResolver.cpp, line 784]
Event: 33.545 Thread 0x000001eecaae6fc0 Exception <a 'java/lang/NoSuchMethodError'{0x000000008bab7b18}: 'void java.lang.invoke.DirectMethodHandle$Holder.invokeStatic(java.lang.Object, java.lang.Object, java.lang.Object, java.lang.Object, java.lang.Object, java.lang.Object, java.lang.Object, java.lang.Object)'> (0x000000008bab7b18) 
thrown [s\src\hotspot\share\interpreter\linkResolver.cpp, line 784]
Event: 33.566 Thread 0x000001eecaae6fc0 Exception <a 'java/lang/NoSuchMethodError'{0x000000008b872b40}: 'java.lang.Object java.lang.invoke.DirectMethodHandle$Holder.invokeStatic(java.lang.Object, int, int, java.lang.Object, java.lang.Object, java.lang.Object)'> (0x000000008b872b40) 
thrown [s\src\hotspot\share\interpreter\linkResolver.cpp, line 784]
Event: 33.566 Thread 0x000001eecaae6fc0 Exception <a 'java/lang/NoSuchMethodError'{0x000000008b87b368}: 'java.lang.Object java.lang.invoke.DirectMethodHandle$Holder.newInvokeSpecial(java.lang.Object, int, int, java.lang.Object, java.lang.Object)'> (0x000000008b87b368) 
thrown [s\src\hotspot\share\interpreter\linkResolver.cpp, line 784]
Event: 33.567 Thread 0x000001eecaae6fc0 Exception <a 'java/lang/NoSuchMethodError'{0x000000008b87f950}: 'java.lang.Object java.lang.invoke.DirectMethodHandle$Holder.invokeSpecial(java.lang.Object, java.lang.Object, int, int, java.lang.Object, java.lang.Object)'> (0x000000008b87f950) 
thrown [s\src\hotspot\share\interpreter\linkResolver.cpp, line 784]
Event: 33.612 Thread 0x000001eec46de130 Implicit null exception at 0x000001eeb7eeebc8 to 0x000001eeb7eef280
Event: 33.713 Thread 0x000001eecaae6fc0 Exception <a 'java/lang/NoSuchMethodError'{0x000000009034c158}: 'int java.lang.invoke.DirectMethodHandle$Holder.invokeSpecial(java.lang.Object, java.lang.Object, int)'> (0x000000009034c158) 
thrown [s\src\hotspot\share\interpreter\linkResolver.cpp, line 784]
Event: 34.158 Thread 0x000001eecaae6fc0 Implicit null exception at 0x000001eeb7da3a7d to 0x000001eeb7da3c18
Event: 34.166 Thread 0x000001eecaae6fc0 Implicit null exception at 0x000001eeb7da4068 to 0x000001eeb7da41d8

ZGC Phase Switch (0 events):
No events

VM Operations (20 events):
Event: 33.276 Executing VM operation: ICBufferFull
Event: 33.276 Executing VM operation: ICBufferFull done
Event: 33.534 Executing VM operation: ICBufferFull
Event: 33.534 Executing VM operation: ICBufferFull done
Event: 33.538 Executing VM operation: HandshakeAllThreads (Deoptimize)
Event: 33.538 Executing VM operation: HandshakeAllThreads (Deoptimize) done
Event: 33.554 Executing VM operation: HandshakeAllThreads (Deoptimize)
Event: 33.554 Executing VM operation: HandshakeAllThreads (Deoptimize) done
Event: 33.605 Executing VM operation: G1CollectForAllocation (G1 Evacuation Pause)
Event: 33.612 Executing VM operation: G1CollectForAllocation (G1 Evacuation Pause) done
Event: 33.698 Executing VM operation: ICBufferFull
Event: 33.698 Executing VM operation: ICBufferFull done
Event: 33.928 Executing VM operation: ICBufferFull
Event: 33.928 Executing VM operation: ICBufferFull done
Event: 34.095 Executing VM operation: ICBufferFull
Event: 34.095 Executing VM operation: ICBufferFull done
Event: 34.221 Executing VM operation: G1CollectForAllocation (G1 Evacuation Pause)
Event: 34.232 Executing VM operation: G1CollectForAllocation (G1 Evacuation Pause) done
Event: 34.320 Executing VM operation: G1PauseRemark
Event: 34.325 Executing VM operation: G1PauseRemark done

Memory protections (0 events):
No events

Nmethod flushes (20 events):
Event: 34.324 Thread 0x000001eec4660240 flushing  nmethod 0x000001eeb025fb90
Event: 34.324 Thread 0x000001eec4660240 flushing  nmethod 0x000001eeb02d7d10
Event: 34.324 Thread 0x000001eec4660240 flushing  nmethod 0x000001eeb030eb90
Event: 34.324 Thread 0x000001eec4660240 flushing  nmethod 0x000001eeb0311090
Event: 34.324 Thread 0x000001eec4660240 flushing  nmethod 0x000001eeb041c390
Event: 34.324 Thread 0x000001eec4660240 flushing  nmethod 0x000001eeb04fb210
Event: 34.324 Thread 0x000001eec4660240 flushing  nmethod 0x000001eeb05e0f90
Event: 34.324 Thread 0x000001eec4660240 flushing  nmethod 0x000001eeb05e7f10
Event: 34.324 Thread 0x000001eec4660240 flushing  nmethod 0x000001eeb0768510
Event: 34.324 Thread 0x000001eec4660240 flushing  nmethod 0x000001eeb0773090
Event: 34.324 Thread 0x000001eec4660240 flushing  nmethod 0x000001eeb0873d10
Event: 34.324 Thread 0x000001eec4660240 flushing  nmethod 0x000001eeb08ba990
Event: 34.324 Thread 0x000001eec4660240 flushing  nmethod 0x000001eeb08fad90
Event: 34.324 Thread 0x000001eec4660240 flushing  nmethod 0x000001eeb0ada410
Event: 34.324 Thread 0x000001eec4660240 flushing  nmethod 0x000001eeb0b36990
Event: 34.324 Thread 0x000001eec4660240 flushing  nmethod 0x000001eeb0ba5090
Event: 34.324 Thread 0x000001eec4660240 flushing  nmethod 0x000001eeb0ba5610
Event: 34.324 Thread 0x000001eec4660240 flushing  nmethod 0x000001eeb0ba5c10
Event: 34.324 Thread 0x000001eec4660240 flushing  nmethod 0x000001eeb0cb5e90
Event: 34.324 Thread 0x000001eec4660240 flushing  nmethod 0x000001eeb0f26690

Events (20 events):
Event: 34.142 Thread 0x000001eecaae6fc0 Thread added: 0x000001eec9383ef0
Event: 34.142 Thread 0x000001eecaae6fc0 Thread added: 0x000001eec93824b0
Event: 34.142 Thread 0x000001eecaae6fc0 Thread added: 0x000001eec9382b40
Event: 34.142 Thread 0x000001eecaae6fc0 Thread added: 0x000001eec937cf60
Event: 34.142 Thread 0x000001eecaae6fc0 Thread added: 0x000001eec9384580
Event: 34.208 Thread 0x000001eecaae6fc0 Thread added: 0x000001eec937f030
Event: 34.208 Thread 0x000001eecaae6fc0 Thread added: 0x000001eec93803e0
Event: 34.208 Thread 0x000001eecaae6fc0 Thread added: 0x000001eec937f6c0
Event: 34.208 Thread 0x000001eecaae6fc0 Thread added: 0x000001eec937d5f0
Event: 34.208 Thread 0x000001eecaae6fc0 Thread added: 0x000001eec937dc80
Event: 34.209 Thread 0x000001eecaae6fc0 Thread added: 0x000001eec937e9a0
Event: 34.209 Thread 0x000001eecaae6fc0 Thread added: 0x000001eec937fd50
Event: 34.239 Thread 0x000001eecaae6fc0 Thread added: 0x000001eec9380a70
Event: 34.239 Thread 0x000001eecaae6fc0 Thread added: 0x000001eec9381100
Event: 34.240 Thread 0x000001eecaae6fc0 Thread added: 0x000001eec9381790
Event: 34.240 Thread 0x000001eecaae6fc0 Thread added: 0x000001eec9381e20
Event: 34.240 Thread 0x000001eecaae6fc0 Thread added: 0x000001eed09d07a0
Event: 34.241 Thread 0x000001eecaae6fc0 Thread added: 0x000001eed09d4940
Event: 34.241 Thread 0x000001eecaae6fc0 Thread added: 0x000001eed09cf3f0
Event: 34.253 Thread 0x000001eecaae6fc0 Thread added: 0x000001eed09d2870


Dynamic libraries:
0x00007ff7e1400000 - 0x00007ff7e140a000 	C:\Program Files\Android\Android Studio2\jbr\bin\java.exe
0x00007ff84cdb0000 - 0x00007ff84cfc8000 	C:\WINDOWS\SYSTEM32\ntdll.dll
0x00007ff84bc80000 - 0x00007ff84bd44000 	C:\WINDOWS\System32\KERNEL32.DLL
0x00007ff84a580000 - 0x00007ff84a953000 	C:\WINDOWS\System32\KERNELBASE.dll
0x00007ff849ec0000 - 0x00007ff849fd1000 	C:\WINDOWS\System32\ucrtbase.dll
0x00007ff8278c0000 - 0x00007ff8278d8000 	C:\Program Files\Android\Android Studio2\jbr\bin\jli.dll
0x00007ff83f6d0000 - 0x00007ff83f6eb000 	C:\Program Files\Android\Android Studio2\jbr\bin\VCRUNTIME140.dll
0x00007ff84ae90000 - 0x00007ff84b042000 	C:\WINDOWS\System32\USER32.dll
0x00007ff82f530000 - 0x00007ff82f7cc000 	C:\WINDOWS\WinSxS\amd64_microsoft.windows.common-controls_6595b64144ccf1df_6.0.22621.6060_none_2712eda17382d24b\COMCTL32.dll
0x00007ff84a060000 - 0x00007ff84a086000 	C:\WINDOWS\System32\win32u.dll
0x00007ff84c660000 - 0x00007ff84c707000 	C:\WINDOWS\System32\msvcrt.dll
0x00007ff84b160000 - 0x00007ff84b189000 	C:\WINDOWS\System32\GDI32.dll
0x00007ff84a090000 - 0x00007ff84a1ab000 	C:\WINDOWS\System32\gdi32full.dll
0x00007ff84a1b0000 - 0x00007ff84a24a000 	C:\WINDOWS\System32\msvcp_win.dll
0x00007ff84adf0000 - 0x00007ff84ae21000 	C:\WINDOWS\System32\IMM32.DLL
0x00007ff841f20000 - 0x00007ff841f2c000 	C:\Program Files\Android\Android Studio2\jbr\bin\vcruntime140_1.dll
0x00007ff805b30000 - 0x00007ff805bbd000 	C:\Program Files\Android\Android Studio2\jbr\bin\msvcp140.dll
0x00007fffea910000 - 0x00007fffeb5a6000 	C:\Program Files\Android\Android Studio2\jbr\bin\server\jvm.dll
0x00007ff84c710000 - 0x00007ff84c7c1000 	C:\WINDOWS\System32\ADVAPI32.dll
0x00007ff84bbd0000 - 0x00007ff84bc78000 	C:\WINDOWS\System32\sechost.dll
0x00007ff84aa20000 - 0x00007ff84aa48000 	C:\WINDOWS\System32\bcrypt.dll
0x00007ff84b610000 - 0x00007ff84b728000 	C:\WINDOWS\System32\RPCRT4.dll
0x00007ff84cbb0000 - 0x00007ff84cc21000 	C:\WINDOWS\System32\WS2_32.dll
0x00007ff848cd0000 - 0x00007ff848d1d000 	C:\WINDOWS\SYSTEM32\POWRPROF.dll
0x00007ff841e10000 - 0x00007ff841e44000 	C:\WINDOWS\SYSTEM32\WINMM.dll
0x00007ff841bd0000 - 0x00007ff841bda000 	C:\WINDOWS\SYSTEM32\VERSION.dll
0x00007ff848cb0000 - 0x00007ff848cc3000 	C:\WINDOWS\SYSTEM32\UMPDC.dll
0x00007ff848f50000 - 0x00007ff848f68000 	C:\WINDOWS\SYSTEM32\kernel.appcore.dll
0x00007ff841e90000 - 0x00007ff841e9a000 	C:\Program Files\Android\Android Studio2\jbr\bin\jimage.dll
0x00007ff847400000 - 0x00007ff847633000 	C:\WINDOWS\SYSTEM32\DBGHELP.DLL
0x00007ff84aa50000 - 0x00007ff84ade1000 	C:\WINDOWS\System32\combase.dll
0x00007ff84c7d0000 - 0x00007ff84c8a8000 	C:\WINDOWS\System32\OLEAUT32.dll
0x00007ff8218c0000 - 0x00007ff8218f2000 	C:\WINDOWS\SYSTEM32\dbgcore.DLL
0x00007ff849fe0000 - 0x00007ff84a05b000 	C:\WINDOWS\System32\bcryptPrimitives.dll
0x00007ff841fb0000 - 0x00007ff841fbe000 	C:\Program Files\Android\Android Studio2\jbr\bin\instrument.dll
0x00007ff832f50000 - 0x00007ff832f70000 	C:\Program Files\Android\Android Studio2\jbr\bin\java.dll
0x00007ff832e00000 - 0x00007ff832e18000 	C:\Program Files\Android\Android Studio2\jbr\bin\zip.dll
0x00007ff84bd70000 - 0x00007ff84c60c000 	C:\WINDOWS\System32\SHELL32.dll
0x00007ff84a250000 - 0x00007ff84a38f000 	C:\WINDOWS\System32\wintypes.dll
0x00007ff847d80000 - 0x00007ff84869a000 	C:\WINDOWS\SYSTEM32\windows.storage.dll
0x00007ff84b730000 - 0x00007ff84b834000 	C:\WINDOWS\System32\SHCORE.dll
0x00007ff84bb60000 - 0x00007ff84bbc9000 	C:\WINDOWS\System32\shlwapi.dll
0x00007ff849df0000 - 0x00007ff849e15000 	C:\WINDOWS\SYSTEM32\profapi.dll
0x00007ff841e50000 - 0x00007ff841e60000 	C:\Program Files\Android\Android Studio2\jbr\bin\net.dll
0x00007ff843350000 - 0x00007ff84347c000 	C:\WINDOWS\SYSTEM32\WINHTTP.dll
0x00007ff849410000 - 0x00007ff849479000 	C:\WINDOWS\system32\mswsock.dll
0x00007ff832de0000 - 0x00007ff832df6000 	C:\Program Files\Android\Android Studio2\jbr\bin\nio.dll
0x00007ff832f80000 - 0x00007ff832f90000 	C:\Program Files\Android\Android Studio2\jbr\bin\verify.dll
0x00007ff822160000 - 0x00007ff822187000 	C:\Users\DELL\.gradle\native\c067742578af261105cb4f569cf0c3c89f3d7b1fecec35dd04571415982c5e48\windows-amd64\native-platform.dll
0x00007fffff1e0000 - 0x00007fffff324000 	C:\Users\DELL\.gradle\native\100fb08df4bc3b14c8652ba06237920a3bd2aa13389f12d3474272988ae205f9\windows-amd64\native-platform-file-events.dll
0x00007ff83f720000 - 0x00007ff83f729000 	C:\Program Files\Android\Android Studio2\jbr\bin\management.dll
0x00007ff83f6c0000 - 0x00007ff83f6cb000 	C:\Program Files\Android\Android Studio2\jbr\bin\management_ext.dll
0x00007ff84bd60000 - 0x00007ff84bd68000 	C:\WINDOWS\System32\PSAPI.DLL
0x00007ff849760000 - 0x00007ff84977b000 	C:\WINDOWS\SYSTEM32\CRYPTSP.dll
0x00007ff848eb0000 - 0x00007ff848ee7000 	C:\WINDOWS\system32\rsaenh.dll
0x00007ff8494b0000 - 0x00007ff8494d8000 	C:\WINDOWS\SYSTEM32\USERENV.dll
0x00007ff849740000 - 0x00007ff84974c000 	C:\WINDOWS\SYSTEM32\CRYPTBASE.dll
0x00007ff848970000 - 0x00007ff84899d000 	C:\WINDOWS\SYSTEM32\IPHLPAPI.DLL
0x00007ff84bd50000 - 0x00007ff84bd59000 	C:\WINDOWS\System32\NSI.dll
0x00007ff83f9b0000 - 0x00007ff83f9b9000 	C:\Program Files\Android\Android Studio2\jbr\bin\extnet.dll
0x00007ff8418a0000 - 0x00007ff8418a8000 	C:\WINDOWS\system32\wshunix.dll
0x00007ff8245d0000 - 0x00007ff8245e7000 	C:\WINDOWS\system32\napinsp.dll
0x00007ff8245b0000 - 0x00007ff8245cb000 	C:\WINDOWS\system32\pnrpnsp.dll
0x00007ff8489a0000 - 0x00007ff848a98000 	C:\WINDOWS\SYSTEM32\DNSAPI.dll
0x00007ff824590000 - 0x00007ff8245a1000 	C:\WINDOWS\System32\winrnr.dll
0x00007ff841830000 - 0x00007ff841845000 	C:\WINDOWS\system32\wshbth.dll
0x00007ff824560000 - 0x00007ff824581000 	C:\WINDOWS\system32\nlansp_c.dll
0x00007ff8431f0000 - 0x00007ff8431fa000 	C:\Windows\System32\rasadhlp.dll
0x00007ff841950000 - 0x00007ff8419d4000 	C:\WINDOWS\System32\fwpuclnt.dll

JVMTI agents:
C:\Users\DELL\.gradle\wrapper\dists\gradle-8.11.1-bin\bpt9gzteqjrbo1mjrsomdt32c\gradle-8.11.1\lib\agents\gradle-instrumentation-agent-8.11.1.jar path:C:\Program Files\Android\Android Studio2\jbr\bin\instrument.dll, loaded, initialized, instrumentlib options:none

dbghelp: loaded successfully - version: 4.0.5 - missing functions: none
symbol engine: initialized successfully - sym options: 0x614 - pdb path: .;C:\Program Files\Android\Android Studio2\jbr\bin;C:\WINDOWS\SYSTEM32;C:\WINDOWS\WinSxS\amd64_microsoft.windows.common-controls_6595b64144ccf1df_6.0.22621.6060_none_2712eda17382d24b;C:\Program Files\Android\Android Studio2\jbr\bin\server;C:\Users\DELL\.gradle\native\c067742578af261105cb4f569cf0c3c89f3d7b1fecec35dd04571415982c5e48\windows-amd64;C:\Users\DELL\.gradle\native\100fb08df4bc3b14c8652ba06237920a3bd2aa13389f12d3474272988ae205f9\windows-amd64

VM Arguments:
jvm_args: --add-opens=java.base/java.lang=ALL-UNNAMED --add-opens=java.base/java.lang.invoke=ALL-UNNAMED --add-opens=java.base/java.util=ALL-UNNAMED --add-opens=java.prefs/java.util.prefs=ALL-UNNAMED --add-exports=jdk.compiler/com.sun.tools.javac.api=ALL-UNNAMED --add-exports=jdk.compiler/com.sun.tools.javac.util=ALL-UNNAMED --add-opens=java.base/java.util=ALL-UNNAMED --add-opens=java.prefs/java.util.prefs=ALL-UNNAMED --add-opens=java.base/java.nio.charset=ALL-UNNAMED --add-opens=java.base/java.net=ALL-UNNAMED --add-opens=java.base/java.util.concurrent.atomic=ALL-UNNAMED --add-opens=java.xml/javax.xml.namespace=ALL-UNNAMED -Xmx2048m -Dfile.encoding=UTF-8 -Duser.country=US -Duser.language=en -Duser.variant -javaagent:C:\Users\DELL\.gradle\wrapper\dists\gradle-8.11.1-bin\bpt9gzteqjrbo1mjrsomdt32c\gradle-8.11.1\lib\agents\gradle-instrumentation-agent-8.11.1.jar 
java_command: org.gradle.launcher.daemon.bootstrap.GradleDaemon 8.11.1
java_class_path (initial): C:\Users\DELL\.gradle\wrapper\dists\gradle-8.11.1-bin\bpt9gzteqjrbo1mjrsomdt32c\gradle-8.11.1\lib\gradle-daemon-main-8.11.1.jar
Launcher Type: SUN_STANDARD

[Global flags]
     intx CICompilerCount                          = 4                                         {product} {ergonomic}
     uint ConcGCThreads                            = 2                                         {product} {ergonomic}
     uint G1ConcRefinementThreads                  = 8                                         {product} {ergonomic}
   size_t G1HeapRegionSize                         = 1048576                                   {product} {ergonomic}
    uintx GCDrainStackTargetSize                   = 64                                        {product} {ergonomic}
   size_t InitialHeapSize                          = 264241152                                 {product} {ergonomic}
   size_t MarkStackSize                            = 4194304                                   {product} {ergonomic}
   size_t MaxHeapSize                              = 2147483648                                {product} {command line}
   size_t MaxNewSize                               = 1287651328                                {product} {ergonomic}
   size_t MinHeapDeltaBytes                        = 1048576                                   {product} {ergonomic}
   size_t MinHeapSize                              = 8388608                                   {product} {ergonomic}
    uintx NonNMethodCodeHeapSize                   = 5839372                                {pd product} {ergonomic}
    uintx NonProfiledCodeHeapSize                  = 122909434                              {pd product} {ergonomic}
    uintx ProfiledCodeHeapSize                     = 122909434                              {pd product} {ergonomic}
    uintx ReservedCodeCacheSize                    = 251658240                              {pd product} {ergonomic}
     bool SegmentedCodeCache                       = true                                      {product} {ergonomic}
   size_t SoftMaxHeapSize                          = 2147483648                             {manageable} {ergonomic}
     bool UseCompressedOops                        = true                           {product lp64_product} {ergonomic}
     bool UseG1GC                                  = true                                      {product} {ergonomic}
     bool UseLargePagesIndividualAllocation        = false                                  {pd product} {ergonomic}

Logging:
Log output configuration:
 #0: stdout all=warning uptime,level,tags foldmultilines=false
 #1: stderr all=off uptime,level,tags foldmultilines=false

Environment Variables:
JAVA_HOME=C:\Program Files\Java\jdk-21\bin
PATH=C:\Program Files (x86)\VMware\VMware Workstation\bin\;C:\Program Files\Common Files\Oracle\Java\javapath;C:\WINDOWS\system32;C:\WINDOWS;C:\WINDOWS\System32\Wbem;C:\WINDOWS\System32\WindowsPowerShell\v1.0\;C:\WINDOWS\System32\OpenSSH\;C:\Program Files\Java\jdk-21\bin;C:\Program Files\Git\cmd;C:\Program Files\nodejs\;C:\Program Files\Docker\Docker\resources\bin;C:\Program Files\PuTTY\;C:\Program Files (x86)\Microsoft SQL Server\160\Tools\Binn\;C:\Program Files\Microsoft SQL Server\160\Tools\Binn\;C:\Program Files\Microsoft SQL Server\Client SDK\ODBC\170\Tools\Binn\;C:\Program Files\Microsoft SQL Server\160\DTS\Binn\;C:\Program Files\CMake\bin;C:\Program Files\dotnet\;C:\Users\DELL\AppData\Local\Programs\Python\Python313\Scripts\;C:\Users\DELL\AppData\Local\Programs\Python\Python313\;C:\Users\DELL\AppData\Local\Programs\Python\Python312\Scripts\;C:\Users\DELL\AppData\Local\Programs\Python\Python312\;C:\Users\DELL\AppData\Local\Microsoft\WindowsApps;C:\Users\DELL\AppData\Local\Programs\Microsoft VS Code\bin;C:\Users\DELL\AppData\Roaming\npm;C:\Program Files\JetBrains\IntelliJ IDEA 2024.3.2.2\bin;;C:\msys64\ucrt64\bin;;C:\Users\DELL\AppData\Local\Programs\Ollama;C:\Users\DELL\.dotnet\tools
USERNAME=DELL
OS=Windows_NT
PROCESSOR_IDENTIFIER=Intel64 Family 6 Model 140 Stepping 2, GenuineIntel
TMP=C:\Users\DELL\AppData\Local\Temp
TEMP=C:\Users\DELL\AppData\Local\Temp




Periodic native trim disabled

JNI global refs:
JNI global refs: 28, weak refs: 0

JNI global refs memory usage: 835, weak refs: 833

Process memory usage:
Resident Set Size: 625984K (3% of 16513828K total physical memory with 838816K free physical memory)

OOME stack traces (most recent first):
Classloader memory used:
Loader org.gradle.internal.classloader.VisitableURLClassLoader                         : 43362K
Loader org.gradle.internal.classloader.VisitableURLClassLoader$InstrumentingVisitableURLClassLoader: 32176K
Loader bootstrap                                                                       : 29714K
Loader org.gradle.initialization.MixInLegacyTypesClassLoader                           : 14497K
Loader org.gradle.internal.classloader.VisitableURLClassLoader                         : 6216K
Loader jdk.internal.reflect.DelegatingClassLoader                                      : 524K
Loader jdk.internal.loader.ClassLoaders$PlatformClassLoader                            : 511K
Loader jdk.internal.loader.ClassLoaders$AppClassLoader                                 : 233K
Loader org.gradle.groovy.scripts.internal.DefaultScriptCompilationHandler$ScriptClassLoader: 89712B
Loader org.codehaus.groovy.runtime.callsite.CallSiteClassLoader                        : 49912B

Classes loaded by more than one classloader:
Class Program                                                                         : loaded 5 times (x 72B)
Class com.google.common.collect.ImmutableList$SubList                                 : loaded 3 times (x 208B)
Class com.google.common.collect.ImmutableSet$SetBuilderImpl                           : loaded 3 times (x 76B)
Class com.google.common.collect.ImmutableList                                         : loaded 3 times (x 206B)
Class Build_gradle                                                                    : loaded 3 times (x 130B)
Class com.google.common.collect.RangeSet                                              : loaded 3 times (x 70B)
Class com.google.common.base.Joiner$2                                                 : loaded 3 times (x 79B)
Class com.google.common.collect.RangeGwtSerializationDependencies                     : loaded 3 times (x 71B)
Class com.google.common.collect.PeekingIterator                                       : loaded 3 times (x 70B)
Class com.google.common.base.Joiner$1                                                 : loaded 3 times (x 80B)
Class com.google.common.base.Preconditions                                            : loaded 3 times (x 71B)
Class com.google.common.collect.ImmutableSet$RegularSetBuilderImpl                    : loaded 3 times (x 77B)
Class com.google.common.collect.ImmutableRangeSet$ComplementRanges                    : loaded 3 times (x 207B)
Class org.gradle.internal.IoActions                                                   : loaded 3 times (x 71B)
Class org.gradle.api.GradleException                                                  : loaded 3 times (x 82B)
Class com.google.common.collect.AbstractRangeSet                                      : loaded 3 times (x 114B)
Class com.google.common.base.Predicate                                                : loaded 3 times (x 70B)
Class org.gradle.api.Action                                                           : loaded 3 times (x 70B)
Class org.gradle.internal.Cast                                                        : loaded 3 times (x 71B)
Class com.google.common.collect.ImmutableSet                                          : loaded 3 times (x 145B)
Class com.google.common.collect.ImmutableRangeSet$Builder                             : loaded 3 times (x 77B)
Class Build_gradle$1                                                                  : loaded 3 times (x 74B)
Class com.google.common.collect.RegularImmutableList                                  : loaded 3 times (x 212B)
Class com.google.common.base.Function                                                 : loaded 3 times (x 70B)
Class com.google.common.collect.ImmutableList$1                                       : loaded 3 times (x 97B)
Class com.google.common.collect.RegularImmutableSortedSet                             : loaded 3 times (x 299B)
Class com.google.common.collect.Iterators$MergingIterator                             : loaded 3 times (x 81B)
Class com.google.common.collect.ImmutableSortedSet                                    : loaded 3 times (x 299B)
Class com.google.common.collect.ImmutableAsList                                       : loaded 3 times (x 209B)
Class com.google.common.collect.Iterators$9                                           : loaded 3 times (x 81B)
Class com.google.common.collect.Lists                                                 : loaded 3 times (x 71B)
Class com.google.common.collect.ImmutableSet$CachingAsList                            : loaded 3 times (x 147B)
Class com.google.common.collect.ImmutableCollection                                   : loaded 3 times (x 125B)
Class com.google.common.collect.Iterators$5                                           : loaded 3 times (x 82B)
Class com.google.common.collect.Iterators$4                                           : loaded 3 times (x 82B)
Class com.google.common.collect.SortedIterable                                        : loaded 3 times (x 70B)
Class com.google.common.collect.SingletonImmutableSet                                 : loaded 3 times (x 146B)
Class com.google.common.collect.Iterators$1                                           : loaded 3 times (x 81B)
Class com.google.common.collect.ImmutableList$ReverseImmutableList                    : loaded 3 times (x 208B)
Class org.gradle.api.UncheckedIOException                                             : loaded 3 times (x 82B)
Class com.google.common.collect.UnmodifiableListIterator                              : loaded 3 times (x 95B)
Class com.google.common.collect.SingletonImmutableList                                : loaded 3 times (x 207B)
Class com.google.common.collect.RegularImmutableSet                                   : loaded 3 times (x 148B)
Class com.google.common.collect.AbstractIndexedListIterator                           : loaded 3 times (x 96B)
Class com.google.common.collect.AbstractIterator                                      : loaded 3 times (x 82B)
Class com.google.common.collect.Lists$StringAsImmutableList                           : loaded 3 times (x 207B)
Class com.google.common.collect.Iterators                                             : loaded 3 times (x 71B)
Class com.google.common.collect.Range                                                 : loaded 3 times (x 87B)
Class com.google.common.collect.RegularImmutableAsList                                : loaded 3 times (x 216B)
Class com.google.common.collect.ImmutableRangeSet$1                                   : loaded 3 times (x 209B)
Class com.google.common.collect.ImmutableList$Builder                                 : loaded 3 times (x 77B)
Class com.google.common.collect.UnmodifiableIterator                                  : loaded 3 times (x 80B)
Class com.google.common.base.Joiner                                                   : loaded 3 times (x 79B)
Class com.google.common.collect.ImmutableCollection$Builder                           : loaded 3 times (x 76B)
Class com.google.common.collect.Iterators$ArrayItr                                    : loaded 3 times (x 97B)
Class com.google.common.collect.ImmutableRangeSet$AsSet                               : loaded 3 times (x 299B)
Class com.google.common.collect.ImmutableRangeSet                                     : loaded 3 times (x 115B)
Class [Lcom.android.ide.common.repository.AgpVersion$PreviewKind;                     : loaded 2 times (x 69B)
Class [Lcom.google.common.collect.ImmutableMapEntry;                                  : loaded 2 times (x 69B)
Class org.jetbrains.plugins.gradle.tooling.serialization.internal.IdeaProjectSerializationService: loaded 2 times (x 77B)
Class com.google.common.collect.Ordering                                              : loaded 2 times (x 114B)
Class kotlin.sequences.SequencesKt___SequencesKt$flatMap$2                            : loaded 2 times (x 125B)
Class org.gradle.api.internal.classpath.EffectiveClassPath                            : loaded 2 times (x 90B)
Class com.android.builder.model.v2.models.AndroidDsl                                  : loaded 2 times (x 70B)
Class org.gradle.internal.classloader.ClassLoaderVisitor                              : loaded 2 times (x 76B)
Class com.google.common.collect.ImmutableEnumMap                                      : loaded 2 times (x 125B)
Class com.google.common.collect.ListMultimap                                          : loaded 2 times (x 70B)
Class kotlin.text.StringsKt__AppendableKt                                             : loaded 2 times (x 71B)
Class org.gradle.tooling.internal.gradle.DefaultProjectIdentifier                     : loaded 2 times (x 86B)
Class com.google.common.collect.Sets$1                                                : loaded 2 times (x 139B)
Class org.objectweb.asm.AnnotationVisitor                                             : loaded 2 times (x 78B)
Class com.google.common.base.Splitter                                                 : loaded 2 times (x 72B)
Class com.intellij.gradle.toolingExtension.impl.model.buildScriptClasspathModel.GradleBuildScriptClasspathSerializationService$ReadContext: loaded 2 times (x 72B)
Class org.gradle.internal.impldep.gnu.trove.TObjectIntHashMap                         : loaded 2 times (x 109B)
Class com.google.common.collect.ComparatorOrdering                                    : loaded 2 times (x 115B)
Class org.gradle.api.internal.DefaultClassPathProvider                                : loaded 2 times (x 76B)
Class com.android.builder.model.v2.models.BasicAndroidProject                         : loaded 2 times (x 70B)
Class com.google.common.collect.Sets$2                                                : loaded 2 times (x 139B)
Class kotlin.text.StringsKt__StringNumberConversionsJVMKt                             : loaded 2 times (x 71B)
Class com.google.common.collect.NaturalOrdering                                       : loaded 2 times (x 115B)
Class kotlin.text.MatchResult                                                         : loaded 2 times (x 70B)
Class kotlin.sequences.SequenceScope                                                  : loaded 2 times (x 73B)
Class kotlin.sequences.Sequence                                                       : loaded 2 times (x 70B)
Class org.gradle.tooling.ToolingModelContract                                         : loaded 2 times (x 70B)
Class [Lorg.gradle.api.internal.ClassPathProvider;                                    : loaded 2 times (x 69B)
Class org.gradle.api.internal.ClassPathProvider                                       : loaded 2 times (x 70B)
Class [Lorg.objectweb.asm.AnnotationVisitor;                                          : loaded 2 times (x 69B)
Class com.google.common.collect.Sets$3                                                : loaded 2 times (x 139B)
Class com.google.common.util.concurrent.AbstractFuture$SafeAtomicHelper               : loaded 2 times (x 79B)
Class com.google.common.cache.LocalCache$LocalLoadingCache                            : loaded 2 times (x 134B)
Class com.google.common.base.AbstractIterator$State                                   : loaded 2 times (x 79B)
Class org.gradle.internal.impldep.gnu.trove.TObjectHash$NULL                          : loaded 2 times (x 71B)
Class kotlin.collections.CollectionsKt___CollectionsKt$asSequence$$inlined$Sequence$1 : loaded 2 times (x 75B)
Class org.gradle.internal.service.UnknownServiceException                             : loaded 2 times (x 83B)
Class com.google.common.collect.Sets$4                                                : loaded 2 times (x 139B)
Class org.objectweb.asm.ModuleVisitor                                                 : loaded 2 times (x 81B)
Class com.google.common.cache.LocalCache$Strength$1                                   : loaded 2 times (x 81B)
Class org.jetbrains.kotlin.idea.gradleTooling.model.kapt.KaptGradleModel              : loaded 2 times (x 70B)
Class org.jetbrains.kotlin.idea.gradleTooling.KotlinDslScriptAdditionalTask           : loaded 2 times (x 70B)
Class org.jetbrains.plugins.gradle.model.ClasspathEntryModel                          : loaded 2 times (x 70B)
Class com.google.common.util.concurrent.SettableFuture                                : loaded 2 times (x 114B)
Class com.google.common.cache.LocalCache$Strength$2                                   : loaded 2 times (x 81B)
Class org.jetbrains.plugins.gradle.tooling.serialization.GradleExtensionsSerializationService: loaded 2 times (x 77B)
Class org.gradle.api.JavaVersion                                                      : loaded 2 times (x 79B)
Class org.gradle.tooling.model.Dependency                                             : loaded 2 times (x 70B)
Class com.android.builder.model.v2.ide.AbstractArtifact                               : loaded 2 times (x 70B)
Class com.google.common.cache.LocalCache$Strength$3                                   : loaded 2 times (x 81B)
Class com.google.common.collect.MapDifference                                         : loaded 2 times (x 70B)
Class com.google.common.base.Splitter$1                                               : loaded 2 times (x 77B)
Class com.intellij.openapi.externalSystem.model.project.dependencies.ResolutionState  : loaded 2 times (x 79B)
Class kotlin.text.StringsKt__RegexExtensionsJVMKt                                     : loaded 2 times (x 71B)
Class com.google.common.collect.AllEqualOrdering                                      : loaded 2 times (x 114B)
Class kotlin.collections.ArraysKt___ArraysJvmKt                                       : loaded 2 times (x 71B)
Class kotlin.collections.CollectionsKt__CollectionsKt                                 : loaded 2 times (x 71B)
Class org.objectweb.asm.FieldWriter                                                   : loaded 2 times (x 78B)
Class com.google.common.cache.CacheBuilder$NullListener                               : loaded 2 times (x 82B)
Class kotlin.text.Regex$Companion                                                     : loaded 2 times (x 71B)
Class org.gradle.internal.classpath.TransformedClassPath                              : loaded 2 times (x 96B)
Class org.gradle.internal.classloader.InstrumentingClassLoader                        : loaded 2 times (x 70B)
Class com.google.common.collect.ImmutableListMultimap                                 : loaded 2 times (x 176B)
Class kotlin.collections.AbstractList$Companion                                       : loaded 2 times (x 71B)
Class com.google.common.cache.CacheLoader$FunctionToCacheLoader                       : loaded 2 times (x 75B)
Class kotlin.sequences.SequencesKt___SequencesKt                                      : loaded 2 times (x 71B)
Class kotlin.text.MatcherMatchResult$groupValues$1                                    : loaded 2 times (x 198B)
Class kotlin.jvm.internal.FunctionReference                                           : loaded 2 times (x 122B)
Class [Lkotlin.coroutines.intrinsics.CoroutineSingletons;                             : loaded 2 times (x 69B)
Class kotlin.jvm.internal.FunctionBase                                                : loaded 2 times (x 70B)
Class kotlin.enums.EnumEntriesList                                                    : loaded 2 times (x 223B)
Class com.google.common.collect.EmptyImmutableListMultimap                            : loaded 2 times (x 176B)
Class com.google.common.collect.BaseImmutableMultimap                                 : loaded 2 times (x 123B)
Class com.google.common.collect.ReverseNaturalOrdering                                : loaded 2 times (x 114B)
Class com.google.common.base.MoreObjects                                              : loaded 2 times (x 71B)
Class kotlin.comparisons.ComparisonsKt___ComparisonsJvmKt                             : loaded 2 times (x 71B)
Class kotlin.collections.CollectionsKt__IteratorsJVMKt                                : loaded 2 times (x 71B)
Class com.android.builder.model.v2.ide.TestInfo$Execution                             : loaded 2 times (x 79B)
Class [Lorg.objectweb.asm.Type;                                                       : loaded 2 times (x 69B)
Class com.google.common.collect.Platform                                              : loaded 2 times (x 71B)
Class com.google.common.base.CharMatcher$None                                         : loaded 2 times (x 112B)
Class org.jetbrains.kotlin.idea.gradleTooling.KotlinSourceSetContainer                : loaded 2 times (x 70B)
Class org.jetbrains.plugins.gradle.model.IntelliJSettings                             : loaded 2 times (x 70B)
Class kotlin.Result                                                                   : loaded 2 times (x 72B)
Class org.gradle.internal.service.ServiceLocator                                      : loaded 2 times (x 70B)
Class com.google.common.base.Ascii                                                    : loaded 2 times (x 71B)
Class com.google.common.collect.SingletonImmutableBiMap                               : loaded 2 times (x 143B)
Class com.google.common.cache.LocalCache$1                                            : loaded 2 times (x 89B)
Class com.google.common.collect.AbstractMapEntry                                      : loaded 2 times (x 81B)
Class com.intellij.gradle.toolingExtension.util.GradleVersionUtil                     : loaded 2 times (x 71B)
Class com.android.ide.gradle.model.GradlePropertiesModel                              : loaded 2 times (x 70B)
Class kotlin.sequences.TransformingSequence$iterator$1                                : loaded 2 times (x 79B)
Class kotlin.Pair                                                                     : loaded 2 times (x 72B)
Class org.gradle.tooling.internal.adapter.ProtocolToModelAdapter$SupportedPropertyInvoker: loaded 2 times (x 76B)
Class org.gradle.tooling.model.UnsupportedMethodException                             : loaded 2 times (x 82B)
Class com.android.builder.model.v2.ide.BytecodeTransformation                         : loaded 2 times (x 79B)
Class com.google.common.collect.Sets$ImprovedAbstractSet                              : loaded 2 times (x 135B)
Class org.gradle.internal.classloader.DefaultClassLoaderFactory                       : loaded 2 times (x 82B)
Class com.google.common.cache.LocalCache$2                                            : loaded 2 times (x 142B)
Class com.google.common.collect.AbstractMultimap                                      : loaded 2 times (x 123B)
Class kotlin.collections.CollectionsKt__MutableCollectionsKt                          : loaded 2 times (x 71B)
Class com.android.builder.model.v2.ide.CodeShrinker                                   : loaded 2 times (x 79B)
Class com.intellij.util.containers.IntObjectHashMap$ArrayProducer                     : loaded 2 times (x 70B)
Class com.google.common.util.concurrent.AbstractFuture$UnsafeAtomicHelper$1           : loaded 2 times (x 76B)
Class org.jetbrains.kotlin.idea.gradleTooling.AndroidAwareGradleModelProvider$Companion: loaded 2 times (x 71B)
Class org.jetbrains.plugins.gradle.tooling.serialization.AnnotationProcessingModelSerializationService$WriteContext: loaded 2 times (x 72B)
Class org.gradle.internal.impldep.gnu.trove.THash                                     : loaded 2 times (x 81B)
Class kotlin.io.TerminateException                                                    : loaded 2 times (x 82B)
Class kotlin.io.FilesKt__FilePathComponentsKt                                         : loaded 2 times (x 71B)
Class kotlin.reflect.KCallable                                                        : loaded 2 times (x 70B)
Class com.google.common.base.Suppliers                                                : loaded 2 times (x 71B)
Class com.google.common.util.concurrent.AbstractFuture$Trusted                        : loaded 2 times (x 70B)
Class [Lcom.google.common.cache.CacheBuilder$OneWeigher;                              : loaded 2 times (x 69B)
Class com.google.common.base.CharMatcher$RangesMatcher                                : loaded 2 times (x 112B)
Class com.intellij.compose.ide.plugin.gradleTooling.rt.ComposeResourcesModel          : loaded 2 times (x 70B)
Class org.jetbrains.plugins.gradle.tooling.serialization.ProjectDependenciesSerializationService$WriteContext: loaded 2 times (x 72B)
Class org.jetbrains.plugins.gradle.tooling.serialization.ProjectDependenciesSerializationService: loaded 2 times (x 77B)
Class kotlin.text.CharsKt                                                             : loaded 2 times (x 71B)
Class org.gradle.tooling.model.kotlin.dsl.KotlinDslScriptModel                        : loaded 2 times (x 70B)
Class org.gradle.tooling.internal.adapter.CollectionMapper                            : loaded 2 times (x 73B)
Class [Lcom.android.builder.model.v2.ide.LibraryType;                                 : loaded 2 times (x 69B)
Class com.android.builder.model.v2.ide.LibraryType                                    : loaded 2 times (x 79B)
Class com.google.common.util.concurrent.UncheckedExecutionException                   : loaded 2 times (x 82B)
Class org.objectweb.asm.MethodTooLargeException                                       : loaded 2 times (x 83B)
Class org.gradle.kotlin.dsl.VersionCatalogAccessorsKt                                 : loaded 2 times (x 71B)
Class org.gradle.internal.impldep.gnu.trove.Equality                                  : loaded 2 times (x 70B)
Class com.google.common.collect.ExplicitOrdering                                      : loaded 2 times (x 115B)
Class com.google.common.collect.ImmutableSortedSetFauxverideShim                      : loaded 2 times (x 147B)
Class com.google.common.base.CharMatcher$JavaLetterOrDigit                            : loaded 2 times (x 111B)
Class com.intellij.gradle.toolingExtension.impl.model.buildScriptClasspathModel.GradleBuildScriptClasspathSerializationService$WriteContext: loaded 2 times (x 72B)
Class org.gradle.tooling.internal.adapter.ProtocolToModelAdapter                      : loaded 2 times (x 80B)
Class org.gradle.internal.InternalTransformer                                         : loaded 2 times (x 70B)
Class com.android.builder.model.v2.ide.AndroidGradlePluginProjectFlags$BooleanFlag    : loaded 2 times (x 79B)
Class com.google.common.collect.AbstractMapBasedMultimap$KeySet$1                     : loaded 2 times (x 82B)
Class org.objectweb.asm.ClassWriter                                                   : loaded 2 times (x 106B)
Class com.google.common.cache.CacheLoader$UnsupportedLoadingOperationException        : loaded 2 times (x 82B)
Class com.google.common.base.CharMatcher$And                                          : loaded 2 times (x 112B)
Class org.gradle.internal.impldep.gnu.trove.TObjectCanonicalHashingStrategy           : loaded 2 times (x 80B)
Class kotlin.collections.MapsKt__MapsJVMKt                                            : loaded 2 times (x 71B)
Class kotlin.collections.EmptyList                                                    : loaded 2 times (x 174B)
Class org.gradle.internal.time.DefaultTimer                                           : loaded 2 times (x 80B)
Class org.gradle.internal.classloader.ClasspathUtil$1                                 : loaded 2 times (x 76B)
Class org.objectweb.asm.FieldVisitor                                                  : loaded 2 times (x 77B)
Class com.google.common.collect.IndexedImmutableSet                                   : loaded 2 times (x 150B)
Class com.google.common.collect.ImmutableMap$1                                        : loaded 2 times (x 81B)
Class com.google.common.collect.BiMap                                                 : loaded 2 times (x 70B)
Class org.gradle.tooling.internal.adapter.ProtocolToModelAdapter$ViewKey              : loaded 2 times (x 72B)
Class org.gradle.api.internal.classpath.DefaultModuleRegistry$DefaultModule           : loaded 2 times (x 86B)
Class com.android.ide.common.repository.AgpVersion                                    : loaded 2 times (x 75B)
Class com.android.builder.model.v2.CustomSourceDirectory                              : loaded 2 times (x 70B)
Class com.google.common.primitives.Ints                                               : loaded 2 times (x 71B)
Class com.google.common.base.Platform$JdkPatternCompiler                              : loaded 2 times (x 75B)
Class com.google.common.collect.NullsFirstOrdering                                    : loaded 2 times (x 115B)
Class kotlin.ResultKt                                                                 : loaded 2 times (x 71B)
Class org.gradle.tooling.internal.adapter.ProtocolToModelAdapter$PropertyCachingMethodInvoker: loaded 2 times (x 76B)
Class com.android.builder.model.v2.models.ProjectSyncIssues                           : loaded 2 times (x 70B)
Class com.google.common.math.MathPreconditions                                        : loaded 2 times (x 71B)
Class com.google.common.collect.Multiset                                              : loaded 2 times (x 70B)
Class com.google.common.collect.ArrayListMultimapGwtSerializationDependencies         : loaded 2 times (x 172B)
Class com.google.common.collect.ObjectArrays                                          : loaded 2 times (x 71B)
Class org.gradle.internal.operations.MultipleBuildOperationFailures                   : loaded 2 times (x 95B)
Class org.jetbrains.plugins.gradle.model.ExternalTask                                 : loaded 2 times (x 70B)
Class kotlin.Result$Failure                                                           : loaded 2 times (x 72B)
Class kotlin.collections.ArraysKt__ArraysKt                                           : loaded 2 times (x 71B)
Class org.gradle.internal.time.DefaultCountdownTimer                                  : loaded 2 times (x 88B)
Class com.google.common.collect.ImmutableMapEntrySet                                  : loaded 2 times (x 151B)
Class org.jetbrains.plugins.gradle.model.GradleTaskModel                              : loaded 2 times (x 70B)
Class org.jetbrains.plugins.gradle.tooling.util.ObjectCollector                       : loaded 2 times (x 72B)
Class kotlin.collections.SetsKt__SetsJVMKt                                            : loaded 2 times (x 71B)
Class org.gradle.tooling.internal.adapter.ProtocolToModelAdapter$AdaptingMethodInvoker: loaded 2 times (x 76B)
Class org.gradle.tooling.internal.gradle.DefaultBuildIdentifier                       : loaded 2 times (x 79B)
Class kotlin.Function                                                                 : loaded 2 times (x 70B)
Class org.gradle.api.internal.classpath.Module                                        : loaded 2 times (x 70B)
Class com.google.common.cache.Weigher                                                 : loaded 2 times (x 70B)
Class com.intellij.openapi.externalSystem.model.project.IExternalSystemSourceType     : loaded 2 times (x 70B)
Class kotlin.io.FileAlreadyExistsException                                            : loaded 2 times (x 82B)
Class kotlin.internal.ProgressionUtilKt                                               : loaded 2 times (x 71B)
Class org.gradle.api.internal.classpath.UnknownModuleException                        : loaded 2 times (x 82B)
Class com.google.common.base.Stopwatch                                                : loaded 2 times (x 72B)
Class com.google.common.cache.LocalCache$Strength                                     : loaded 2 times (x 81B)
Class com.google.common.cache.Cache                                                   : loaded 2 times (x 70B)
Class com.intellij.openapi.externalSystem.model.project.dependencies.ProjectDependencies: loaded 2 times (x 70B)
Class org.jetbrains.plugins.gradle.tooling.serialization.ProjectDependenciesSerializationService$ReadContext: loaded 2 times (x 72B)
Class org.gradle.internal.impldep.gnu.trove.TObjectIdentityHashingStrategy            : loaded 2 times (x 78B)
Class com.google.common.util.concurrent.AbstractFuture$Cancellation                   : loaded 2 times (x 72B)
Class com.google.common.collect.ImmutableMap$Builder                                  : loaded 2 times (x 82B)
Class com.google.common.base.NullnessCasts                                            : loaded 2 times (x 71B)
Class com.google.common.cache.RemovalListener                                         : loaded 2 times (x 70B)
Class org.jetbrains.plugins.gradle.tooling.serialization.RepositoriesModelSerializationService: loaded 2 times (x 82B)
Class com.android.ide.gradle.model.artifacts.AdditionalClassifierArtifactsModel       : loaded 2 times (x 70B)
Class org.gradle.tooling.internal.gradle.GradleProjectIdentity                        : loaded 2 times (x 70B)
Class org.gradle.api.internal.DefaultClassPathRegistry                                : loaded 2 times (x 76B)
Class com.google.common.collect.ImmutableMultimap$Keys                                : loaded 2 times (x 166B)
Class com.android.builder.model.v2.ide.JavaArtifact                                   : loaded 2 times (x 70B)
Class com.google.common.primitives.IntsMethodsForWeb                                  : loaded 2 times (x 71B)
Class com.google.common.collect.Multimap                                              : loaded 2 times (x 70B)
Class org.jetbrains.plugins.gradle.tooling.serialization.RepositoriesModelSerializationService$ReadContext: loaded 2 times (x 72B)
Class kotlin.ranges.ClosedRange                                                       : loaded 2 times (x 70B)
Class org.gradle.api.internal.ClassPathRegistry                                       : loaded 2 times (x 70B)
Class org.gradle.internal.classpath.DefaultClassPath$ImmutableUniqueList              : loaded 2 times (x 199B)
Class com.intellij.gradle.toolingExtension.impl.model.projectModel.GradleExternalProjectSerializationService$WriteContext: loaded 2 times (x 73B)
Class kotlin.text.StringsKt__StringsJVMKt                                             : loaded 2 times (x 71B)
Class kotlin.collections.IntIterator                                                  : loaded 2 times (x 82B)
Class com.google.common.collect.NullnessCasts                                         : loaded 2 times (x 71B)
Class org.gradle.tooling.internal.adapter.MethodInvocation                            : loaded 2 times (x 85B)
Class com.android.builder.model.v2.dsl.SigningConfig                                  : loaded 2 times (x 70B)
Class com.android.builder.model.v2.models.AndroidProject                              : loaded 2 times (x 70B)
Class com.android.builder.model.v2.AndroidModel                                       : loaded 2 times (x 70B)
Class com.google.common.cache.CacheBuilder                                            : loaded 2 times (x 72B)
Class kotlin.sequences.TransformingSequence                                           : loaded 2 times (x 75B)
Class Settings_gradle$1                                                               : loaded 2 times (x 74B)
Class kotlin.text.StringsKt__IndentKt                                                 : loaded 2 times (x 71B)
Class kotlin.collections.SetsKt                                                       : loaded 2 times (x 71B)
Class org.objectweb.asm.ClassVisitor                                                  : loaded 2 times (x 88B)
Class org.gradle.internal.classpath.ClassPath                                         : loaded 2 times (x 70B)
Class [Lorg.objectweb.asm.Symbol;                                                     : loaded 2 times (x 69B)
Class com.google.common.base.JdkPattern                                               : loaded 2 times (x 75B)
Class org.jetbrains.plugins.gradle.tooling.serialization.KotlinDslScriptsModelSerializationService: loaded 2 times (x 81B)
Class kotlin.reflect.KFunction                                                        : loaded 2 times (x 70B)
Class kotlin.collections.ArrayDeque                                                   : loaded 2 times (x 207B)
Class org.objectweb.asm.SymbolTable$Entry                                             : loaded 2 times (x 74B)
Class com.google.common.util.concurrent.AbstractFuture$AtomicHelper                   : loaded 2 times (x 78B)
Class org.jetbrains.kotlin.idea.gradleTooling.KotlinGradleModel                       : loaded 2 times (x 70B)
Class org.jetbrains.plugins.gradle.tooling.serialization.ExternalTestsSerializationService$WriteContext: loaded 2 times (x 72B)
Class kotlin.collections.MapsKt__MapsKt                                               : loaded 2 times (x 71B)
Class com.android.builder.model.v2.ide.Variant                                        : loaded 2 times (x 70B)
Class org.objectweb.asm.Edge                                                          : loaded 2 times (x 72B)
Class com.google.common.base.Suppliers$SupplierOfInstance                             : loaded 2 times (x 79B)
Class com.android.utils.FileUtils                                                     : loaded 2 times (x 71B)
Class org.gradle.tooling.model.Model                                                  : loaded 2 times (x 70B)
Class com.google.common.cache.LocalCache$ComputingValueReference                      : loaded 2 times (x 96B)
Class com.android.builder.model.v2.ide.AaptOptions$Namespacing                        : loaded 2 times (x 79B)
Class com.google.common.collect.ImmutableMap$IteratorBasedImmutableMap                : loaded 2 times (x 125B)
Class com.android.ide.gradle.model.composites.BuildMap                                : loaded 2 times (x 70B)
Class kotlin.text.MatchResult$Destructured                                            : loaded 2 times (x 72B)
Class kotlin.Metadata                                                                 : loaded 2 times (x 70B)
Class kotlin.UninitializedPropertyAccessException                                     : loaded 2 times (x 82B)
Class com.android.builder.model.v2.models.Versions                                    : loaded 2 times (x 70B)
Class com.google.common.cache.LocalCache$Segment                                      : loaded 2 times (x 154B)
Class org.jetbrains.plugins.gradle.model.IntelliJProjectSettings                      : loaded 2 times (x 70B)
Class org.gradle.tooling.internal.adapter.ProtocolToModelAdapter$MethodInvocationCache: loaded 2 times (x 73B)
Class org.gradle.tooling.internal.adapter.TargetTypeProvider                          : loaded 2 times (x 70B)
Class com.android.builder.model.v2.models.ndk.NativeModule                            : loaded 2 times (x 70B)
Class [Lorg.objectweb.asm.SymbolTable$Entry;                                          : loaded 2 times (x 69B)
Class com.google.common.cache.CacheLoader                                             : loaded 2 times (x 74B)
Class kotlin.ranges.IntProgression$Companion                                          : loaded 2 times (x 71B)
Class com.google.common.collect.ImmutableBiMap                                        : loaded 2 times (x 143B)
Class com.google.common.collect.AbstractListMultimap                                  : loaded 2 times (x 172B)
Class org.jetbrains.plugins.gradle.model.ExternalDependency                           : loaded 2 times (x 70B)
Class com.intellij.util.containers.IntObjectHashMap                                   : loaded 2 times (x 72B)
Class org.gradle.internal.installation.GradleInstallation$1                           : loaded 2 times (x 75B)
Class org.gradle.api.internal.classpath.ModuleRegistry                                : loaded 2 times (x 70B)
Class com.android.builder.model.v2.ide.PrivacySandboxSdkInfo                          : loaded 2 times (x 70B)
Class com.android.ide.common.repository.AgpVersion$PreviewKind$Companion              : loaded 2 times (x 71B)
Class com.google.common.util.concurrent.internal.InternalFutureFailureAccess          : loaded 2 times (x 72B)
Class org.jetbrains.plugins.gradle.model.GradleExtensions                             : loaded 2 times (x 70B)
Class com.google.common.collect.ImmutableSet$JdkBackedSetBuilderImpl                  : loaded 2 times (x 76B)
Class com.google.common.base.Splitter$SplittingIterator                               : loaded 2 times (x 84B)
Class org.jetbrains.plugins.gradle.model.VersionCatalogsModel                         : loaded 2 times (x 70B)
Class com.intellij.gradle.toolingExtension.impl.model.sourceSetDependencyModel.GradleSourceSetDependencySerialisationService$SourceSetDependencyModelReadContext: loaded 2 times (x 72B)
Class com.intellij.gradle.toolingExtension.impl.model.dependencyModel.DependencyReadContext: loaded 2 times (x 72B)
Class org.gradle.tooling.internal.adapter.ObjectGraphAdapter                          : loaded 2 times (x 70B)
Class com.google.common.collect.ImmutableMultimap$Values                              : loaded 2 times (x 126B)
Class com.android.builder.model.v2.ide.Installation                                   : loaded 2 times (x 70B)
Class com.google.common.util.concurrent.AbstractFuture$UnsafeAtomicHelper             : loaded 2 times (x 78B)
Class com.google.common.cache.LocalCache$LocalManualCache$1                           : loaded 2 times (x 75B)
Class com.google.common.base.CharMatcher$ForPredicate                                 : loaded 2 times (x 112B)
Class org.jetbrains.plugins.gradle.model.ProjectImportModelProvider                   : loaded 2 times (x 70B)
Class org.jetbrains.plugins.gradle.model.ExternalSourceSet                            : loaded 2 times (x 70B)
Class com.intellij.gradle.toolingExtension.impl.model.warmUp.GradleTaskWarmUpRequest  : loaded 2 times (x 70B)
Class com.google.common.collect.ImmutableSortedAsList                                 : loaded 2 times (x 221B)
Class kotlin.text.RegexKt                                                             : loaded 2 times (x 71B)
Class kotlin.coroutines.intrinsics.IntrinsicsKt__IntrinsicsKt                         : loaded 2 times (x 71B)
Class com.android.builder.model.v2.models.ModelBuilderParameter                       : loaded 2 times (x 70B)
Class org.jetbrains.plugins.gradle.model.AnnotationProcessingModel                    : loaded 2 times (x 70B)
Class com.google.common.base.CharMatcher$AnyOf                                        : loaded 2 times (x 112B)
Class com.intellij.gradle.toolingExtension.impl.model.sourceSetArtifactIndex.GradleSourceSetArtifactBuildRequest: loaded 2 times (x 70B)
Class kotlin.io.FilesKt__UtilsKt                                                      : loaded 2 times (x 71B)
Class com.google.common.collect.Lists$TransformingRandomAccessList                    : loaded 2 times (x 199B)
Class kotlin.collections.CollectionsKt__CollectionsJVMKt                              : loaded 2 times (x 71B)
Class org.gradle.api.internal.classpath.DefaultModuleRegistry                         : loaded 2 times (x 86B)
Class com.google.common.util.concurrent.ListenableFuture                              : loaded 2 times (x 70B)
Class com.google.common.cache.ReferenceEntry                                          : loaded 2 times (x 70B)
Class com.google.common.collect.ImmutableMap$MapViewOfValuesAsSingletonSets           : loaded 2 times (x 125B)
Class com.google.common.base.Converter                                                : loaded 2 times (x 90B)
Class com.google.common.collect.RegularImmutableMap                                   : loaded 2 times (x 121B)
Class com.google.common.base.CharMatcher$Any                                          : loaded 2 times (x 112B)
Class org.jetbrains.plugins.gradle.tooling.serialization.internal.IdeaProjectSerializationService$WriteContext$1: loaded 2 times (x 83B)
Class org.jetbrains.plugins.gradle.model.ExternalProject                              : loaded 2 times (x 70B)
Class kotlin.sequences.SequencesKt                                                    : loaded 2 times (x 71B)
Class kotlin.collections.CollectionsKt__IteratorsKt                                   : loaded 2 times (x 71B)
Class [Lcom.android.builder.model.v2.ide.CodeShrinker;                                : loaded 2 times (x 69B)
Class com.google.common.util.concurrent.AbstractFuture                                : loaded 2 times (x 106B)
Class com.google.common.base.FunctionalEquivalence                                    : loaded 2 times (x 83B)
Class com.android.builder.model.v2.ide.AndroidArtifact                                : loaded 2 times (x 70B)
Class com.google.common.collect.AbstractMapBasedMultimap                              : loaded 2 times (x 139B)
Class org.gradle.api.internal.classpath.ManifestUtil                                  : loaded 2 times (x 71B)
Class org.jetbrains.plugins.gradle.tooling.serialization.internal.IdeaProjectSerializationService$WriteContext$2: loaded 2 times (x 83B)
Class kotlin.text.StringsKt                                                           : loaded 2 times (x 71B)
Class com.google.common.collect.ImmutableMultiset                                     : loaded 2 times (x 163B)
Class org.objectweb.asm.RecordComponentVisitor                                        : loaded 2 times (x 77B)
Class com.google.common.cache.CacheLoader$SupplierToCacheLoader                       : loaded 2 times (x 75B)
Class org.jetbrains.plugins.gradle.tooling.serialization.AnnotationProcessingModelSerializationService$ReadContext: loaded 2 times (x 72B)
Class org.jetbrains.plugins.gradle.tooling.serialization.internal.IdeaProjectSerializationService$WriteContext$3: loaded 2 times (x 83B)
Class kotlin.coroutines.jvm.internal.RestrictedContinuationImpl                       : loaded 2 times (x 87B)
Class org.gradle.util.internal.DefaultGradleVersion$Stage                             : loaded 2 times (x 75B)
Class com.google.common.collect.Maps$EntryTransformer                                 : loaded 2 times (x 70B)
Class org.jetbrains.kotlin.idea.gradleTooling.AndroidAwareGradleModelProvider         : loaded 2 times (x 79B)
Class org.jetbrains.plugins.gradle.tooling.serialization.internal.IdeaProjectSerializationService$WriteContext$4: loaded 2 times (x 83B)
Class com.intellij.gradle.toolingExtension.impl.model.sourceSetDependencyModel.GradleSourceSetDependencySerialisationService$Companion: loaded 2 times (x 71B)
Class [Lkotlin.Pair;                                                                  : loaded 2 times (x 69B)
Class kotlin.text.StringsKt__StringNumberConversionsKt                                : loaded 2 times (x 71B)
Class kotlin.io.FilesKt__FileReadWriteKt                                              : loaded 2 times (x 71B)
Class com.google.common.collect.UsingToStringOrdering                                 : loaded 2 times (x 114B)
Class kotlin.text.MatchNamedGroupCollection                                           : loaded 2 times (x 70B)
Class kotlin.jvm.internal.markers.KMutableList                                        : loaded 2 times (x 70B)
Class org.gradle.internal.time.MonotonicClock                                         : loaded 2 times (x 77B)
Class org.gradle.internal.service.ServiceLookupException                              : loaded 2 times (x 82B)
Class com.google.common.collect.Lists$ReverseList                                     : loaded 2 times (x 200B)
Class org.gradle.tooling.internal.adapter.ProtocolToModelAdapter$InvocationHandlerImpl: loaded 2 times (x 77B)
Class [Lcom.google.common.cache.LocalCache$EntryFactory;                              : loaded 2 times (x 69B)
Class com.google.common.base.CharMatcher$JavaLetter                                   : loaded 2 times (x 111B)
Class org.jetbrains.plugins.gradle.tooling.serialization.internal.IdeaProjectSerializationService$WriteContext$5: loaded 2 times (x 83B)
Class com.intellij.gradle.toolingExtension.impl.model.sourceSetDependencyModel.GradleSourceSetDependencySerialisationService$SourceSetDependencyModelWriteContext: loaded 2 times (x 72B)
Class org.gradle.tooling.model.build.GradleEnvironment                                : loaded 2 times (x 70B)
Class org.gradle.internal.classloader.ClassLoaderFactory                              : loaded 2 times (x 70B)
Class com.google.common.cache.LocalCache$LocalManualCache                             : loaded 2 times (x 99B)
Class com.google.common.base.CharMatcher$IsNot                                        : loaded 2 times (x 111B)
Class com.google.common.base.CommonPattern                                            : loaded 2 times (x 74B)
Class org.jetbrains.plugins.gradle.tooling.serialization.internal.IdeaProjectSerializationService$WriteContext$6: loaded 2 times (x 83B)
Class org.jetbrains.plugins.gradle.tooling.util.IntObjectMap                          : loaded 2 times (x 73B)
Class org.gradle.internal.service.CachingServiceLocator                               : loaded 2 times (x 82B)
Class com.google.common.collect.AbstractMapBasedMultimap$KeySet                       : loaded 2 times (x 137B)
Class org.jetbrains.plugins.gradle.tooling.util.IntObjectMap$ObjectFactory            : loaded 2 times (x 70B)
Class com.google.common.math.IntMath                                                  : loaded 2 times (x 71B)
Class org.jetbrains.plugins.gradle.model.RepositoryModels                             : loaded 2 times (x 70B)
Class org.jetbrains.plugins.gradle.tooling.serialization.internal.IdeaProjectSerializationService$WriteContext$7: loaded 2 times (x 83B)
Class kotlin.collections.AbstractList$SubList                                         : loaded 2 times (x 198B)
Class kotlin.jvm.internal.CallableReference                                           : loaded 2 times (x 106B)
Class com.google.common.collect.Iterators$10                                          : loaded 2 times (x 81B)
Class com.google.common.collect.ImmutableMapEntry                                     : loaded 2 times (x 85B)
Class com.google.common.base.CharMatcher$JavaDigit                                    : loaded 2 times (x 111B)
Class org.jetbrains.plugins.gradle.tooling.serialization.internal.IdeaProjectSerializationService$WriteContext$8: loaded 2 times (x 83B)
Class kotlin.ranges.IntRange                                                          : loaded 2 times (x 93B)
Class org.gradle.tooling.model.idea.IdeaDependencyScope                               : loaded 2 times (x 70B)
Class org.gradle.internal.time.TimeSource                                             : loaded 2 times (x 70B)
Class org.gradle.tooling.model.kotlin.dsl.KotlinDslScriptsModel                       : loaded 2 times (x 70B)
Class com.google.common.collect.ImmutableMultimap                                     : loaded 2 times (x 147B)
Class com.android.builder.model.v2.ide.TestInfo                                       : loaded 2 times (x 70B)
Class com.google.common.base.Equivalence                                              : loaded 2 times (x 82B)
Class com.google.common.collect.ImmutableMapEntry$NonTerminalImmutableMapEntry        : loaded 2 times (x 85B)
Class com.google.common.util.concurrent.ExecutionError                                : loaded 2 times (x 82B)
Class org.jetbrains.plugins.gradle.tooling.serialization.SerializationService         : loaded 2 times (x 70B)
Class org.gradle.tooling.internal.gradle.GradleBuildIdentity                          : loaded 2 times (x 70B)
Class kotlin.enums.EnumEntries                                                        : loaded 2 times (x 70B)
Class com.android.builder.model.v2.ide.JavaCompileOptions                             : loaded 2 times (x 70B)
Class com.google.common.cache.CacheBuilder$OneWeigher                                 : loaded 2 times (x 82B)
Class com.google.common.collect.ImmutableEnumSet                                      : loaded 2 times (x 146B)
Class org.jetbrains.plugins.gradle.tooling.serialization.internal.adapter.Supplier    : loaded 2 times (x 70B)
Class org.gradle.tooling.internal.adapter.ProtocolToModelAdapter$MixInMappingAction   : loaded 2 times (x 80B)
Class org.gradle.internal.exceptions.ResolutionProvider                               : loaded 2 times (x 70B)
Class com.google.common.collect.ImmutableBiMapFauxverideShim                          : loaded 2 times (x 120B)
Class kotlin.text.MatchResult$DefaultImpls                                            : loaded 2 times (x 71B)
Class org.gradle.tooling.model.idea.IdeaCompilerOutput                                : loaded 2 times (x 70B)
Class org.gradle.tooling.model.ProjectIdentifier                                      : loaded 2 times (x 70B)
Class org.gradle.internal.classloader.ClasspathUtil                                   : loaded 2 times (x 71B)
Class com.android.builder.model.v2.ide.ComponentInfo                                  : loaded 2 times (x 70B)
Class org.jetbrains.kotlin.tooling.core.HasExtras                                     : loaded 2 times (x 70B)
Class com.google.common.base.Charsets                                                 : loaded 2 times (x 71B)
Class com.google.common.util.concurrent.Uninterruptibles                              : loaded 2 times (x 71B)
Class com.android.builder.model.v2.ide.ProjectType                                    : loaded 2 times (x 79B)
Class com.intellij.gradle.toolingExtension.impl.model.sourceSetModel.GradleSourceSetSerialisationService: loaded 2 times (x 77B)
Class kotlin.io.FileSystemException                                                   : loaded 2 times (x 82B)
Class com.android.builder.model.v2.dsl.BaseConfig                                     : loaded 2 times (x 70B)
Class com.google.common.collect.Maps                                                  : loaded 2 times (x 71B)
Class com.google.common.base.CharMatcher$JavaUpperCase                                : loaded 2 times (x 111B)
Class org.gradle.internal.time.TimeSource$1                                           : loaded 2 times (x 77B)
Class kotlin.jvm.internal.DefaultConstructorMarker                                    : loaded 2 times (x 71B)
Class org.gradle.api.specs.Spec                                                       : loaded 2 times (x 70B)
Class [Lcom.google.common.collect.ImmutableEntry;                                     : loaded 2 times (x 69B)
Class com.google.common.cache.LocalCache$LoadingValueReference                        : loaded 2 times (x 96B)
Class com.intellij.gradle.toolingExtension.impl.model.buildScriptClasspathModel.GradleBuildScriptClasspathSerializationService: loaded 2 times (x 77B)
Class com.android.builder.model.v2.models.VariantDependenciesAdjacencyList            : loaded 2 times (x 70B)
Class com.google.common.base.Platform                                                 : loaded 2 times (x 71B)
Class org.jetbrains.plugins.gradle.model.FileCollectionDependency                     : loaded 2 times (x 70B)
Class org.gradle.internal.impldep.gnu.trove.TObjectHashingStrategy                    : loaded 2 times (x 70B)
Class com.intellij.gradle.toolingExtension.impl.model.utilDummyModel.DummyModel       : loaded 2 times (x 70B)
Class kotlin.text.StringsKt__RegexExtensionsKt                                        : loaded 2 times (x 71B)
Class kotlin.collections.EmptyIterator                                                : loaded 2 times (x 89B)
Class org.gradle.internal.time.Clock                                                  : loaded 2 times (x 70B)
Class com.android.builder.model.v2.dsl.ProductFlavor                                  : loaded 2 times (x 70B)
Class [Lcom.android.builder.model.v2.ide.TestInfo$Execution;                          : loaded 2 times (x 69B)
Class [Lorg.objectweb.asm.AnnotationWriter;                                           : loaded 2 times (x 69B)
Class com.google.common.primitives.Ints$IntConverter                                  : loaded 2 times (x 90B)
Class com.google.common.collect.Maps$8                                                : loaded 2 times (x 82B)
Class org.jetbrains.plugins.gradle.model.GradleSourceSetDependencyModel               : loaded 2 times (x 70B)
Class com.google.common.collect.CompoundOrdering                                      : loaded 2 times (x 115B)
Class kotlin.sequences.SequencesKt__SequencesJVMKt                                    : loaded 2 times (x 71B)
Class kotlin.coroutines.jvm.internal.RestrictedSuspendLambda                          : loaded 2 times (x 91B)
Class org.gradle.tooling.internal.adapter.TypeInspector                               : loaded 2 times (x 73B)
Class org.gradle.tooling.internal.adapter.ProtocolToModelAdapter$NoOpDecoration       : loaded 2 times (x 79B)
Class org.gradle.tooling.model.Element                                                : loaded 2 times (x 70B)
Class kotlin.collections.AbstractList                                                 : loaded 2 times (x 197B)
Class kotlin.collections.AbstractCollection                                           : loaded 2 times (x 117B)
Class com.google.common.collect.Lists$ReverseList$1                                   : loaded 2 times (x 99B)
Class org.gradle.internal.classloader.ClassLoaderHierarchy                            : loaded 2 times (x 70B)
Class org.jetbrains.kotlin.tooling.core.Extras                                        : loaded 2 times (x 70B)
Class com.google.common.collect.Sets$SetView                                          : loaded 2 times (x 138B)
Class com.google.common.cache.LocalCache$StrongValueReference                         : loaded 2 times (x 90B)
Class com.google.common.util.concurrent.AbstractFuture$SynchronizedHelper             : loaded 2 times (x 78B)
Class com.google.common.base.CharMatcher$Invisible                                    : loaded 2 times (x 112B)
Class com.intellij.gradle.toolingExtension.impl.model.taskModel.GradleTaskSerialisationService: loaded 2 times (x 76B)
Class com.android.ide.gradle.model.LegacyV1AgpVersionModel                            : loaded 2 times (x 70B)
Class kotlin.text.StringsKt__StringBuilderJVMKt                                       : loaded 2 times (x 71B)
Class kotlin.text.Regex                                                               : loaded 2 times (x 72B)
Class kotlin.sequences.SequencesKt__SequenceBuilderKt$sequence$$inlined$Sequence$1    : loaded 2 times (x 75B)
Class kotlin.Triple                                                                   : loaded 2 times (x 72B)
Class org.objectweb.asm.Type                                                          : loaded 2 times (x 72B)
Class org.jetbrains.plugins.gradle.tooling.util.IntObjectMap$1                        : loaded 2 times (x 77B)
Class org.gradle.internal.impldep.com.google.common.base.Preconditions                : loaded 2 times (x 71B)
Class org.gradle.internal.classloader.VisitableURLClassLoader$InstrumentingVisitableURLClassLoader: loaded 2 times (x 123B)
Class com.android.builder.model.v2.ide.AndroidGradlePluginProjectFlags                : loaded 2 times (x 70B)
Class [Lcom.android.builder.model.v2.ide.AndroidGradlePluginProjectFlags$BooleanFlag; : loaded 2 times (x 69B)
Class com.android.builder.model.v2.ide.BasicVariant                                   : loaded 2 times (x 70B)
Class org.objectweb.asm.ByteVector                                                    : loaded 2 times (x 79B)
Class [Lcom.google.common.cache.CacheBuilder$NullListener;                            : loaded 2 times (x 69B)
Class com.google.common.math.IntMath$1                                                : loaded 2 times (x 71B)
Class kotlin.comparisons.ComparisonsKt__ComparisonsKt                                 : loaded 2 times (x 71B)
Class kotlin.ranges.RangesKt__RangesKt                                                : loaded 2 times (x 71B)
Class kotlin.collections.SetsKt___SetsKt                                              : loaded 2 times (x 71B)
Class kotlin.sequences.SequencesKt__SequencesKt                                       : loaded 2 times (x 71B)
Class kotlin.coroutines.Continuation                                                  : loaded 2 times (x 70B)
Class org.gradle.internal.classloader.VisitableURLClassLoader$Spec                    : loaded 2 times (x 74B)
Class org.gradle.internal.classpath.DefaultClassPath                                  : loaded 2 times (x 90B)
Class com.android.builder.model.v2.ide.BundleInfo                                     : loaded 2 times (x 70B)
Class com.android.builder.model.v2.ide.SourceProvider                                 : loaded 2 times (x 70B)
Class org.objectweb.asm.Symbol                                                        : loaded 2 times (x 73B)
Class com.google.common.base.AbstractIterator                                         : loaded 2 times (x 80B)
Class org.jetbrains.plugins.gradle.model.GradleBuildScriptClasspathModel              : loaded 2 times (x 70B)
Class kotlin.sequences.FilteringSequence                                              : loaded 2 times (x 75B)
Class kotlin.text.CharsKt__CharJVMKt                                                  : loaded 2 times (x 71B)
Class kotlin.comparisons.ComparisonsKt                                                : loaded 2 times (x 71B)
Class kotlin.comparisons.ComparisonsKt___ComparisonsKt                                : loaded 2 times (x 71B)
Class kotlin.coroutines.jvm.internal.BaseContinuationImpl                             : loaded 2 times (x 87B)
Class kotlin.Result$Companion                                                         : loaded 2 times (x 71B)
Class org.gradle.util.internal.DefaultGradleVersion                                   : loaded 2 times (x 80B)
Class com.google.common.collect.RegularImmutableMap$Values                            : loaded 2 times (x 207B)
Class kotlin.collections.CollectionsKt__ReversedViewsKt                               : loaded 2 times (x 71B)
Class com.google.common.base.CharMatcher$BitSetMatcher                                : loaded 2 times (x 112B)
Class com.google.common.base.CharMatcher$Ascii                                        : loaded 2 times (x 112B)
Class org.gradle.internal.classloader.ClassLoaderSpec                                 : loaded 2 times (x 71B)
Class org.objectweb.asm.AnnotationWriter                                              : loaded 2 times (x 79B)
Class com.google.common.cache.CacheStats                                              : loaded 2 times (x 71B)
Class kotlin.jvm.internal.FunctionReferenceImpl                                       : loaded 2 times (x 122B)
Class kotlin.collections.CollectionsKt___CollectionsJvmKt                             : loaded 2 times (x 71B)
Class com.google.common.collect.ImmutableMultisetGwtSerializationDependencies         : loaded 2 times (x 125B)
Class org.objectweb.asm.RecordComponentWriter                                         : loaded 2 times (x 78B)
Class com.google.common.util.concurrent.AbstractFuture$Listener                       : loaded 2 times (x 72B)
Class [Lcom.android.builder.model.v2.ide.ProjectType;                                 : loaded 2 times (x 69B)
Class com.google.common.base.CharMatcher$Or                                           : loaded 2 times (x 112B)
Class Settings_gradle$1$1                                                             : loaded 2 times (x 74B)
Class kotlin.TuplesKt                                                                 : loaded 2 times (x 71B)
Class kotlin.jvm.internal.markers.KMutableIterable                                    : loaded 2 times (x 70B)
Class kotlin.sequences.SequencesKt___SequencesJvmKt                                   : loaded 2 times (x 71B)
Class org.gradle.tooling.internal.adapter.ProtocolToModelAdapter$DefaultViewBuilder   : loaded 2 times (x 80B)
Class kotlin.Unit                                                                     : loaded 2 times (x 71B)
Class [Lcom.android.builder.model.v2.ide.AaptOptions$Namespacing;                     : loaded 2 times (x 69B)
Class org.objectweb.asm.Attribute                                                     : loaded 2 times (x 77B)
Class com.google.common.base.Supplier                                                 : loaded 2 times (x 70B)
Class kotlin.ranges.RangesKt                                                          : loaded 2 times (x 71B)
Class org.gradle.tooling.internal.adapter.ProtocolToModelAdapter$ViewGraphDetails$1   : loaded 2 times (x 77B)
Class org.gradle.internal.classloader.VisitableURLClassLoader                         : loaded 2 times (x 117B)
Class com.android.ide.common.repository.AgpVersion$Companion                          : loaded 2 times (x 71B)
Class com.google.common.util.concurrent.AbstractFuture$Waiter                         : loaded 2 times (x 72B)
Class Settings_gradle                                                                 : loaded 2 times (x 128B)
Class org.jetbrains.plugins.gradle.tooling.serialization.ExternalTestsSerializationService$ReadContext: loaded 2 times (x 72B)
Class kotlin.sequences.FlatteningSequence$iterator$1                                  : loaded 2 times (x 79B)
Class kotlin.jvm.functions.Function0                                                  : loaded 2 times (x 70B)
Class kotlin.collections.ArraysUtilJVM                                                : loaded 2 times (x 71B)
Class kotlin.sequences.SequencesKt__SequenceBuilderKt                                 : loaded 2 times (x 71B)
Class kotlin.io.FilesKt__FileTreeWalkKt                                               : loaded 2 times (x 71B)
Class org.gradle.tooling.model.idea.IdeaDependency                                    : loaded 2 times (x 70B)
Class com.android.builder.model.v2.ide.AaptOptions                                    : loaded 2 times (x 70B)
Class [Lcom.android.builder.model.v2.ide.BytecodeTransformation;                      : loaded 2 times (x 69B)
Class com.google.common.base.Strings                                                  : loaded 2 times (x 71B)
Class com.google.common.collect.Sets                                                  : loaded 2 times (x 71B)
Class org.objectweb.asm.Handler                                                       : loaded 2 times (x 72B)
Class com.google.common.base.Ticker                                                   : loaded 2 times (x 72B)
Class com.google.common.base.CharMatcher$FastMatcher                                  : loaded 2 times (x 111B)
Class kotlin.collections.AbstractMutableList                                          : loaded 2 times (x 206B)
Class kotlin.jvm.functions.Function1                                                  : loaded 2 times (x 70B)
Class com.android.builder.model.v2.models.ndk.NativeModelBuilderParameter             : loaded 2 times (x 70B)
Class [Lcom.google.common.cache.LocalCache$Segment;                                   : loaded 2 times (x 69B)
Class [Lcom.google.common.cache.LocalCache$Strength;                                  : loaded 2 times (x 69B)
Class com.google.common.cache.CacheBuilder$1                                          : loaded 2 times (x 85B)
Class com.google.common.collect.ImmutableMap                                          : loaded 2 times (x 120B)
Class kotlin.jvm.internal.CollectionToArray                                           : loaded 2 times (x 71B)
Class org.jetbrains.plugins.gradle.tooling.serialization.internal.IdeaProjectSerializationService$WriteContext: loaded 2 times (x 72B)
Class com.intellij.gradle.toolingExtension.impl.model.sourceSetDependencyModel.GradleSourceSetDependencySerialisationService: loaded 2 times (x 77B)
Class org.jetbrains.plugins.gradle.model.GradleSourceSetModel                         : loaded 2 times (x 70B)
Class kotlin.KotlinNothingValueException                                              : loaded 2 times (x 82B)
Class kotlin.jvm.functions.Function2                                                  : loaded 2 times (x 70B)
Class org.gradle.internal.classpath.DefaultClassPath$ImmutableUniqueList$Builder      : loaded 2 times (x 75B)
Class kotlin.sequences.FilteringSequence$iterator$1                                   : loaded 2 times (x 79B)
Class com.google.common.cache.LocalCache                                              : loaded 2 times (x 187B)
Class com.google.common.cache.CacheBuilder$2                                          : loaded 2 times (x 72B)
Class com.google.common.base.CharMatcher$NegatedFastMatcher                           : loaded 2 times (x 113B)
Class com.android.ide.gradle.model.dependencies.Coordinates                           : loaded 2 times (x 70B)
Class kotlin.collections.MapsKt___MapsJvmKt                                           : loaded 2 times (x 71B)
Class org.gradle.tooling.internal.adapter.WeakIdentityHashMap$AbsentValueProvider     : loaded 2 times (x 70B)
Class [Lcom.google.common.collect.AbstractMapEntry;                                   : loaded 2 times (x 69B)
Class com.google.common.collect.ImmutableEntry                                        : loaded 2 times (x 82B)
Class com.google.common.collect.ArrayListMultimap                                     : loaded 2 times (x 172B)
Class com.google.common.base.AbstractIterator$1                                       : loaded 2 times (x 71B)
Class com.google.common.base.CharMatcher$Digit                                        : loaded 2 times (x 112B)
Class org.jetbrains.plugins.gradle.tooling.util.ObjectCollector$Processor             : loaded 2 times (x 70B)
Class kotlin.jvm.functions.Function4                                                  : loaded 2 times (x 70B)
Class kotlin.collections.EmptySet                                                     : loaded 2 times (x 122B)
Class kotlin.annotation.Target                                                        : loaded 2 times (x 70B)
Class kotlin.collections.CollectionsKt___CollectionsKt                                : loaded 2 times (x 71B)
Class com.intellij.gradle.toolingExtension.impl.model.sourceSetModel.GradleSourceSetSerialisationService$Companion: loaded 2 times (x 71B)
Class org.gradle.internal.exceptions.NonGradleCauseExceptionsHolder                   : loaded 2 times (x 70B)
Class org.gradle.tooling.model.idea.IdeaModuleDependency                              : loaded 2 times (x 70B)
Class org.gradle.tooling.internal.adapter.ViewBuilder                                 : loaded 2 times (x 70B)
Class com.android.builder.model.v2.ide.ApiVersion                                     : loaded 2 times (x 70B)
Class com.google.common.collect.CollectPreconditions                                  : loaded 2 times (x 71B)
Class com.google.common.base.CharMatcher$JavaIsoControl                               : loaded 2 times (x 112B)
Class org.jetbrains.plugins.gradle.model.AnnotationProcessingConfig                   : loaded 2 times (x 70B)
Class kotlin.text.StringsKt___StringsJvmKt                                            : loaded 2 times (x 71B)
Class kotlin.reflect.KDeclarationContainer                                            : loaded 2 times (x 70B)
Class kotlin.annotation.Retention                                                     : loaded 2 times (x 70B)
Class com.android.builder.model.v2.models.Versions$Version                            : loaded 2 times (x 70B)
Class com.google.common.collect.SortedMapDifference                                   : loaded 2 times (x 70B)
Class com.google.common.base.CharMatcher$JavaLowerCase                                : loaded 2 times (x 111B)
Class org.jetbrains.plugins.gradle.tooling.ModelBuilderService$Parameter              : loaded 2 times (x 70B)
Class kotlin.io.FilesKt                                                               : loaded 2 times (x 71B)
Class kotlin.collections.MapsKt___MapsKt                                              : loaded 2 times (x 71B)
Class kotlin.collections.ArraysKt___ArraysKt                                          : loaded 2 times (x 71B)
Class com.google.common.cache.LocalCache$EntryFactory                                 : loaded 2 times (x 83B)
Class org.gradle.internal.impldep.gnu.trove.TObjectIntProcedure                       : loaded 2 times (x 70B)
Class kotlin.collections.MapsKt__MapWithDefaultKt                                     : loaded 2 times (x 71B)
Class org.gradle.tooling.internal.adapter.ProtocolToModelAdapter$ReflectionMethodInvoker: loaded 2 times (x 76B)
Class org.jetbrains.kotlin.tooling.core.HasMutableExtras                              : loaded 2 times (x 70B)
Class com.google.common.cache.LocalCache$AbstractReferenceEntry                       : loaded 2 times (x 107B)
Class com.google.common.base.Splitter$1$1                                             : loaded 2 times (x 86B)
Class com.google.common.base.CharMatcher$Whitespace                                   : loaded 2 times (x 112B)
Class kotlin.text.StringsKt___StringsKt                                               : loaded 2 times (x 71B)
Class com.google.common.collect.NullsLastOrdering                                     : loaded 2 times (x 115B)
Class kotlin.collections.CollectionsKt__MutableCollectionsJVMKt                       : loaded 2 times (x 71B)
Class com.google.common.base.CharMatcher$IsEither                                     : loaded 2 times (x 111B)
Class kotlin.enums.EnumEntriesKt                                                      : loaded 2 times (x 71B)
Class com.android.builder.model.v2.models.VariantDependencies                         : loaded 2 times (x 70B)
Class [Lcom.google.common.base.AbstractIterator$State;                                : loaded 2 times (x 69B)
Class org.objectweb.asm.SymbolTable                                                   : loaded 2 times (x 72B)
Class com.google.common.cache.CacheLoader$InvalidCacheLoadException                   : loaded 2 times (x 82B)
Class org.gradle.internal.classloader.FilteringClassLoader                            : loaded 2 times (x 105B)
Class com.google.common.base.CharMatcher$SingleWidth                                  : loaded 2 times (x 112B)
Class com.intellij.gradle.toolingExtension.model.repositoryModel.ProjectRepositoriesModel: loaded 2 times (x 70B)
Class org.jetbrains.plugins.gradle.model.GradleProperty                               : loaded 2 times (x 70B)
Class org.gradle.internal.classloader.SystemClassLoaderSpec                           : loaded 2 times (x 71B)
Class com.android.builder.model.v2.ide.TestedTargetVariant                            : loaded 2 times (x 70B)
Class com.google.common.cache.LocalCache$StrongEntry                                  : loaded 2 times (x 108B)
Class com.google.common.util.concurrent.AbstractFuture$TrustedFuture                  : loaded 2 times (x 114B)
Class com.google.common.cache.LoadingCache                                            : loaded 2 times (x 70B)
Class kotlin.ranges.IntRange$Companion                                                : loaded 2 times (x 71B)
Class kotlin.text.MatcherMatchResult$groups$1                                         : loaded 2 times (x 151B)
Class kotlin.collections.EmptyMap                                                     : loaded 2 times (x 108B)
Class kotlin.reflect.KAnnotatedElement                                                : loaded 2 times (x 70B)
Class kotlin.jvm.internal.markers.KMutableCollection                                  : loaded 2 times (x 70B)
Class kotlin.coroutines.intrinsics.IntrinsicsKt                                       : loaded 2 times (x 71B)
Class org.gradle.internal.exceptions.MultiCauseException                              : loaded 2 times (x 70B)
Class org.gradle.internal.time.CountdownTimer                                         : loaded 2 times (x 70B)
Class kotlin.jvm.internal.Intrinsics                                                  : loaded 2 times (x 71B)
Class org.objectweb.asm.MethodWriter                                                  : loaded 2 times (x 106B)
Class [Lcom.google.common.cache.Weigher;                                              : loaded 2 times (x 69B)
Class com.google.common.collect.RegularImmutableMap$BucketOverflowException           : loaded 2 times (x 82B)
Class com.intellij.gradle.toolingExtension.impl.model.projectModel.GradleExternalProjectSerializationService$ReadContext: loaded 2 times (x 73B)
Class com.intellij.gradle.toolingExtension.impl.model.dependencyModel.DependencyWriteContext: loaded 2 times (x 72B)
Class ijInit3_5evlfwsqj6a7c6h1g8yf43dlw                                               : loaded 2 times (x 179B)
Class kotlin.collections.MapsKt                                                       : loaded 2 times (x 71B)
Class kotlin.coroutines.intrinsics.CoroutineSingletons                                : loaded 2 times (x 79B)
Class kotlin.collections.CollectionsKt__IterablesKt                                   : loaded 2 times (x 71B)
Class org.gradle.tooling.model.ProjectModel                                           : loaded 2 times (x 70B)
Class com.google.common.collect.ImmutableMultimap$1                                   : loaded 2 times (x 82B)
Class kotlin.ranges.OpenEndRange                                                      : loaded 2 times (x 70B)
Class kotlin.sequences.SequenceBuilderIterator                                        : loaded 2 times (x 85B)
Class kotlin.KotlinNullPointerException                                               : loaded 2 times (x 83B)
Class com.google.common.collect.ImmutableMultimap$2                                   : loaded 2 times (x 81B)
Class com.android.ide.common.repository.AgpVersion$Companion$WhenMappings             : loaded 2 times (x 71B)
Class com.google.common.collect.RegularImmutableBiMap                                 : loaded 2 times (x 148B)
Class com.google.common.cache.LocalCache$ValueReference                               : loaded 2 times (x 70B)
Class com.google.common.base.CharMatcher$Negated                                      : loaded 2 times (x 113B)
Class com.google.common.base.CharMatcher$Is                                           : loaded 2 times (x 111B)
Class org.jetbrains.plugins.gradle.model.tests.ExternalTestsModel                     : loaded 2 times (x 70B)
Class kotlin.ranges.RangesKt___RangesKt                                               : loaded 2 times (x 71B)
Class org.gradle.tooling.model.idea.IdeaLanguageLevel                                 : loaded 2 times (x 70B)
Class org.gradle.tooling.internal.adapter.ProtocolToModelAdapter$SafeMethodInvoker    : loaded 2 times (x 76B)
Class org.gradle.tooling.internal.adapter.WeakIdentityHashMap$WeakKey                 : loaded 2 times (x 79B)
Class org.gradle.internal.exceptions.DefaultMultiCauseException                       : loaded 2 times (x 95B)
Class com.android.builder.model.v2.ide.ProjectInfo                                    : loaded 2 times (x 70B)
Class com.google.common.base.PatternCompiler                                          : loaded 2 times (x 70B)
Class com.google.common.util.concurrent.AbstractFuture$Failure                        : loaded 2 times (x 72B)
Class com.google.common.base.Equivalence$Equals                                       : loaded 2 times (x 82B)
Class com.google.common.collect.Hashing                                               : loaded 2 times (x 71B)
Class kotlin.NotImplementedError                                                      : loaded 2 times (x 82B)
Class com.intellij.gradle.toolingExtension.impl.model.projectModel.GradleExternalProjectSerializationService: loaded 2 times (x 77B)
Class kotlin.text.CharsKt__CharKt                                                     : loaded 2 times (x 71B)
Class kotlin.collections.ArrayDeque$Companion                                         : loaded 2 times (x 71B)
Class kotlin.collections.ArraysKt                                                     : loaded 2 times (x 71B)
Class org.gradle.tooling.model.HierarchicalElement                                    : loaded 2 times (x 70B)
Class com.android.builder.model.v2.dsl.DependenciesInfo                               : loaded 2 times (x 70B)
Class kotlin.sequences.FlatteningSequence                                             : loaded 2 times (x 75B)
Class org.objectweb.asm.Label                                                         : loaded 2 times (x 73B)
Class org.objectweb.asm.CurrentFrame                                                  : loaded 2 times (x 73B)
Class org.objectweb.asm.ClassTooLargeException                                        : loaded 2 times (x 83B)
Class kotlin.text.MatcherMatchResult                                                  : loaded 2 times (x 80B)
Class com.google.common.base.CharMatcher                                              : loaded 2 times (x 111B)
Class org.jetbrains.plugins.gradle.tooling.serialization.ExternalTestsSerializationService: loaded 2 times (x 77B)
Class com.google.common.collect.ByFunctionOrdering                                    : loaded 2 times (x 115B)
Class kotlin.collections.SetsKt__SetsKt                                               : loaded 2 times (x 71B)
Class kotlin.coroutines.EmptyCoroutineContext                                         : loaded 2 times (x 77B)
Class org.gradle.internal.time.Time                                                   : loaded 2 times (x 71B)
Class com.android.ide.common.repository.AgpVersion$PreviewKind                        : loaded 2 times (x 79B)
Class com.android.builder.model.v2.models.ProjectGraph                                : loaded 2 times (x 70B)
Class kotlin.text.MatchGroupCollection                                                : loaded 2 times (x 70B)
Class kotlin.text.StringsKt__StringsKt                                                : loaded 2 times (x 71B)
Class org.objectweb.asm.Frame                                                         : loaded 2 times (x 73B)
Class org.objectweb.asm.MethodVisitor                                                 : loaded 2 times (x 105B)
Class com.google.common.cache.LocalCache$EntryFactory$1                               : loaded 2 times (x 83B)
Class [Lcom.google.common.cache.RemovalListener;                                      : loaded 2 times (x 69B)
Class com.google.common.base.CharMatcher$1                                            : loaded 2 times (x 113B)
Class com.google.common.base.CharMatcher$NamedFastMatcher                             : loaded 2 times (x 112B)
Class org.jetbrains.plugins.gradle.tooling.serialization.AnnotationProcessingModelSerializationService: loaded 2 times (x 77B)
Class kotlin.collections.ArraysKt__ArraysJVMKt                                        : loaded 2 times (x 71B)
Class com.android.ide.gradle.model.dependencies.DeclaredDependencies                  : loaded 2 times (x 70B)
Class com.google.common.cache.LocalCache$EntryFactory$2                               : loaded 2 times (x 83B)
Class org.jetbrains.plugins.gradle.model.DependencyAccessorsModel                     : loaded 2 times (x 70B)
Class [Lcom.intellij.openapi.externalSystem.model.project.dependencies.ResolutionState;: loaded 2 times (x 69B)
Class org.gradle.internal.impldep.gnu.trove.TObjectHash                               : loaded 2 times (x 94B)
Class kotlin.text.StringsKt__StringBuilderKt                                          : loaded 2 times (x 71B)
Class kotlin.jvm.internal.CallableReference$NoReceiver                                : loaded 2 times (x 71B)
Class org.gradle.api.internal.classpath.GlobalCacheRootsProvider                      : loaded 2 times (x 70B)
Class com.google.common.collect.CollectCollectors                                     : loaded 2 times (x 71B)
Class org.objectweb.asm.ModuleWriter                                                  : loaded 2 times (x 82B)
Class com.google.common.cache.LocalCache$EntryFactory$3                               : loaded 2 times (x 83B)
Class com.google.common.base.Ticker$1                                                 : loaded 2 times (x 72B)
Class com.google.common.collect.ImmutableMapEntrySet$RegularEntrySet                  : loaded 2 times (x 151B)
Class com.google.common.collect.Maps$BiMapConverter                                   : loaded 2 times (x 90B)
Class org.jetbrains.kotlin.idea.gradleTooling.KotlinMPPGradleModel                    : loaded 2 times (x 70B)
Class com.intellij.gradle.toolingExtension.impl.model.dependencyDownloadPolicyModel.GradleDependencyDownloadPolicy: loaded 2 times (x 70B)
Class kotlin.NoWhenBranchMatchedException                                             : loaded 2 times (x 82B)
Class org.gradle.tooling.model.BuildIdentifier                                        : loaded 2 times (x 70B)
Class com.android.builder.model.v2.ide.VectorDrawablesOptions                         : loaded 2 times (x 70B)
Class com.google.common.cache.LocalCache$EntryFactory$4                               : loaded 2 times (x 83B)
Class com.google.common.collect.ImmutableSet$Builder                                  : loaded 2 times (x 85B)
Class com.google.common.base.CharMatcher$InRange                                      : loaded 2 times (x 111B)
Class org.jetbrains.kotlin.idea.gradleTooling.PrepareKotlinIdeImportTaskModel         : loaded 2 times (x 70B)
Class com.android.builder.model.v2.models.VariantDependenciesFlatList                 : loaded 2 times (x 70B)
Class com.google.common.cache.LocalCache$EntryFactory$5                               : loaded 2 times (x 83B)
Class com.android.ide.gradle.model.GradlePluginModel                                  : loaded 2 times (x 70B)
Class com.google.common.collect.ReverseOrdering                                       : loaded 2 times (x 115B)
Class org.gradle.tooling.model.build.JavaEnvironment                                  : loaded 2 times (x 70B)
Class org.jetbrains.plugins.gradle.tooling.serialization.internal.IdeaProjectSerializationService$ReadContext: loaded 2 times (x 72B)
Class com.android.builder.model.v2.ide.SourceSetContainer                             : loaded 2 times (x 70B)
Class com.google.common.cache.LocalCache$EntryFactory$6                               : loaded 2 times (x 83B)
Class org.gradle.internal.time.Timer                                                  : loaded 2 times (x 70B)
Class kotlin.jvm.internal.markers.KMappedMarker                                       : loaded 2 times (x 70B)
Class org.gradle.internal.installation.CurrentGradleInstallationLocator               : loaded 2 times (x 71B)
Class com.google.common.collect.ImmutableMultimap$Builder                             : loaded 2 times (x 83B)
Class com.android.builder.model.v2.ide.LintOptions                                    : loaded 2 times (x 70B)
Class com.google.common.collect.Maps$KeySet                                           : loaded 2 times (x 137B)
Class com.google.common.cache.LocalCache$EntryFactory$7                               : loaded 2 times (x 83B)
Class com.google.common.collect.ImmutableSet$EmptySetBuilderImpl                      : loaded 2 times (x 76B)
Class com.google.common.collect.RegularImmutableMap$KeySet                            : loaded 2 times (x 150B)
Class org.gradle.tooling.internal.adapter.ProtocolToModelAdapter$ViewGraphDetails     : loaded 2 times (x 72B)
Class org.gradle.tooling.model.idea.IdeaProject                                       : loaded 2 times (x 70B)
Class org.gradle.tooling.model.DomainObjectSet                                        : loaded 2 times (x 70B)
Class org.gradle.internal.service.DefaultServiceLocator                               : loaded 2 times (x 83B)
Class com.google.common.collect.ImmutableMultimap$EntryCollection                     : loaded 2 times (x 127B)
Class com.android.builder.model.v2.ide.BasicArtifact                                  : loaded 2 times (x 70B)
Class com.google.common.cache.LocalCache$EntryFactory$8                               : loaded 2 times (x 83B)
Class com.google.common.base.Equivalence$Identity                                     : loaded 2 times (x 82B)
Class kotlin.coroutines.jvm.internal.SuspendFunction                                  : loaded 2 times (x 70B)
Class org.gradle.util.GradleVersion                                                   : loaded 2 times (x 79B)
Class org.gradle.internal.installation.CurrentGradleInstallation                      : loaded 2 times (x 73B)
Class com.google.common.cache.CacheLoader$1                                           : loaded 2 times (x 75B)
Class com.google.common.collect.ForwardingObject                                      : loaded 2 times (x 72B)
Class com.google.common.base.PairwiseEquivalence                                      : loaded 2 times (x 83B)
Class org.jetbrains.plugins.gradle.javaModel.JavaGradleManifestModel                  : loaded 2 times (x 70B)
Class org.jetbrains.plugins.gradle.tooling.serialization.GradleExtensionsSerializationService$WriteContext: loaded 2 times (x 72B)
Class com.intellij.gradle.toolingExtension.impl.model.taskModel.GradleTaskSerialisationService$Companion: loaded 2 times (x 71B)
Class kotlin.jvm.internal.StringCompanionObject                                       : loaded 2 times (x 71B)
Class kotlin.coroutines.intrinsics.IntrinsicsKt__IntrinsicsJvmKt                      : loaded 2 times (x 71B)
Class kotlin.coroutines.jvm.internal.CoroutineStackFrame                              : loaded 2 times (x 70B)
Class org.gradle.tooling.internal.adapter.ProtocolToModelAdapter$MethodInvocationCache$MethodInvocationKey: loaded 2 times (x 73B)
Class org.gradle.util.internal.GUtil                                                  : loaded 2 times (x 71B)
Class com.google.common.util.concurrent.AbstractFuture$SetFuture                      : loaded 2 times (x 75B)
Class com.google.common.cache.AbstractCache$StatsCounter                              : loaded 2 times (x 70B)
Class com.intellij.gradle.toolingExtension.impl.model.utilTurnOffDefaultTasksModel.TurnOffDefaultTasks: loaded 2 times (x 70B)
Class com.intellij.gradle.toolingExtension.impl.model.sourceSetModel.GradleSourceSetSerialisationService$SourceSetModelReadContext: loaded 2 times (x 72B)
Class sync_studio_tooling1_6ybtj18hzs0ayir9ofah66dnt                                  : loaded 2 times (x 179B)
Class kotlin.io.NoSuchFileException                                                   : loaded 2 times (x 82B)
Class kotlin.collections.CollectionsKt                                                : loaded 2 times (x 71B)
Class com.android.builder.model.v2.dsl.BuildType                                      : loaded 2 times (x 70B)
Class kotlin.sequences.SequencesKt___SequencesKt$sortedWith$1                         : loaded 2 times (x 75B)
Class com.android.builder.model.v2.ide.ViewBindingOptions                             : loaded 2 times (x 70B)
Class com.intellij.gradle.toolingExtension.impl.model.sourceSetModel.GradleSourceSetSerialisationService$SourceSetModelWriteContext: loaded 2 times (x 72B)
Class kotlin.ranges.IntProgressionIterator                                            : loaded 2 times (x 82B)
Class kotlin.coroutines.CoroutineContext                                              : loaded 2 times (x 70B)
Class kotlin.coroutines.jvm.internal.DebugProbesKt                                    : loaded 2 times (x 71B)
Class org.gradle.tooling.internal.adapter.WeakIdentityHashMap                         : loaded 2 times (x 76B)
Class org.gradle.tooling.GradleConnectionException                                    : loaded 2 times (x 83B)
Class org.gradle.tooling.internal.adapter.ProtocolToModelAdapter$1                    : loaded 2 times (x 75B)
Class org.gradle.tooling.internal.adapter.ProtocolToModelAdapter$ViewDecoration       : loaded 2 times (x 70B)
Class org.gradle.internal.installation.GradleInstallation                             : loaded 2 times (x 75B)
Class com.google.common.collect.Iterables                                             : loaded 2 times (x 71B)
Class com.google.common.base.Splitter$Strategy                                        : loaded 2 times (x 70B)
Class org.jetbrains.plugins.gradle.tooling.serialization.GradleExtensionsSerializationService$ReadContext: loaded 2 times (x 72B)
Class com.google.common.collect.LexicographicalOrdering                               : loaded 2 times (x 115B)
Class org.gradle.tooling.internal.adapter.MethodInvoker                               : loaded 2 times (x 70B)
Class com.google.common.collect.Lists$RandomAccessReverseList                         : loaded 2 times (x 200B)
Class org.jetbrains.plugins.gradle.tooling.serialization.RepositoriesModelSerializationService$WriteContext: loaded 2 times (x 72B)
Class com.android.ide.gradle.model.LegacyAndroidGradlePluginProperties                : loaded 2 times (x 70B)
Class kotlin.ranges.IntProgression                                                    : loaded 2 times (x 81B)
Class kotlin.jvm.KotlinReflectionNotSupportedError                                    : loaded 2 times (x 82B)
Class org.gradle.tooling.model.gradle.GradleScript                                    : loaded 2 times (x 70B)

---------------  S Y S T E M  ---------------

OS:
 Windows 11 , 64 bit Build 22621 (10.0.22621.5415)
OS uptime: 14 days 9:22 hours
Hyper-V role detected

CPU: total 8 (initial active 8) (4 cores per cpu, 2 threads per core) family 6 model 140 stepping 2 microcode 0x3c, cx8, cmov, fxsr, ht, mmx, 3dnowpref, sse, sse2, sse3, ssse3, sse4.1, sse4.2, popcnt, lzcnt, tsc, tscinvbit, avx, avx2, aes, erms, clmul, bmi1, bmi2, adx, avx512f, avx512dq, avx512cd, avx512bw, avx512vl, sha, fma, vzeroupper, avx512_vpopcntdq, avx512_vpclmulqdq, avx512_vaes, avx512_vnni, clflush, clflushopt, clwb, avx512_vbmi2, avx512_vbmi, hv, rdtscp, rdpid, fsrm, gfni, avx512_bitalg, f16c, cet_ibt, cet_ss, avx512_ifma
Processor Information for the first 8 processors :
  Max Mhz: 2496, Current Mhz: 2496, Mhz Limit: 2496

Memory: 4k page, system-wide physical 16126M (812M free)
TotalPageFile size 18174M (AvailPageFile size 6M)
current process WorkingSet (physical memory assigned to process): 619M, peak: 619M
current process commit charge ("private bytes"): 661M, peak: 663M

vm_info: OpenJDK 64-Bit Server VM (21.0.8+-14196175-b1038.72) for windows-amd64 JRE (21.0.8+-14196175-b1038.72), built on 2025-10-01T10:24:33Z by "builder" with MS VC++ 16.10 / 16.11 (VS2019)

END.
