#
# There is insufficient memory for the Java Runtime Environment to continue.
# Native memory allocation (mmap) failed to map 1048576 bytes. Error detail: G1 virtual space
# Possible reasons:
#   The system is out of physical RAM or swap space
#   This process is running with CompressedOops enabled, and the Java Heap may be blocking the growth of the native heap
# Possible solutions:
#   Reduce memory load on the system
#   Increase physical memory or swap space
#   Check if swap backing store is full
#   Decrease Java heap size (-Xmx/-Xms)
#   Decrease number of Java threads
#   Decrease Java thread stack sizes (-Xss)
#   Set larger code cache with -XX:ReservedCodeCacheSize=
#   JVM is running with Unscaled Compressed Oops mode in which the Java heap is
#     placed in the first 4GB address space. The Java Heap base address is the
#     maximum limit for the native heap growth. Please use -XX:HeapBaseMinAddress
#     to set the Java Heap base and to place the Java Heap above 4GB virtual address.
# This output file may be truncated or incomplete.
#
#  Out of Memory Error (os_windows.cpp:3925), pid=22588, tid=8796
#
# JRE version: OpenJDK Runtime Environment (21.0.8) (build 21.0.8+-14196175-b1038.72)
# Java VM: OpenJDK 64-Bit Server VM (21.0.8+-14196175-b1038.72, mixed mode, tiered, compressed oops, compressed class ptrs, g1 gc, windows-amd64)
# No core dump will be written. Minidumps are not enabled by default on client versions of Windows
#

---------------  S U M M A R Y ------------

Command Line: --add-opens=java.base/java.lang=ALL-UNNAMED --add-opens=java.base/java.lang.invoke=ALL-UNNAMED --add-opens=java.base/java.util=ALL-UNNAMED --add-opens=java.prefs/java.util.prefs=ALL-UNNAMED --add-exports=jdk.compiler/com.sun.tools.javac.api=ALL-UNNAMED --add-exports=jdk.compiler/com.sun.tools.javac.util=ALL-UNNAMED --add-opens=java.base/java.util=ALL-UNNAMED --add-opens=java.prefs/java.util.prefs=ALL-UNNAMED --add-opens=java.base/java.nio.charset=ALL-UNNAMED --add-opens=java.base/java.net=ALL-UNNAMED --add-opens=java.base/java.util.concurrent.atomic=ALL-UNNAMED --add-opens=java.xml/javax.xml.namespace=ALL-UNNAMED -Xmx2048m -Dfile.encoding=UTF-8 -Duser.country=US -Duser.language=en -Duser.variant -javaagent:C:\Users\DELL\.gradle\wrapper\dists\gradle-8.11.1-bin\bpt9gzteqjrbo1mjrsomdt32c\gradle-8.11.1\lib\agents\gradle-instrumentation-agent-8.11.1.jar org.gradle.launcher.daemon.bootstrap.GradleDaemon 8.11.1

Host: 11th Gen Intel(R) Core(TM) i5-11320H @ 3.20GHz, 8 cores, 15G,  Windows 11 , 64 bit Build 22621 (10.0.22621.5415)
Time: Mon Jan  5 13:39:00 2026 SE Asia Standard Time elapsed time: 1992.566327 seconds (0d 0h 33m 12s)

---------------  T H R E A D  ---------------

Current thread (0x0000026f48658990):  JavaThread "WorkerExecutor Queue Thread 7"        [_thread_in_vm, id=8796, stack(0x000000d004500000,0x000000d004600000) (1024K)]

Stack: [0x000000d004500000,0x000000d004600000]
Native frames: (J=compiled Java code, j=interpreted, Vv=VM code, C=native code)
V  [jvm.dll+0x6d68d9]
V  [jvm.dll+0x866693]
V  [jvm.dll+0x868c4e]
V  [jvm.dll+0x869333]
V  [jvm.dll+0x280566]
V  [jvm.dll+0x6d3195]
V  [jvm.dll+0x6c69ea]
V  [jvm.dll+0x3586db]
V  [jvm.dll+0x360336]
V  [jvm.dll+0x3b20fb]
V  [jvm.dll+0x3b27b4]
V  [jvm.dll+0x3b2306]
V  [jvm.dll+0x32b2a4]
V  [jvm.dll+0x32943f]
V  [jvm.dll+0x668220]
V  [jvm.dll+0x240372]
V  [jvm.dll+0x82ac67]
V  [jvm.dll+0x7331a9]
C  0x0000026f29f07729

The last pc belongs to _new_array_nozero_Java (printed below).
Java frames: (J=compiled Java code, j=interpreted, Vv=VM code)
v  ~RuntimeStub::_new_array_nozero_Java 0x0000026f29f07729
J 2602 c2 java.util.Arrays.copyOf([BI)[B java.base@21.0.8 (33 bytes) @ 0x0000026f2a4c5310 [0x0000026f2a4c5040+0x00000000000002d0]
j  com.android.tools.r8.internal.V7.a(Ljava/io/InputStream;)[B+133
j  com.android.tools.r8.internal.fo0.a(Ljava/io/InputStream;)[B+1
j  com.android.tools.r8.dex.D.<init>(Lcom/android/tools/r8/ProgramResource;)V+15
j  com.android.tools.r8.dex.a.b(Ljava/util/ArrayList;Ljava/util/concurrent/ConcurrentLinkedQueue;)V+75
j  com.android.tools.r8.dex.a.b()V+177
j  com.android.tools.r8.dex.c.a(Lcom/android/tools/r8/v0;Ljava/util/concurrent/ExecutorService;Lcom/android/tools/r8/internal/Ss;)Lcom/android/tools/r8/graph/w4;+124
j  com.android.tools.r8.dex.c.a(Lcom/android/tools/r8/v0;Ljava/util/concurrent/ExecutorService;)Lcom/android/tools/r8/graph/w4;+11
j  com.android.tools.r8.dex.c.a(Ljava/util/concurrent/ExecutorService;)Lcom/android/tools/r8/graph/w4;+9
j  com.android.tools.r8.D8.a(Lcom/android/tools/r8/utils/i;Lcom/android/tools/r8/internal/MI;Ljava/util/concurrent/ExecutorService;Lcom/android/tools/r8/internal/Ar0;)Lcom/android/tools/r8/graph/y;+24
j  com.android.tools.r8.D8.d(Lcom/android/tools/r8/utils/i;Lcom/android/tools/r8/internal/MI;Ljava/util/concurrent/ExecutorService;)V+134
j  com.android.tools.r8.D8.b(Lcom/android/tools/r8/utils/i;Lcom/android/tools/r8/internal/MI;Ljava/util/concurrent/ExecutorService;)V+3
j  com.android.tools.r8.D8$$Lambda+0x00000001012de6d0.run()V+12
j  com.android.tools.r8.internal.Nu.a(Lcom/android/tools/r8/internal/Me0;Lcom/android/tools/r8/internal/Nu$a;)V+2
j  com.android.tools.r8.internal.Nu.b(Lcom/android/tools/r8/internal/Me0;Lcom/android/tools/r8/internal/Nu$a;)V+2
j  com.android.tools.r8.D8.run(Lcom/android/tools/r8/D8Command;Ljava/util/concurrent/ExecutorService;)V+22
j  com.android.builder.dexing.D8DexArchiveMerger.mergeDexArchives(Ljava/util/List;Ljava/util/List;Ljava/nio/file/Path;Ljava/util/List;Ljava/util/List;Ljava/nio/file/Path;Ljava/util/Collection;Ljava/nio/file/Path;Ljava/nio/file/Path;Ljava/nio/file/Path;)V+455
j  com.android.build.gradle.internal.tasks.DexMergingWorkAction.merge(Lcom/android/build/gradle/internal/tasks/DexMergingTask$SharedParams;Ljava/util/concurrent/ForkJoinPool;Ljava/util/List;Ljava/util/List;Ljava/io/File;Ljava/nio/file/Path;Ljava/nio/file/Path;Ljava/nio/file/Path;)V+502
j  com.android.build.gradle.internal.tasks.DexMergingWorkAction.run()V+363
j  com.android.build.gradle.internal.profile.ProfileAwareWorkAction.execute()V+70
j  org.gradle.workers.internal.DefaultWorkerServer.execute(Lorg/gradle/workers/internal/SimpleActionExecutionSpec;)Lorg/gradle/workers/internal/DefaultWorkResult;+128
j  org.gradle.workers.internal.NoIsolationWorkerFactory$1$1.create()Lorg/gradle/workers/internal/DefaultWorkResult;+29
j  org.gradle.workers.internal.NoIsolationWorkerFactory$1$1.create()Ljava/lang/Object;+1
j  org.gradle.internal.classloader.ClassLoaderUtils.executeInClassloader(Ljava/lang/ClassLoader;Lorg/gradle/internal/Factory;)Ljava/lang/Object;+15
j  org.gradle.workers.internal.NoIsolationWorkerFactory$1.lambda$execute$0(Ljava/lang/ClassLoader;Lorg/gradle/workers/WorkerExecutor;Lorg/gradle/workers/internal/IsolatedParametersActionExecutionSpec;)Lorg/gradle/workers/internal/DefaultWorkResult;+10
j  org.gradle.workers.internal.NoIsolationWorkerFactory$1$$Lambda+0x00000001011dcde0.execute(Lorg/gradle/workers/internal/IsolatedParametersActionExecutionSpec;)Lorg/gradle/workers/internal/DefaultWorkResult;+13
j  org.gradle.workers.internal.AbstractWorker$1.call(Lorg/gradle/internal/operations/BuildOperationContext;)Lorg/gradle/workers/internal/DefaultWorkResult;+8
j  org.gradle.workers.internal.AbstractWorker$1.call(Lorg/gradle/internal/operations/BuildOperationContext;)Ljava/lang/Object;+2
J 14613 c2 org.gradle.internal.operations.DefaultBuildOperationRunner$CallableBuildOperationWorker.execute(Lorg/gradle/internal/operations/BuildOperation;Lorg/gradle/internal/operations/BuildOperationContext;)V (10 bytes) @ 0x0000026f2ab41fa8 [0x0000026f2ab41e40+0x0000000000000168]
J 15935 c2 org.gradle.internal.operations.DefaultBuildOperationRunner$2.execute(Lorg/gradle/internal/operations/BuildOperationDescriptor;Lorg/gradle/internal/operations/BuildOperationState;Lorg/gradle/internal/operations/BuildOperationState;Lorg/gradle/internal/operations/DefaultBuildOperationRunner$ReadableBuildOperationContext;Lorg/gradle/internal/operations/DefaultBuildOperationRunner$BuildOperationExecutionListener;)Ljava/lang/Object; (12 bytes) @ 0x0000026f2aa85508 [0x0000026f2aa85220+0x00000000000002e8]
J 21643 c2 org.gradle.internal.operations.DefaultBuildOperationRunner.execute(Lorg/gradle/internal/operations/BuildOperationDescriptor$Builder;Lorg/gradle/internal/operations/BuildOperationState;Lorg/gradle/internal/operations/DefaultBuildOperationRunner$BuildOperationExecution;)Ljava/lang/Object; (147 bytes) @ 0x0000026f2ac32adc [0x0000026f2ac32300+0x00000000000007dc]
J 21932 c2 org.gradle.internal.operations.DefaultBuildOperationRunner.execute(Lorg/gradle/internal/operations/BuildOperation;Lorg/gradle/internal/operations/BuildOperationWorker;Lorg/gradle/internal/operations/BuildOperationState;)V (23 bytes) @ 0x0000026f2ace1390 [0x0000026f2ace12c0+0x00000000000000d0]
J 14614 c2 org.gradle.internal.operations.DefaultBuildOperationRunner.call(Lorg/gradle/internal/operations/CallableBuildOperation;)Ljava/lang/Object; (24 bytes) @ 0x0000026f2ab42508 [0x0000026f2ab423e0+0x0000000000000128]
j  org.gradle.workers.internal.AbstractWorker.executeWrappedInBuildOperation(Lorg/gradle/workers/internal/IsolatedParametersActionExecutionSpec;Lorg/gradle/internal/operations/BuildOperationRef;Lorg/gradle/workers/internal/AbstractWorker$Work;)Lorg/gradle/workers/internal/DefaultWorkResult;+15
j  org.gradle.workers.internal.NoIsolationWorkerFactory$1.execute(Lorg/gradle/workers/internal/IsolatedParametersActionExecutionSpec;Lorg/gradle/internal/operations/BuildOperationRef;)Lorg/gradle/workers/internal/DefaultWorkResult;+17
j  org.gradle.workers.internal.DefaultWorkerExecutor.lambda$submitWork$0(Lorg/gradle/workers/internal/WorkerFactory;Lorg/gradle/workers/internal/WorkerRequirement;Lorg/gradle/workers/internal/IsolatedParametersActionExecutionSpec;Lorg/gradle/internal/operations/BuildOperationRef;)Lorg/gradle/workers/internal/DefaultWorkResult;+13
j  org.gradle.workers.internal.DefaultWorkerExecutor$$Lambda+0x00000001011dc000.call()Ljava/lang/Object;+16
j  java.util.concurrent.FutureTask.run()V+39 java.base@21.0.8
j  org.gradle.internal.work.DefaultConditionalExecutionQueue$ExecutionRunner.runExecution(Lorg/gradle/internal/work/ConditionalExecution;)V+6
j  org.gradle.internal.work.DefaultConditionalExecutionQueue$ExecutionRunner.access$700(Lorg/gradle/internal/work/DefaultConditionalExecutionQueue$ExecutionRunner;Lorg/gradle/internal/work/ConditionalExecution;)V+2
j  org.gradle.internal.work.DefaultConditionalExecutionQueue$ExecutionRunner$1.run()V+14
j  org.gradle.internal.Factories$1.create()Ljava/lang/Object;+4
J 25295 c1 org.gradle.internal.work.DefaultWorkerLeaseService.withLocks(Ljava/util/Collection;Lorg/gradle/internal/Factory;)Ljava/lang/Object; (53 bytes) @ 0x0000026f2493f294 [0x0000026f2493ee40+0x0000000000000454]
J 14243 c1 org.gradle.internal.work.DefaultWorkerLeaseService.runAsWorkerThread(Lorg/gradle/internal/Factory;)Ljava/lang/Object; (37 bytes) @ 0x0000026f23badf04 [0x0000026f23bad960+0x00000000000005a4]
j  org.gradle.internal.work.DefaultWorkerLeaseService.runAsWorkerThread(Ljava/lang/Runnable;)V+5
j  org.gradle.internal.work.DefaultConditionalExecutionQueue$ExecutionRunner.runBatch(Lorg/gradle/internal/work/ConditionalExecution;)V+16
j  org.gradle.internal.work.DefaultConditionalExecutionQueue$ExecutionRunner.run()V+11
J 15019 c1 java.util.concurrent.Executors$RunnableAdapter.call()Ljava/lang/Object; java.base@21.0.8 (14 bytes) @ 0x0000026f23bfed4c [0x0000026f23bfec40+0x000000000000010c]
j  java.util.concurrent.FutureTask.run()V+39 java.base@21.0.8
J 13612 c2 org.gradle.internal.concurrent.ExecutorPolicy$CatchAndRecordFailures.onExecute(Ljava/lang/Runnable;)V (29 bytes) @ 0x0000026f2a691a94 [0x0000026f2a691a40+0x0000000000000054]
J 14995 c1 org.gradle.internal.concurrent.AbstractManagedExecutor$1.run()V (57 bytes) @ 0x0000026f23bf5b54 [0x0000026f23bf59a0+0x00000000000001b4]
J 15376 c1 java.util.concurrent.ThreadPoolExecutor.runWorker(Ljava/util/concurrent/ThreadPoolExecutor$Worker;)V java.base@21.0.8 (187 bytes) @ 0x0000026f23cbf914 [0x0000026f23cbefc0+0x0000000000000954]
J 21601 c1 java.util.concurrent.ThreadPoolExecutor$Worker.run()V java.base@21.0.8 (9 bytes) @ 0x0000026f242ee14c [0x0000026f242ee0c0+0x000000000000008c]
J 21582 c1 java.lang.Thread.run()V java.base@21.0.8 (23 bytes) @ 0x0000026f242e5bdc [0x0000026f242e59e0+0x00000000000001fc]
v  ~StubRoutines::call_stub 0x0000026f29de10e7
--------------------------------------------------------------------------------
Decoding CodeBlob, name: _new_array_nozero_Java, at  [0x0000026f29f07700, 0x0000026f29f07770]  112 bytes
[MachCode]
  0x0000026f29f07700: 4881 ec28 | 0000 0048 | 896c 2420 | 4989 a798 | 0300 0048 | 8bca 418b | d04d 8bc7 | 49ba 6031 
  0x0000026f29f07720: 04eb ff7f | 0000 41ff | d20f 1f84 | 0000 0000 | 004d 89a7 | 9803 0000 | 4d89 a7a0 | 0300 0049 
  0x0000026f29f07740: 8b87 f003 | 0000 4d89 | a7f0 0300 | 004d 3b67 | 0875 0648 | 83c4 205d | c333 db49 | ba00 0fde 
  0x0000026f29f07760: 296f 0200 | 0048 83c4 | 205d 41ff | e2f4 f4f4 
[/MachCode]
--------------------------------------------------------------------------------


Compiled method (c2) 1992584 2602       4       java.util.Arrays::copyOf (33 bytes)
 total in heap  [0x0000026f2a4c4e90,0x0000026f2a4c5590] = 1792
 relocation     [0x0000026f2a4c4ff0,0x0000026f2a4c5028] = 56
 main code      [0x0000026f2a4c5040,0x0000026f2a4c5460] = 1056
 stub code      [0x0000026f2a4c5460,0x0000026f2a4c5478] = 24
 metadata       [0x0000026f2a4c5478,0x0000026f2a4c5488] = 16
 scopes data    [0x0000026f2a4c5488,0x0000026f2a4c54d8] = 80
 scopes pcs     [0x0000026f2a4c54d8,0x0000026f2a4c5548] = 112
 dependencies   [0x0000026f2a4c5548,0x0000026f2a4c5550] = 8
 handler table  [0x0000026f2a4c5550,0x0000026f2a4c5580] = 48
 nul chk table  [0x0000026f2a4c5580,0x0000026f2a4c5590] = 16

[Constant Pool (empty)]

[MachCode]
[Verified Entry Point]
  # {method} {0x0000026f381d8310} 'copyOf' '([BI)[B' in 'java/util/Arrays'
  # parm0:    rdx:rdx   = '[B'
  # parm1:    r8        = int
  #           [sp+0x70]  (sp of caller)
  0x0000026f2a4c5040: 8984 2400 | 80ff ff55 | 4883 ec60 | 4181 7f20 | 2200 0000 | 0f85 fc03 | 0000 4889 | 5424 2044 
  0x0000026f2a4c5060: 8b4a 0c4c | 8bd2 4983 | c210 4c89 | 5424 2845 | 3bc1 0f84 | cd01 0000 | 4181 f800 | 0010 000f 
  0x0000026f2a4c5080: 87b4 0200 | 004d 63d8 | 453b c841 | 8be9 410f | 4fe8 443b | cd0f 8219 | 0300 0044 | 3bc5 0f82 
  0x0000026f2a4c50a0: 1003 0000 | 4983 c317 | 498b fb48 | 83e7 f841 | 81f8 0000 | 1000 0f87 | 2802 0000 | 498b 9fb8 
  0x0000026f2a4c50c0: 0100 004c | 8bd3 4c03 | d74d 3b97 | c801 0000 | 0f83 0e02 | 0000 4d89 | 97b8 0100 | 0041 0f0d 
  0x0000026f2a4c50e0: 8ac0 0000 | 0048 c703 | 0100 0000 | 410f 0d8a | 0001 0000 

  0x0000026f2a4c50f4: ;   {metadata({type array byte})}
  0x0000026f2a4c50f4: c743 0859 | 8100 2044 | 8943 0c41 | 0f0d 8a40 | 0100 0041 | 0f0d 8a80 | 0100 004c | 8bcb 4983 
  0x0000026f2a4c5114: c110 49c1 | eb03 85ed | 0f84 1f02 | 0000 413b | e87c 4448 | 83c7 f048 | c1ef 0348 | 8b4c 2428 
  0x0000026f2a4c5134: 498b d14c | 8bc7 c5f8 | 7749 ba80 | 70e1 296f | 0200 0041 

  0x0000026f2a4c5148: ;   {other}
  0x0000026f2a4c5148: ffd2 0f1f | 8400 0000 | 0000 488b | c3c5 f877 | 4883 c460 

  0x0000026f2a4c515c: ;   {poll_return}
  0x0000026f2a4c515c: 5d49 3ba7 | 4804 0000 | 0f87 d602 | 0000 c34c | 63c5 4d8d | 5010 498b | ca48 83e1 | f848 8bfb 
  0x0000026f2a4c517c: 4803 f949 | c1ea 034d | 2bda 498b | cb48 33c0 | 4883 f908 | 7f10 48ff | c978 5648 | 8904 cf48 
  0x0000026f2a4c519c: ffc9 7df7 | eb4b c5fd | efc0 e90d | 0000 00c5 | fe7f 07c5 | fe7f 4720 | 4883 c740 | 4883 e908 
  0x0000026f2a4c51bc: 7ded 4883 | c104 7c0c | c5fe 7f07 | 4883 c720 | 4883 e904 | 4883 c104 | 7e17 48c7 | c0ff ffff 
  0x0000026f2a4c51dc: ffc4 e2f0 | f5c0 c4e1 | fb92 f862 | f1fe 2f7f | 0749 83f8 | 2077 2d4c | 63d5 49bb | ffff ffff 
  0x0000026f2a4c51fc: ffff ffff | c442 a8f5 | dbc4 c1fb | 92fb 4c8b | 5424 2862 | d17f af6f | 0262 d17f | 2f7f 01e9 
  0x0000026f2a4c521c: 32ff ffff | 488b 4c24 | 2849 8bd1 | c5f8 7749 | bac0 4de1 | 296f 0200 | 0041 ffd2 

  0x0000026f2a4c5238: ;   {other}
  0x0000026f2a4c5238: 0f1f 8400 | 0000 0000 | e90d ffff | ff49 63e9 | 4181 f900 | 0010 000f | 877f 0100 | 0049 8b9f 
  0x0000026f2a4c5258: b801 0000 | 4c8d 5517 | 4983 e2f8 | 4c8b db4d | 03da 4d3b | 9fc8 0100 | 000f 835d | 0100 004d 
  0x0000026f2a4c5278: 899f b801 | 0000 410f | 0d8b c000 | 0000 48c7 | 0301 0000 | 0041 0f0d | 8b00 0100 

  0x0000026f2a4c5294: ;   {metadata({type array byte})}
  0x0000026f2a4c5294: 00c7 4308 | 5981 0020 | 4489 4b0c | 410f 0d8b | 4001 0000 | 410f 0d8b | 8001 0000 | 488b d348 
  0x0000026f2a4c52b4: 83c2 1048 | 83c5 0748 | c1ed 0348 | 8b4c 2428 | 4c8b c5c5 | f877 49ba | 8070 e129 | 6f02 0000 
  0x0000026f2a4c52d4: ;   {other}
  0x0000026f2a4c52d4: 41ff d20f | 1f84 0000 | 0000 00e9 | 6efe ffff | 4889 7c24 | 484c 895c | 2440 48ff | 7424 2848 
  0x0000026f2a4c52f4: 8f44 2438 | 4489 4424 

  0x0000026f2a4c52fc: ;   {metadata({type array byte})}
  0x0000026f2a4c52fc: 3048 bac8 | 0a04 0001 | 0000 0090 

  0x0000026f2a4c5308: ;   {runtime_call _new_array_nozero_Java}
  0x0000026f2a4c5308: c5f8 77e8 

  0x0000026f2a4c530c: ; ImmutableOopMap {[32]=Oop [56]=Derived_oop_[32] }
                      ;*newarray {reexecute=0 rethrow=0 return_oop=1}
                      ; - java.util.Arrays::copyOf@15
  0x0000026f2a4c530c: f023 a4ff 

  0x0000026f2a4c5310: ;   {other}
  0x0000026f2a4c5310: 0f1f 8400 | 8004 0000 | 448b 4424 | 3048 ff74 | 2438 488f | 4424 284c | 8b5c 2440 | 488b 7c24 
  0x0000026f2a4c5330: 4848 8bd8 | e9d6 fdff | ff4d 63d8 | e947 fdff | ff49 83c3 | fe49 8bcb | 498b f948 | 33c0 4883 
  0x0000026f2a4c5350: f908 7f10 | 48ff c978 | 5648 8904 | cf48 ffc9 | 7df7 eb4b | c5fd efc0 | e90d 0000 | 00c5 fe7f 
  0x0000026f2a4c5370: 07c5 fe7f | 4720 4883 | c740 4883 | e908 7ded | 4883 c104 | 7c0c c5fe | 7f07 4883 | c720 4883 
  0x0000026f2a4c5390: e904 4883 | c104 7e17 | 48c7 c0ff | ffff ffc4 | e2f0 f5c0 | c4e1 fb92 | f862 f1fe | 2f7f 07e9 
  0x0000026f2a4c53b0: 9efd ffff | bacc ffff | ff48 8b6c | 2420 4489 | 4424 2490 

  0x0000026f2a4c53c4: ;   {runtime_call UncommonTrapBlob}
  0x0000026f2a4c53c4: c5f8 77e8 

  0x0000026f2a4c53c8: ; ImmutableOopMap {rbp=Oop }
                      ;*newarray {reexecute=1 rethrow=0 return_oop=0}
                      ; - (reexecute) java.util.Arrays::copyOf@15
  0x0000026f2a4c53c8: 3429 97ff 

  0x0000026f2a4c53cc: ;   {other}
  0x0000026f2a4c53cc: 0f1f 8400 | 3c05 0001 

  0x0000026f2a4c53d4: ;   {metadata({type array byte})}
  0x0000026f2a4c53d4: 48ba c80a | 0400 0100 | 0000 458b | c166 6690 

  0x0000026f2a4c53e4: ;   {runtime_call _new_array_nozero_Java}
  0x0000026f2a4c53e4: c5f8 77e8 

  0x0000026f2a4c53e8: ; ImmutableOopMap {[32]=Oop [40]=Derived_oop_[32] }
                      ;*invokevirtual clone {reexecute=1 rethrow=0 return_oop=1}
                      ; - (reexecute) java.util.Arrays::copyOf@7
  0x0000026f2a4c53e8: 1423 a4ff 

  0x0000026f2a4c53ec: ;   {other}
  0x0000026f2a4c53ec: 0f1f 8400 | 5c05 0002 | 488b d8e9 | b4fe ffff | baf6 ffff | ff66 6690 

  0x0000026f2a4c5404: ;   {runtime_call UncommonTrapBlob}
  0x0000026f2a4c5404: c5f8 77e8 

  0x0000026f2a4c5408: ; ImmutableOopMap {}
                      ;*arraylength {reexecute=0 rethrow=0 return_oop=0}
                      ; - java.util.Arrays::copyOf@2
  0x0000026f2a4c5408: f428 97ff 

  0x0000026f2a4c540c: ;   {other}
  0x0000026f2a4c540c: 0f1f 8400 | 7c05 0003 | 488b d0c5 | f877 4883 

  0x0000026f2a4c541c: ;   {runtime_call _rethrow_Java}
  0x0000026f2a4c541c: c460 5de9 | 5c56 a4ff | ba97 ffff | ff48 8b6c | 2420 6690 

  0x0000026f2a4c5430: ;   {runtime_call UncommonTrapBlob}
  0x0000026f2a4c5430: c5f8 77e8 

  0x0000026f2a4c5434: ; ImmutableOopMap {rbp=Oop }
                      ;*invokevirtual clone {reexecute=1 rethrow=0 return_oop=0}
                      ; - (reexecute) java.util.Arrays::copyOf@7
  0x0000026f2a4c5434: c828 97ff 

  0x0000026f2a4c5438: ;   {other}
  0x0000026f2a4c5438: 0f1f 8400 | a805 0004 

  0x0000026f2a4c5440: ;   {internal_word}
  0x0000026f2a4c5440: 49ba 5d51 | 4c2a 6f02 | 0000 4d89 | 9760 0400 

  0x0000026f2a4c5450: ;   {runtime_call SafepointBlob}
  0x0000026f2a4c5450: 00e9 2a17 

  0x0000026f2a4c5454: ;   {runtime_call StubRoutines (final stubs)}
  0x0000026f2a4c5454: 97ff e8a5 | 5b95 ffe9 | fafb ffff 
[Exception Handler]
  0x0000026f2a4c5460: ;   {no_reloc}
  0x0000026f2a4c5460: e91b 7aa3 | ffe8 0000 | 0000 4883 

  0x0000026f2a4c546c: ;   {runtime_call DeoptimizationBlob}
  0x0000026f2a4c546c: 2c24 05e9 | ac2b 97ff | f4f4 f4f4 
[/MachCode]


Compiled method (c2) 1992589 14613       4       org.gradle.internal.operations.DefaultBuildOperationRunner$CallableBuildOperationWorker::execute (10 bytes)
 total in heap  [0x0000026f2ab41c90,0x0000026f2ab421e8] = 1368
 relocation     [0x0000026f2ab41df0,0x0000026f2ab41e28] = 56
 main code      [0x0000026f2ab41e40,0x0000026f2ab420a0] = 608
 stub code      [0x0000026f2ab420a0,0x0000026f2ab420b8] = 24
 oops           [0x0000026f2ab420b8,0x0000026f2ab420c0] = 8
 metadata       [0x0000026f2ab420c0,0x0000026f2ab420e8] = 40
 scopes data    [0x0000026f2ab420e8,0x0000026f2ab42138] = 80
 scopes pcs     [0x0000026f2ab42138,0x0000026f2ab42198] = 96
 dependencies   [0x0000026f2ab42198,0x0000026f2ab421a8] = 16
 handler table  [0x0000026f2ab421a8,0x0000026f2ab421d8] = 48
 nul chk table  [0x0000026f2ab421d8,0x0000026f2ab421e8] = 16

[Constant Pool (empty)]

[MachCode]
[Entry Point]
  # {method} {0x0000026f397f6750} 'execute' '(Lorg/gradle/internal/operations/BuildOperation;Lorg/gradle/internal/operations/BuildOperationContext;)V' in 'org/gradle/internal/operations/DefaultBuildOperationRunner$CallableBuildOperationWorker'
  # this:     rdx:rdx   = 'org/gradle/internal/operations/DefaultBuildOperationRunner$CallableBuildOperationWorker'
  # parm0:    r8:r8     = 'org/gradle/internal/operations/BuildOperation'
  # parm1:    r9:r9     = 'org/gradle/internal/operations/BuildOperationContext'
  #           [sp+0x50]  (sp of caller)
  0x0000026f2ab41e40: 448b 5208 | 49c1 e203 

  0x0000026f2ab41e48: ;   {runtime_call ic_miss_stub}
  0x0000026f2ab41e48: 493b c20f | 852f cb2e | ff66 6690 | 0f1f 8400 | 0000 0000 | 6666 6690 
[Verified Entry Point]
  0x0000026f2ab41e60: 8984 2400 | 80ff ff55 | 4883 ec40 | 4181 7f20 | 2200 0000 | 0f85 1a02 | 0000 4889 | 5424 2045 
  0x0000026f2ab41e80: ;   {metadata('org/gradle/internal/operations/CallableBuildOperation')}
  0x0000026f2ab41e80: 8b58 0848 | b868 fa2f | 0001 0000 | 0048 33f6 | 4a8d 34de | 4c8b 5620 | 4c3b d00f | 8595 0000 
  0x0000026f2ab41ea0: 0049 8bd0 | 448b 5a08 

  0x0000026f2ab41ea8: ;   {metadata('org/gradle/internal/execution/steps/BuildOperationStep$1')}
  0x0000026f2ab41ea8: 4181 fb7b | 370c 200f | 85db 0000 | 0044 8b5a | 0c49 8bd3 | 4d8b c166 | 9048 b8e0 | 73a7 406f 
  0x0000026f2ab41ec8: ;   {virtual_call}
  0x0000026f2ab41ec8: 0200 00e8 

  0x0000026f2ab41ecc: ; ImmutableOopMap {[32]=Oop }
                      ;*invokeinterface apply {reexecute=0 rethrow=0 return_oop=1}
                      ; - org.gradle.internal.execution.steps.BuildOperationStep$1::call@5 (line 37)
                      ; - org.gradle.internal.operations.DefaultBuildOperationRunner$CallableBuildOperationWorker::execute@3 (line 209)
                      ; - org.gradle.internal.operations.DefaultBuildOperationRunner$CallableBuildOperationWorker::execute@6 (line 204)
  0x0000026f2ab41ecc: 68cd 3cff 

  0x0000026f2ab41ed0: ;   {other}
  0x0000026f2ab41ed0: 0f1f 8400 | 4002 0000 | 488b d841 | 807f 4000 | 0f85 d200 | 0000 488b | 7c24 204c | 8bdb 4489 
  0x0000026f2ab41ef0: 5f0c 4c8b | d74c 8bdb | 4d33 da49 | c1eb 144d | 85db 741f | 4885 db74 | 1a49 c1ea | 0948 b900 
  0x0000026f2ab41f10: 00be 316f | 0200 0049 | 03ca 8039 | 020f 85c9 | 0000 0048 | 83c4 405d 

  0x0000026f2ab41f28: ;   {poll_return}
  0x0000026f2ab41f28: 493b a748 | 0400 000f | 8749 0100 | 00c3 4833 | ff4c 8b9e | a000 0000 | 498b d348 | c1e2 150f 
  0x0000026f2ab41f48: 8921 0000 | 00f3 480f | b8d2 488b | 5e28 483b | 04d3 7415 | 490f bae3 | 2b73 0b49 

  0x0000026f2ab41f64: ;   {runtime_call StubRoutines (compiler stubs)}
  0x0000026f2ab41f64: c1cb 2ae8 | 08a8 32ff | eb03 48ff | c748 85ff | 0f84 27ff | ffff bade | ffff ff49 

  0x0000026f2ab41f80: ;   {runtime_call UncommonTrapBlob}
  0x0000026f2ab41f80: 8be8 90e8 

  0x0000026f2ab41f84: ; ImmutableOopMap {rbp=Oop }
                      ;*checkcast {reexecute=0 rethrow=0 return_oop=0}
                      ; - org.gradle.internal.operations.DefaultBuildOperationRunner$CallableBuildOperationWorker::execute@2 (line 204)
  0x0000026f2ab41f84: 785d 2fff 

  0x0000026f2ab41f88: ;   {other}
  0x0000026f2ab41f88: 0f1f 8400 | f802 0001 | 4d8b c148 | 8b6c 2420 | 9048 b870 | 9ec0 3c6f 

  0x0000026f2ab41fa0: ;   {virtual_call}
  0x0000026f2ab41fa0: 0200 00e8 

  0x0000026f2ab41fa4: ; ImmutableOopMap {rbp=Oop [32]=Oop }
                      ;*invokeinterface call {reexecute=0 rethrow=0 return_oop=1}
                      ; - org.gradle.internal.operations.DefaultBuildOperationRunner$CallableBuildOperationWorker::execute@3 (line 209)
                      ; - org.gradle.internal.operations.DefaultBuildOperationRunner$CallableBuildOperationWorker::execute@6 (line 204)
  0x0000026f2ab41fa4: 90cc 3cff 

  0x0000026f2ab41fa8: ;   {other}
  0x0000026f2ab41fa8: 0f1f 8400 | 1803 0002 | 488b d8e9 | 23ff ffff | 488b 7c24 | 2044 8b57 | 0c45 85d2 | 0f84 21ff 
  0x0000026f2ab41fc8: ffff 4d8b | 5f28 498b | ca4d 85db | 7464 4d8b | 5738 4b89 | 4c1a f849 | 83c3 f84d | 895f 28e9 
  0x0000026f2ab41fe8: fffe ffff | 4d8b 5758 | 4d8b 5f48 | f083 4424 | c000 8039 | 000f 8420 | ffff ff44 | 8821 4d85 
  0x0000026f2ab42008: db75 1d49 | 8bd7 49ba | f021 c3ea | ff7f 0000 

  0x0000026f2ab42018: ;   {other}
  0x0000026f2ab42018: 41ff d20f | 1f84 0000 | 0000 00e9 | fbfe ffff | 4b89 4c1a | f849 83c3 | f84d 895f | 48e9 e9fe 
  0x0000026f2ab42038: ffff 498b | d749 ba10 | 22c3 eaff | 7f00 0041 

  0x0000026f2ab42048: ;   {other}
  0x0000026f2ab42048: ffd2 0f1f | 8400 0000 | 0000 e994 | feff ffba | f4ff ffff 

  0x0000026f2ab4205c: ;   {runtime_call UncommonTrapBlob}
  0x0000026f2ab4205c: 498b e9e8 

  0x0000026f2ab42060: ; ImmutableOopMap {rbp=Oop [32]=Oop }
                      ;*checkcast {reexecute=0 rethrow=0 return_oop=0}
                      ; - org.gradle.internal.operations.DefaultBuildOperationRunner$CallableBuildOperationWorker::execute@2 (line 204)
  0x0000026f2ab42060: 9c5c 2fff 

  0x0000026f2ab42064: ;   {other}
  0x0000026f2ab42064: 0f1f 8400 | d403 0003 | 488b d0eb | 0348 8bd0 | 4883 c440 

  0x0000026f2ab42078: ;   {runtime_call _rethrow_Java}
  0x0000026f2ab42078: 5de9 028a 

  0x0000026f2ab4207c: ;   {internal_word}
  0x0000026f2ab4207c: 3cff 49ba | 281f b42a | 6f02 0000 | 4d89 9760 

  0x0000026f2ab4208c: ;   {runtime_call SafepointBlob}
  0x0000026f2ab4208c: 0400 00e9 | ec4a 2fff 

  0x0000026f2ab42094: ;   {runtime_call StubRoutines (final stubs)}
  0x0000026f2ab42094: e867 8f2d | ffe9 dcfd | ffff f4f4 
[Exception Handler]
  0x0000026f2ab420a0: ;   {no_reloc}
  0x0000026f2ab420a0: e9db ad3b | ffe8 0000 | 0000 4883 

  0x0000026f2ab420ac: ;   {runtime_call DeoptimizationBlob}
  0x0000026f2ab420ac: 2c24 05e9 | 6c5f 2fff | f4f4 f4f4 
[/MachCode]


---------------  P R O C E S S  ---------------

Threads class SMR info:
_java_thread_list=0x0000026f42fdb4e0, length=147, elements={
0x0000026f1f75df40, 0x0000026f36f4d410, 0x0000026f36f4e4c0, 0x0000026f36f4f0e0,
0x0000026f36f5aab0, 0x0000026f36f89b50, 0x0000026f36f8a1c0, 0x0000026f36f8a830,
0x0000026f36f8b1d0, 0x0000026f36f8c4a0, 0x0000026f373de950, 0x0000026f3cae00c0,
0x0000026f3d6af330, 0x0000026f3d7f2ef0, 0x0000026f3d7d7c10, 0x0000026f3d7d8930,
0x0000026f3d7d7580, 0x0000026f3dc067e0, 0x0000026f3dc07b90, 0x0000026f3dc088b0,
0x0000026f3dc06150, 0x0000026f3dc08220, 0x0000026f3dc06e70, 0x0000026f3ff6c4d0,
0x0000026f3ff69d70, 0x0000026f3ff68330, 0x0000026f3ff66f80, 0x0000026f3ff67610,
0x0000026f405a8b20, 0x0000026f3ff8b280, 0x0000026f3ff8b910, 0x0000026f3ff8c630,
0x0000026f3ff85d30, 0x0000026f3ff476e0, 0x0000026f3ff43540, 0x0000026f40f2c340,
0x0000026f40f2f7c0, 0x0000026f40f2d6f0, 0x0000026f40f325b0, 0x0000026f40f304e0,
0x0000026f40f2f130, 0x0000026f40f30b70, 0x0000026f40f2eaa0, 0x0000026f40f31200,
0x0000026f40f31890, 0x0000026f40f2b620, 0x0000026f40f2bcb0, 0x0000026f40f332d0,
0x0000026f40f2c9d0, 0x0000026f40f2dd80, 0x0000026f40f33ff0, 0x0000026f40f2d060,
0x0000026f40f3a260, 0x0000026f40f360c0, 0x0000026f40f38190, 0x0000026f43c470c0,
0x0000026f43c492d0, 0x0000026f40f38820, 0x0000026f40f34d10, 0x0000026f40f3a8f0,
0x0000026f40f38eb0, 0x0000026f40f39540, 0x0000026f40f33960, 0x0000026f40f35a30,
0x0000026f40f36750, 0x0000026f40f36de0, 0x0000026f40f39bd0, 0x0000026f40f37470,
0x0000026f40f34680, 0x0000026f40f353a0, 0x0000026f40f37b00, 0x0000026f40def070,
0x0000026f40ded630, 0x0000026f40dee9e0, 0x0000026f40df1e60, 0x0000026f40deaed0,
0x0000026f40dec280, 0x0000026f40df24f0, 0x0000026f40deb560, 0x0000026f40decfa0,
0x0000026f40df0420, 0x0000026f40dee350, 0x0000026f40df2b80, 0x0000026f40defd90,
0x0000026f40debbf0, 0x0000026f40df3f30, 0x0000026f40df45c0, 0x0000026f40df4c50,
0x0000026f40df52e0, 0x0000026f40df5970, 0x0000026f40df6000, 0x0000026f40df6690,
0x0000026f40df6d20, 0x0000026f40df73b0, 0x0000026f40df8df0, 0x0000026f40df7a40,
0x0000026f40df80d0, 0x0000026f48655ba0, 0x0000026f48653ad0, 0x0000026f48656f50,
0x0000026f48651370, 0x0000026f486575e0, 0x0000026f48658990, 0x0000026f48658300,
0x0000026f486596b0, 0x0000026f48652720, 0x0000026f4865e570, 0x0000026f48653440,
0x0000026f486568c0, 0x0000026f48655510, 0x0000026f48656230, 0x0000026f48650650,
0x0000026f48657c70, 0x0000026f48650ce0, 0x0000026f4865aa60, 0x0000026f4865b0f0,
0x0000026f4865b780, 0x0000026f4865f920, 0x0000026f4865ec00, 0x0000026f4865a3d0,
0x0000026f4865be10, 0x0000026f48659d40, 0x0000026f4865cb30, 0x0000026f4865f290,
0x0000026f4865d1c0, 0x0000026f4865d850, 0x0000026f4865dee0, 0x0000026f41bd1400,
0x0000026f41bce610, 0x0000026f41bcf330, 0x0000026f41bd4880, 0x0000026f41bcf9c0,
0x0000026f41bd0050, 0x0000026f41bd06e0, 0x0000026f41bcd8f0, 0x0000026f41bd4f10,
0x0000026f41bd0d70, 0x0000026f41bd1a90, 0x0000026f41bd2120, 0x0000026f41bd2e40,
0x0000026f41bd34d0, 0x0000026f41bd3b60, 0x0000026f41bd27b0, 0x0000026f3ff40750,
0x0000026f3ff40de0, 0x0000026f3ff44f80, 0x0000026f3ff47d70
}

Java Threads: ( => current thread )
  0x0000026f1f75df40 JavaThread "main"                              [_thread_blocked, id=11500, stack(0x000000d077400000,0x000000d077500000) (1024K)]
  0x0000026f36f4d410 JavaThread "Common-Cleaner"             daemon [_thread_blocked, id=19828, stack(0x000000d077c00000,0x000000d077d00000) (1024K)]
  0x0000026f36f4e4c0 JavaThread "Reference Handler"          daemon [_thread_blocked, id=9768, stack(0x000000d077d00000,0x000000d077e00000) (1024K)]
  0x0000026f36f4f0e0 JavaThread "Finalizer"                  daemon [_thread_blocked, id=18188, stack(0x000000d077e00000,0x000000d077f00000) (1024K)]
  0x0000026f36f5aab0 JavaThread "Signal Dispatcher"          daemon [_thread_blocked, id=20124, stack(0x000000d077f00000,0x000000d078000000) (1024K)]
  0x0000026f36f89b50 JavaThread "Attach Listener"            daemon [_thread_blocked, id=11880, stack(0x000000d078000000,0x000000d078100000) (1024K)]
  0x0000026f36f8a1c0 JavaThread "Service Thread"             daemon [_thread_blocked, id=18120, stack(0x000000d078100000,0x000000d078200000) (1024K)]
  0x0000026f36f8a830 JavaThread "Monitor Deflation Thread"   daemon [_thread_blocked, id=10332, stack(0x000000d078200000,0x000000d078300000) (1024K)]
  0x0000026f36f8b1d0 JavaThread "C2 CompilerThread0"         daemon [_thread_in_native, id=9096, stack(0x000000d078300000,0x000000d078400000) (1024K)]
  0x0000026f36f8c4a0 JavaThread "C1 CompilerThread0"         daemon [_thread_blocked, id=6740, stack(0x000000d078400000,0x000000d078500000) (1024K)]
  0x0000026f373de950 JavaThread "Notification Thread"        daemon [_thread_blocked, id=6208, stack(0x000000d078500000,0x000000d078600000) (1024K)]
  0x0000026f3cae00c0 JavaThread "Daemon health stats"               [_thread_blocked, id=18608, stack(0x000000d078d00000,0x000000d078e00000) (1024K)]
  0x0000026f3d6af330 JavaThread "Incoming local TCP Connector on port 55328"        [_thread_in_native, id=12560, stack(0x000000d078e00000,0x000000d078f00000) (1024K)]
  0x0000026f3d7f2ef0 JavaThread "Daemon periodic checks"            [_thread_blocked, id=14448, stack(0x000000d078f00000,0x000000d079000000) (1024K)]
  0x0000026f3d7d7c10 JavaThread "Cache worker for journal cache (C:\Users\DELL\.gradle\caches\journal-1)"        [_thread_blocked, id=21632, stack(0x000000d079900000,0x000000d079a00000) (1024K)]
  0x0000026f3d7d8930 JavaThread "File lock request listener"        [_thread_in_native, id=22872, stack(0x000000d079a00000,0x000000d079b00000) (1024K)]
  0x0000026f3d7d7580 JavaThread "Cache worker for file hash cache (C:\Users\DELL\.gradle\caches\8.11.1\fileHashes)"        [_thread_blocked, id=17968, stack(0x000000d079b00000,0x000000d079c00000) (1024K)]
  0x0000026f3dc067e0 JavaThread "Cache worker for file content cache (C:\Users\DELL\.gradle\caches\8.11.1\fileContent)"        [_thread_blocked, id=17432, stack(0x000000d079d00000,0x000000d079e00000) (1024K)]
  0x0000026f3dc07b90 JavaThread "File watcher server"        daemon [_thread_blocked, id=10816, stack(0x000000d077100000,0x000000d077200000) (1024K)]
  0x0000026f3dc088b0 JavaThread "File watcher consumer"      daemon [_thread_blocked, id=21832, stack(0x000000d077200000,0x000000d077300000) (1024K)]
  0x0000026f3dc06150 JavaThread "jar transforms"                    [_thread_blocked, id=18064, stack(0x000000d07a100000,0x000000d07a200000) (1024K)]
  0x0000026f3dc08220 JavaThread "jar transforms Thread 2"           [_thread_blocked, id=21600, stack(0x000000d07a200000,0x000000d07a300000) (1024K)]
  0x0000026f3dc06e70 JavaThread "jar transforms Thread 3"           [_thread_blocked, id=17712, stack(0x000000d07a400000,0x000000d07a500000) (1024K)]
  0x0000026f3ff6c4d0 JavaThread "jar transforms Thread 4"           [_thread_blocked, id=8676, stack(0x000000d07ae00000,0x000000d07af00000) (1024K)]
  0x0000026f3ff69d70 JavaThread "jar transforms Thread 5"           [_thread_blocked, id=21120, stack(0x000000d07af00000,0x000000d07b000000) (1024K)]
  0x0000026f3ff68330 JavaThread "jar transforms Thread 6"           [_thread_blocked, id=11816, stack(0x000000d07b500000,0x000000d07b600000) (1024K)]
  0x0000026f3ff66f80 JavaThread "jar transforms Thread 7"           [_thread_blocked, id=12760, stack(0x000000d07b600000,0x000000d07b700000) (1024K)]
  0x0000026f3ff67610 JavaThread "jar transforms Thread 8"           [_thread_blocked, id=8864, stack(0x000000d07b700000,0x000000d07b800000) (1024K)]
  0x0000026f405a8b20 JavaThread "Memory manager"                    [_thread_blocked, id=22152, stack(0x000000d07ce00000,0x000000d07cf00000) (1024K)]
  0x0000026f3ff8b280 JavaThread "RMI Scheduler(0)"           daemon [_thread_blocked, id=4576, stack(0x000000d004e00000,0x000000d004f00000) (1024K)]
  0x0000026f3ff8b910 JavaThread "RMI GC Daemon"              daemon [_thread_blocked, id=21004, stack(0x000000d005000000,0x000000d005100000) (1024K)]
  0x0000026f3ff8c630 JavaThread "RMI TCP Accept-0"           daemon [_thread_in_native, id=20088, stack(0x000000d005100000,0x000000d005200000) (1024K)]
  0x0000026f3ff85d30 JavaThread "RMI Reaper"                        [_thread_blocked, id=14052, stack(0x000000d005200000,0x000000d005300000) (1024K)]
  0x0000026f3ff476e0 JavaThread "Daemon Thread 3"                   [_thread_blocked, id=9196, stack(0x000000d000200000,0x000000d000300000) (1024K)]
  0x0000026f3ff43540 JavaThread "Daemon worker Thread 3"            [_thread_blocked, id=13860, stack(0x000000d000500000,0x000000d000600000) (1024K)]
  0x0000026f40f2c340 JavaThread "Handler for socket connection from /127.0.0.1:55328 to /127.0.0.1:54890"        [_thread_in_native, id=18260, stack(0x000000d000000000,0x000000d000100000) (1024K)]
  0x0000026f40f2f7c0 JavaThread "Cancel handler"                    [_thread_blocked, id=24572, stack(0x000000d000100000,0x000000d000200000) (1024K)]
  0x0000026f40f2d6f0 JavaThread "Asynchronous log dispatcher for DefaultDaemonConnection: socket connection from /127.0.0.1:55328 to /127.0.0.1:54890"        [_thread_blocked, id=3288, stack(0x000000d000300000,0x000000d000400000) (1024K)]
  0x0000026f40f325b0 JavaThread "Stdin handler"                     [_thread_blocked, id=4044, stack(0x000000d000400000,0x000000d000500000) (1024K)]
  0x0000026f40f304e0 JavaThread "Daemon client event forwarder"        [_thread_blocked, id=23940, stack(0x000000d000700000,0x000000d000800000) (1024K)]
  0x0000026f40f2f130 JavaThread "Cache worker for file hash cache (C:\Users\DELL\AndroidStudioProjects\IoTApplication\.gradle\8.11.1\fileHashes)"        [_thread_blocked, id=12784, stack(0x000000d000800000,0x000000d000900000) (1024K)]
  0x0000026f40f30b70 JavaThread "Cache worker for Build Output Cleanup Cache (C:\Users\DELL\AndroidStudioProjects\IoTApplication\.gradle\buildOutputCleanup)"        [_thread_blocked, id=5660, stack(0x000000d000900000,0x000000d000a00000) (1024K)]
  0x0000026f40f2eaa0 JavaThread "Cache worker for checksums cache (C:\Users\DELL\AndroidStudioProjects\IoTApplication\.gradle\8.11.1\checksums)"        [_thread_blocked, id=23992, stack(0x000000d000600000,0x000000d000700000) (1024K)]
  0x0000026f40f31200 JavaThread "Cache worker for cache directory md-rule (C:\Users\DELL\.gradle\caches\8.11.1\md-rule)"        [_thread_blocked, id=12272, stack(0x000000d000a00000,0x000000d000b00000) (1024K)]
  0x0000026f40f31890 JavaThread "Cache worker for cache directory md-supplier (C:\Users\DELL\.gradle\caches\8.11.1\md-supplier)"        [_thread_blocked, id=4068, stack(0x000000d000b00000,0x000000d000c00000) (1024K)]
  0x0000026f40f2b620 JavaThread "Unconstrained build operations"        [_thread_blocked, id=17860, stack(0x000000d000c00000,0x000000d000d00000) (1024K)]
  0x0000026f40f2bcb0 JavaThread "Unconstrained build operations Thread 2"        [_thread_blocked, id=22936, stack(0x000000d000d00000,0x000000d000e00000) (1024K)]
  0x0000026f40f332d0 JavaThread "Unconstrained build operations Thread 3"        [_thread_blocked, id=7024, stack(0x000000d000e00000,0x000000d000f00000) (1024K)]
  0x0000026f40f2c9d0 JavaThread "Unconstrained build operations Thread 4"        [_thread_blocked, id=8964, stack(0x000000d000f00000,0x000000d001000000) (1024K)]
  0x0000026f40f2dd80 JavaThread "Unconstrained build operations Thread 5"        [_thread_blocked, id=4740, stack(0x000000d001000000,0x000000d001100000) (1024K)]
  0x0000026f40f33ff0 JavaThread "Unconstrained build operations Thread 6"        [_thread_blocked, id=11896, stack(0x000000d001100000,0x000000d001200000) (1024K)]
  0x0000026f40f2d060 JavaThread "Unconstrained build operations Thread 7"        [_thread_blocked, id=23308, stack(0x000000d001200000,0x000000d001300000) (1024K)]
  0x0000026f40f3a260 JavaThread "Unconstrained build operations Thread 8"        [_thread_blocked, id=8800, stack(0x000000d001300000,0x000000d001400000) (1024K)]
  0x0000026f40f360c0 JavaThread "Unconstrained build operations Thread 9"        [_thread_blocked, id=1540, stack(0x000000d001400000,0x000000d001500000) (1024K)]
  0x0000026f40f38190 JavaThread "Unconstrained build operations Thread 10"        [_thread_blocked, id=13756, stack(0x000000d001500000,0x000000d001600000) (1024K)]
  0x0000026f43c470c0 JavaThread "C2 CompilerThread1"         daemon [_thread_blocked, id=8336, stack(0x000000d001600000,0x000000d001700000) (1024K)]
  0x0000026f43c492d0 JavaThread "C2 CompilerThread2"         daemon [_thread_in_native, id=14728, stack(0x000000d001700000,0x000000d001800000) (1024K)]
  0x0000026f40f38820 JavaThread "Unconstrained build operations Thread 11"        [_thread_blocked, id=17720, stack(0x000000d001800000,0x000000d001900000) (1024K)]
  0x0000026f40f34d10 JavaThread "Unconstrained build operations Thread 12"        [_thread_blocked, id=2348, stack(0x000000d001900000,0x000000d001a00000) (1024K)]
  0x0000026f40f3a8f0 JavaThread "Unconstrained build operations Thread 13"        [_thread_blocked, id=6332, stack(0x000000d001a00000,0x000000d001b00000) (1024K)]
  0x0000026f40f38eb0 JavaThread "Unconstrained build operations Thread 14"        [_thread_blocked, id=14124, stack(0x000000d001b00000,0x000000d001c00000) (1024K)]
  0x0000026f40f39540 JavaThread "Unconstrained build operations Thread 15"        [_thread_blocked, id=16992, stack(0x000000d001c00000,0x000000d001d00000) (1024K)]
  0x0000026f40f33960 JavaThread "Unconstrained build operations Thread 16"        [_thread_blocked, id=15428, stack(0x000000d001d00000,0x000000d001e00000) (1024K)]
  0x0000026f40f35a30 JavaThread "Unconstrained build operations Thread 17"        [_thread_blocked, id=3852, stack(0x000000d001e00000,0x000000d001f00000) (1024K)]
  0x0000026f40f36750 JavaThread "Unconstrained build operations Thread 18"        [_thread_blocked, id=20276, stack(0x000000d001f00000,0x000000d002000000) (1024K)]
  0x0000026f40f36de0 JavaThread "Unconstrained build operations Thread 19"        [_thread_blocked, id=19384, stack(0x000000d002000000,0x000000d002100000) (1024K)]
  0x0000026f40f39bd0 JavaThread "Unconstrained build operations Thread 20"        [_thread_blocked, id=11976, stack(0x000000d002100000,0x000000d002200000) (1024K)]
  0x0000026f40f37470 JavaThread "Unconstrained build operations Thread 21"        [_thread_blocked, id=1796, stack(0x000000d002200000,0x000000d002300000) (1024K)]
  0x0000026f40f34680 JavaThread "Unconstrained build operations Thread 22"        [_thread_blocked, id=1532, stack(0x000000d002300000,0x000000d002400000) (1024K)]
  0x0000026f40f353a0 JavaThread "Unconstrained build operations Thread 23"        [_thread_blocked, id=5760, stack(0x000000d002400000,0x000000d002500000) (1024K)]
  0x0000026f40f37b00 JavaThread "Unconstrained build operations Thread 24"        [_thread_blocked, id=13076, stack(0x000000d002500000,0x000000d002600000) (1024K)]
  0x0000026f40def070 JavaThread "build event listener"              [_thread_blocked, id=17852, stack(0x000000d002600000,0x000000d002700000) (1024K)]
  0x0000026f40ded630 JavaThread "build event listener"              [_thread_blocked, id=20208, stack(0x000000d002700000,0x000000d002800000) (1024K)]
  0x0000026f40dee9e0 JavaThread "included builds"                   [_thread_blocked, id=11068, stack(0x000000d002800000,0x000000d002900000) (1024K)]
  0x0000026f40df1e60 JavaThread "Execution worker"                  [_thread_blocked, id=11244, stack(0x000000d002900000,0x000000d002a00000) (1024K)]
  0x0000026f40deaed0 JavaThread "Execution worker Thread 2"         [_thread_blocked, id=19664, stack(0x000000d002a00000,0x000000d002b00000) (1024K)]
  0x0000026f40dec280 JavaThread "Execution worker Thread 3"         [_thread_blocked, id=3296, stack(0x000000d002b00000,0x000000d002c00000) (1024K)]
  0x0000026f40df24f0 JavaThread "Execution worker Thread 4"         [_thread_blocked, id=23004, stack(0x000000d002c00000,0x000000d002d00000) (1024K)]
  0x0000026f40deb560 JavaThread "Execution worker Thread 5"         [_thread_blocked, id=22052, stack(0x000000d002d00000,0x000000d002e00000) (1024K)]
  0x0000026f40decfa0 JavaThread "Execution worker Thread 6"         [_thread_blocked, id=19440, stack(0x000000d002e00000,0x000000d002f00000) (1024K)]
  0x0000026f40df0420 JavaThread "Execution worker Thread 7"         [_thread_blocked, id=20360, stack(0x000000d002f00000,0x000000d003000000) (1024K)]
  0x0000026f40dee350 JavaThread "Cache worker for execution history cache (C:\Users\DELL\AndroidStudioProjects\IoTApplication\.gradle\8.11.1\executionHistory)"        [_thread_blocked, id=22932, stack(0x000000d003000000,0x000000d003100000) (1024K)]
  0x0000026f40df2b80 JavaThread "Unconstrained build operations Thread 25"        [_thread_blocked, id=17452, stack(0x000000d003100000,0x000000d003200000) (1024K)]
  0x0000026f40defd90 JavaThread "Unconstrained build operations Thread 26"        [_thread_blocked, id=19584, stack(0x000000d003200000,0x000000d003300000) (1024K)]
  0x0000026f40debbf0 JavaThread "Unconstrained build operations Thread 27"        [_thread_blocked, id=9788, stack(0x000000d003300000,0x000000d003400000) (1024K)]
  0x0000026f40df3f30 JavaThread "Unconstrained build operations Thread 28"        [_thread_blocked, id=15860, stack(0x000000d003400000,0x000000d003500000) (1024K)]
  0x0000026f40df45c0 JavaThread "Unconstrained build operations Thread 29"        [_thread_blocked, id=4588, stack(0x000000d003500000,0x000000d003600000) (1024K)]
  0x0000026f40df4c50 JavaThread "Unconstrained build operations Thread 30"        [_thread_blocked, id=6324, stack(0x000000d003600000,0x000000d003700000) (1024K)]
  0x0000026f40df52e0 JavaThread "Unconstrained build operations Thread 31"        [_thread_blocked, id=17508, stack(0x000000d003700000,0x000000d003800000) (1024K)]
  0x0000026f40df5970 JavaThread "WorkerExecutor Queue"              [_thread_blocked, id=8624, stack(0x000000d003800000,0x000000d003900000) (1024K)]
  0x0000026f40df6000 JavaThread "Unconstrained build operations Thread 32"        [_thread_blocked, id=24468, stack(0x000000d003900000,0x000000d003a00000) (1024K)]
  0x0000026f40df6690 JavaThread "Unconstrained build operations Thread 33"        [_thread_blocked, id=19848, stack(0x000000d003a00000,0x000000d003b00000) (1024K)]
  0x0000026f40df6d20 JavaThread "Unconstrained build operations Thread 34"        [_thread_blocked, id=11164, stack(0x000000d003b00000,0x000000d003c00000) (1024K)]
  0x0000026f40df73b0 JavaThread "Unconstrained build operations Thread 35"        [_thread_blocked, id=19256, stack(0x000000d003c00000,0x000000d003d00000) (1024K)]
  0x0000026f40df8df0 JavaThread "Unconstrained build operations Thread 36"        [_thread_blocked, id=21128, stack(0x000000d003d00000,0x000000d003e00000) (1024K)]
  0x0000026f40df7a40 JavaThread "Unconstrained build operations Thread 37"        [_thread_blocked, id=3384, stack(0x000000d003e00000,0x000000d003f00000) (1024K)]
  0x0000026f40df80d0 JavaThread "Unconstrained build operations Thread 38"        [_thread_blocked, id=8692, stack(0x000000d003f00000,0x000000d004000000) (1024K)]
  0x0000026f48655ba0 JavaThread "WorkerExecutor Queue Thread 2"        [_thread_blocked, id=8396, stack(0x000000d004000000,0x000000d004100000) (1024K)]
  0x0000026f48653ad0 JavaThread "WorkerExecutor Queue Thread 3"        [_thread_blocked, id=17456, stack(0x000000d004100000,0x000000d004200000) (1024K)]
  0x0000026f48656f50 JavaThread "WorkerExecutor Queue Thread 4"        [_thread_blocked, id=14984, stack(0x000000d004200000,0x000000d004300000) (1024K)]
  0x0000026f48651370 JavaThread "WorkerExecutor Queue Thread 5"        [_thread_blocked, id=19812, stack(0x000000d004300000,0x000000d004400000) (1024K)]
  0x0000026f486575e0 JavaThread "WorkerExecutor Queue Thread 6"        [_thread_blocked, id=12024, stack(0x000000d004400000,0x000000d004500000) (1024K)]
=>0x0000026f48658990 JavaThread "WorkerExecutor Queue Thread 7"        [_thread_in_vm, id=8796, stack(0x000000d004500000,0x000000d004600000) (1024K)]
  0x0000026f48658300 JavaThread "WorkerExecutor Queue Thread 8"        [_thread_blocked, id=14544, stack(0x000000d004600000,0x000000d004700000) (1024K)]
  0x0000026f486596b0 JavaThread "Unconstrained build operations Thread 39"        [_thread_blocked, id=4452, stack(0x000000d004800000,0x000000d004900000) (1024K)]
  0x0000026f48652720 JavaThread "Unconstrained build operations Thread 40"        [_thread_blocked, id=11432, stack(0x000000d004900000,0x000000d004a00000) (1024K)]
  0x0000026f4865e570 JavaThread "Unconstrained build operations Thread 41"        [_thread_blocked, id=12268, stack(0x000000d004a00000,0x000000d004b00000) (1024K)]
  0x0000026f48653440 JavaThread "Unconstrained build operations Thread 42"        [_thread_blocked, id=9240, stack(0x000000d004b00000,0x000000d004c00000) (1024K)]
  0x0000026f486568c0 JavaThread "Unconstrained build operations Thread 43"        [_thread_blocked, id=11852, stack(0x000000d004c00000,0x000000d004d00000) (1024K)]
  0x0000026f48655510 JavaThread "Unconstrained build operations Thread 44"        [_thread_blocked, id=18940, stack(0x000000d004d00000,0x000000d004e00000) (1024K)]
  0x0000026f48656230 JavaThread "Unconstrained build operations Thread 45"        [_thread_blocked, id=14316, stack(0x000000d004f00000,0x000000d005000000) (1024K)]
  0x0000026f48650650 JavaThread "Unconstrained build operations Thread 46"        [_thread_blocked, id=2912, stack(0x000000d005300000,0x000000d005400000) (1024K)]
  0x0000026f48657c70 JavaThread "Unconstrained build operations Thread 47"        [_thread_blocked, id=21552, stack(0x000000d005400000,0x000000d005500000) (1024K)]
  0x0000026f48650ce0 JavaThread "Unconstrained build operations Thread 48"        [_thread_blocked, id=23192, stack(0x000000d005500000,0x000000d005600000) (1024K)]
  0x0000026f4865aa60 JavaThread "Unconstrained build operations Thread 49"        [_thread_blocked, id=13288, stack(0x000000d005600000,0x000000d005700000) (1024K)]
  0x0000026f4865b0f0 JavaThread "Unconstrained build operations Thread 50"        [_thread_blocked, id=19348, stack(0x000000d005700000,0x000000d005800000) (1024K)]
  0x0000026f4865b780 JavaThread "Unconstrained build operations Thread 51"        [_thread_blocked, id=1520, stack(0x000000d005800000,0x000000d005900000) (1024K)]
  0x0000026f4865f920 JavaThread "Unconstrained build operations Thread 52"        [_thread_blocked, id=13016, stack(0x000000d005900000,0x000000d005a00000) (1024K)]
  0x0000026f4865ec00 JavaThread "Unconstrained build operations Thread 53"        [_thread_blocked, id=16700, stack(0x000000d005a00000,0x000000d005b00000) (1024K)]
  0x0000026f4865a3d0 JavaThread "Unconstrained build operations Thread 54"        [_thread_blocked, id=17600, stack(0x000000d005b00000,0x000000d005c00000) (1024K)]
  0x0000026f4865be10 JavaThread "Unconstrained build operations Thread 55"        [_thread_blocked, id=12996, stack(0x000000d005c00000,0x000000d005d00000) (1024K)]
  0x0000026f48659d40 JavaThread "WorkerExecutor Queue Thread 9"        [_thread_blocked, id=20812, stack(0x000000d005d00000,0x000000d005e00000) (1024K)]
  0x0000026f4865cb30 JavaThread "Unconstrained build operations Thread 56"        [_thread_blocked, id=22348, stack(0x000000d005e00000,0x000000d005f00000) (1024K)]
  0x0000026f4865f290 JavaThread "Unconstrained build operations Thread 57"        [_thread_blocked, id=23916, stack(0x000000d005f00000,0x000000d006000000) (1024K)]
  0x0000026f4865d1c0 JavaThread "Unconstrained build operations Thread 58"        [_thread_blocked, id=23820, stack(0x000000d006000000,0x000000d006100000) (1024K)]
  0x0000026f4865d850 JavaThread "Unconstrained build operations Thread 59"        [_thread_blocked, id=5532, stack(0x000000d006100000,0x000000d006200000) (1024K)]
  0x0000026f4865dee0 JavaThread "Unconstrained build operations Thread 60"        [_thread_blocked, id=16820, stack(0x000000d006200000,0x000000d006300000) (1024K)]
  0x0000026f41bd1400 JavaThread "Unconstrained build operations Thread 61"        [_thread_blocked, id=13652, stack(0x000000d006300000,0x000000d006400000) (1024K)]
  0x0000026f41bce610 JavaThread "Unconstrained build operations Thread 62"        [_thread_blocked, id=20680, stack(0x000000d006400000,0x000000d006500000) (1024K)]
  0x0000026f41bcf330 JavaThread "Unconstrained build operations Thread 63"        [_thread_blocked, id=21868, stack(0x000000d006500000,0x000000d006600000) (1024K)]
  0x0000026f41bd4880 JavaThread "Unconstrained build operations Thread 64"        [_thread_blocked, id=16040, stack(0x000000d006600000,0x000000d006700000) (1024K)]
  0x0000026f41bcf9c0 JavaThread "Unconstrained build operations Thread 65"        [_thread_blocked, id=21060, stack(0x000000d006700000,0x000000d006800000) (1024K)]
  0x0000026f41bd0050 JavaThread "Unconstrained build operations Thread 66"        [_thread_blocked, id=2824, stack(0x000000d006800000,0x000000d006900000) (1024K)]
  0x0000026f41bd06e0 JavaThread "Unconstrained build operations Thread 67"        [_thread_blocked, id=19532, stack(0x000000d006900000,0x000000d006a00000) (1024K)]
  0x0000026f41bcd8f0 JavaThread "Unconstrained build operations Thread 68"        [_thread_blocked, id=15932, stack(0x000000d006a00000,0x000000d006b00000) (1024K)]
  0x0000026f41bd4f10 JavaThread "Unconstrained build operations Thread 69"        [_thread_blocked, id=17620, stack(0x000000d006b00000,0x000000d006c00000) (1024K)]
  0x0000026f41bd0d70 JavaThread "Unconstrained build operations Thread 70"        [_thread_blocked, id=16244, stack(0x000000d006c00000,0x000000d006d00000) (1024K)]
  0x0000026f41bd1a90 JavaThread "Unconstrained build operations Thread 71"        [_thread_blocked, id=20396, stack(0x000000d006d00000,0x000000d006e00000) (1024K)]
  0x0000026f41bd2120 JavaThread "Unconstrained build operations Thread 72"        [_thread_blocked, id=6964, stack(0x000000d006e00000,0x000000d006f00000) (1024K)]
  0x0000026f41bd2e40 JavaThread "Unconstrained build operations Thread 73"        [_thread_blocked, id=18380, stack(0x000000d006f00000,0x000000d007000000) (1024K)]
  0x0000026f41bd34d0 JavaThread "Unconstrained build operations Thread 74"        [_thread_blocked, id=4988, stack(0x000000d007000000,0x000000d007100000) (1024K)]
  0x0000026f41bd3b60 JavaThread "Unconstrained build operations Thread 75"        [_thread_blocked, id=8344, stack(0x000000d007100000,0x000000d007200000) (1024K)]
  0x0000026f41bd27b0 JavaThread "Unconstrained build operations Thread 76"        [_thread_blocked, id=15216, stack(0x000000d007200000,0x000000d007300000) (1024K)]
  0x0000026f3ff40750 JavaThread "Unconstrained build operations Thread 77"        [_thread_blocked, id=16620, stack(0x000000d007300000,0x000000d007400000) (1024K)]
  0x0000026f3ff40de0 JavaThread "Unconstrained build operations Thread 78"        [_thread_blocked, id=21540, stack(0x000000d007400000,0x000000d007500000) (1024K)]
  0x0000026f3ff44f80 JavaThread "Unconstrained build operations Thread 79"        [_thread_blocked, id=19484, stack(0x000000d007500000,0x000000d007600000) (1024K)]
  0x0000026f3ff47d70 JavaThread "Unconstrained build operations Thread 80"        [_thread_blocked, id=15500, stack(0x000000d007600000,0x000000d007700000) (1024K)]
Total: 147

Other Threads:
  0x0000026f36e33900 VMThread "VM Thread"                           [id=14836, stack(0x000000d077b00000,0x000000d077c00000) (1024K)]
  0x0000026f36ef0da0 WatcherThread "VM Periodic Task Thread"        [id=10440, stack(0x000000d077a00000,0x000000d077b00000) (1024K)]
  0x0000026f1f7b6ac0 WorkerThread "GC Thread#0"                     [id=24380, stack(0x000000d077500000,0x000000d077600000) (1024K)]
  0x0000026f3798cca0 WorkerThread "GC Thread#1"                     [id=18264, stack(0x000000d078800000,0x000000d078900000) (1024K)]
  0x0000026f3756c6b0 WorkerThread "GC Thread#2"                     [id=18924, stack(0x000000d078900000,0x000000d078a00000) (1024K)]
  0x0000026f377d7cf0 WorkerThread "GC Thread#3"                     [id=7824, stack(0x000000d078a00000,0x000000d078b00000) (1024K)]
  0x0000026f377d8090 WorkerThread "GC Thread#4"                     [id=15436, stack(0x000000d078b00000,0x000000d078c00000) (1024K)]
  0x0000026f377d8430 WorkerThread "GC Thread#5"                     [id=17536, stack(0x000000d078c00000,0x000000d078d00000) (1024K)]
  0x0000026f3d643860 WorkerThread "GC Thread#6"                     [id=12968, stack(0x000000d078700000,0x000000d078800000) (1024K)]
  0x0000026f3cad08d0 WorkerThread "GC Thread#7"                     [id=14924, stack(0x000000d079700000,0x000000d079800000) (1024K)]
  0x0000026f1f7c82b0 ConcurrentGCThread "G1 Main Marker"            [id=17880, stack(0x000000d077600000,0x000000d077700000) (1024K)]
  0x0000026f1f7c8f20 WorkerThread "G1 Conc#0"                       [id=18372, stack(0x000000d077700000,0x000000d077800000) (1024K)]
  0x0000026f3cad1750 WorkerThread "G1 Conc#1"                       [id=16708, stack(0x000000d079800000,0x000000d079900000) (1024K)]
  0x0000026f36d406d0 ConcurrentGCThread "G1 Refine#0"               [id=21028, stack(0x000000d077800000,0x000000d077900000) (1024K)]
  0x0000026f36d40c60 ConcurrentGCThread "G1 Service"                [id=23464, stack(0x000000d077900000,0x000000d077a00000) (1024K)]
Total: 15

Threads with active compile tasks:
C2 CompilerThread0  1992596 25376   !   4       java.nio.file.Files::walkFileTree (297 bytes)
C2 CompilerThread2  1992596 25459       4       com.android.tools.r8.dex.C::<init> (248 bytes)
Total: 2

VM state: not at safepoint (normal execution)

VM Mutex/Monitor currently owned by a thread:  ([mutex/lock_event])
[0x00007fffeb4c86b8] Heap_lock - owner thread: 0x0000026f48658990

Heap address: 0x0000000080000000, size: 2048 MB, Compressed Oops mode: 32-bit

CDS archive(s) not mapped
Compressed class space mapped at: 0x0000000100000000-0x0000000140000000, reserved size: 1073741824
Narrow klass base: 0x0000000000000000, Narrow klass shift: 3, Narrow klass range: 0x140000000

GC Precious Log:
 CardTable entry size: 512
 Card Set container configuration: InlinePtr #cards 5 size 8 Array Of Cards #cards 12 size 40 Howl #buckets 4 coarsen threshold 1843 Howl Bitmap #cards 512 size 80 coarsen threshold 460 Card regions per heap region 1 cards per card region 2048
 CPUs: 8 total, 8 available
 Memory: 16126M
 Large Page Support: Disabled
 NUMA Support: Disabled
 Compressed Oops: Enabled (32-bit)
 Heap Region Size: 1M
 Heap Min Capacity: 8M
 Heap Initial Capacity: 252M
 Heap Max Capacity: 2G
 Pre-touch: Disabled
 Parallel Workers: 8
 Concurrent Workers: 2
 Concurrent Refinement Workers: 8
 Periodic GC: Disabled

Heap:
 garbage-first heap   total 420864K, used 419299K [0x0000000080000000, 0x0000000100000000)
  region size 1024K, 46 young (47104K), 4 survivors (4096K)
 Metaspace       used 154872K, committed 156672K, reserved 1245184K
  class space    used 21460K, committed 22528K, reserved 1048576K

Heap Regions: E=young(eden), S=young(survivor), O=old, HS=humongous(starts), HC=humongous(continues), CS=collection set, F=free, TAMS=top-at-mark-start, PB=parsable bottom
|   0|0x0000000080000000, 0x0000000080100000, 0x0000000080100000|100%| O|  |TAMS 0x0000000080000000| PB 0x0000000080000000| Untracked 
|   1|0x0000000080100000, 0x0000000080200000, 0x0000000080200000|100%|HS|  |TAMS 0x0000000080100000| PB 0x0000000080100000| Complete 
|   2|0x0000000080200000, 0x0000000080300000, 0x0000000080300000|100%|HC|  |TAMS 0x0000000080200000| PB 0x0000000080200000| Complete 
|   3|0x0000000080300000, 0x0000000080400000, 0x0000000080400000|100%|HC|  |TAMS 0x0000000080300000| PB 0x0000000080300000| Complete 
|   4|0x0000000080400000, 0x0000000080500000, 0x0000000080500000|100%| O|  |TAMS 0x0000000080400000| PB 0x0000000080400000| Untracked 
|   5|0x0000000080500000, 0x0000000080600000, 0x0000000080600000|100%| O|  |TAMS 0x0000000080500000| PB 0x0000000080500000| Untracked 
|   6|0x0000000080600000, 0x0000000080700000, 0x0000000080700000|100%| O|  |TAMS 0x0000000080600000| PB 0x0000000080600000| Untracked 
|   7|0x0000000080700000, 0x0000000080800000, 0x0000000080800000|100%|HS|  |TAMS 0x0000000080700000| PB 0x0000000080700000| Complete 
|   8|0x0000000080800000, 0x0000000080900000, 0x0000000080900000|100%| O|  |TAMS 0x0000000080800000| PB 0x0000000080800000| Untracked 
|   9|0x0000000080900000, 0x0000000080a00000, 0x0000000080a00000|100%| O|  |TAMS 0x0000000080900000| PB 0x0000000080900000| Untracked 
|  10|0x0000000080a00000, 0x0000000080b00000, 0x0000000080b00000|100%| O|  |TAMS 0x0000000080a00000| PB 0x0000000080a00000| Untracked 
|  11|0x0000000080b00000, 0x0000000080c00000, 0x0000000080c00000|100%| O|  |TAMS 0x0000000080b00000| PB 0x0000000080b00000| Untracked 
|  12|0x0000000080c00000, 0x0000000080d00000, 0x0000000080d00000|100%| O|  |TAMS 0x0000000080c00000| PB 0x0000000080c00000| Untracked 
|  13|0x0000000080d00000, 0x0000000080e00000, 0x0000000080e00000|100%| O|  |TAMS 0x0000000080d00000| PB 0x0000000080d00000| Untracked 
|  14|0x0000000080e00000, 0x0000000080f00000, 0x0000000080f00000|100%| O|  |TAMS 0x0000000080e00000| PB 0x0000000080e00000| Untracked 
|  15|0x0000000080f00000, 0x0000000081000000, 0x0000000081000000|100%| O|  |TAMS 0x0000000080f00000| PB 0x0000000080f00000| Untracked 
|  16|0x0000000081000000, 0x0000000081100000, 0x0000000081100000|100%| O|  |TAMS 0x0000000081000000| PB 0x0000000081000000| Untracked 
|  17|0x0000000081100000, 0x0000000081200000, 0x0000000081200000|100%| O|  |TAMS 0x0000000081100000| PB 0x0000000081100000| Untracked 
|  18|0x0000000081200000, 0x0000000081300000, 0x0000000081300000|100%| O|  |TAMS 0x0000000081200000| PB 0x0000000081200000| Untracked 
|  19|0x0000000081300000, 0x0000000081400000, 0x0000000081400000|100%| O|  |TAMS 0x0000000081300000| PB 0x0000000081300000| Untracked 
|  20|0x0000000081400000, 0x0000000081500000, 0x0000000081500000|100%| O|  |TAMS 0x0000000081400000| PB 0x0000000081400000| Untracked 
|  21|0x0000000081500000, 0x0000000081600000, 0x0000000081600000|100%| O|  |TAMS 0x0000000081500000| PB 0x0000000081500000| Untracked 
|  22|0x0000000081600000, 0x0000000081700000, 0x0000000081700000|100%| O|  |TAMS 0x0000000081600000| PB 0x0000000081600000| Untracked 
|  23|0x0000000081700000, 0x0000000081800000, 0x0000000081800000|100%| O|  |TAMS 0x0000000081700000| PB 0x0000000081700000| Untracked 
|  24|0x0000000081800000, 0x0000000081900000, 0x0000000081900000|100%| O|  |TAMS 0x0000000081800000| PB 0x0000000081800000| Untracked 
|  25|0x0000000081900000, 0x0000000081a00000, 0x0000000081a00000|100%|HS|  |TAMS 0x0000000081900000| PB 0x0000000081900000| Complete 
|  26|0x0000000081a00000, 0x0000000081b00000, 0x0000000081b00000|100%| O|  |TAMS 0x0000000081a00000| PB 0x0000000081a00000| Untracked 
|  27|0x0000000081b00000, 0x0000000081c00000, 0x0000000081c00000|100%|HS|  |TAMS 0x0000000081b00000| PB 0x0000000081b00000| Complete 
|  28|0x0000000081c00000, 0x0000000081d00000, 0x0000000081d00000|100%|HC|  |TAMS 0x0000000081c00000| PB 0x0000000081c00000| Complete 
|  29|0x0000000081d00000, 0x0000000081e00000, 0x0000000081e00000|100%| O|  |TAMS 0x0000000081d00000| PB 0x0000000081d00000| Untracked 
|  30|0x0000000081e00000, 0x0000000081f00000, 0x0000000081f00000|100%| O|  |TAMS 0x0000000081e00000| PB 0x0000000081e00000| Untracked 
|  31|0x0000000081f00000, 0x0000000082000000, 0x0000000082000000|100%| O|  |TAMS 0x0000000081f00000| PB 0x0000000081f00000| Untracked 
|  32|0x0000000082000000, 0x0000000082100000, 0x0000000082100000|100%| O|  |TAMS 0x0000000082000000| PB 0x0000000082000000| Untracked 
|  33|0x0000000082100000, 0x0000000082200000, 0x0000000082200000|100%| O|  |TAMS 0x0000000082100000| PB 0x0000000082100000| Untracked 
|  34|0x0000000082200000, 0x0000000082300000, 0x0000000082300000|100%| O|  |TAMS 0x0000000082200000| PB 0x0000000082200000| Untracked 
|  35|0x0000000082300000, 0x0000000082400000, 0x0000000082400000|100%| O|  |TAMS 0x0000000082300000| PB 0x0000000082300000| Untracked 
|  36|0x0000000082400000, 0x0000000082500000, 0x0000000082500000|100%| O|  |TAMS 0x0000000082400000| PB 0x0000000082400000| Untracked 
|  37|0x0000000082500000, 0x0000000082600000, 0x0000000082600000|100%| O|  |TAMS 0x0000000082500000| PB 0x0000000082500000| Untracked 
|  38|0x0000000082600000, 0x0000000082700000, 0x0000000082700000|100%| O|  |TAMS 0x0000000082600000| PB 0x0000000082600000| Untracked 
|  39|0x0000000082700000, 0x0000000082800000, 0x0000000082800000|100%| O|  |TAMS 0x0000000082700000| PB 0x0000000082700000| Untracked 
|  40|0x0000000082800000, 0x0000000082900000, 0x0000000082900000|100%| O|  |TAMS 0x0000000082800000| PB 0x0000000082800000| Untracked 
|  41|0x0000000082900000, 0x0000000082a00000, 0x0000000082a00000|100%| O|  |TAMS 0x0000000082900000| PB 0x0000000082900000| Untracked 
|  42|0x0000000082a00000, 0x0000000082b00000, 0x0000000082b00000|100%| O|  |TAMS 0x0000000082a00000| PB 0x0000000082a00000| Untracked 
|  43|0x0000000082b00000, 0x0000000082c00000, 0x0000000082c00000|100%| O|  |TAMS 0x0000000082b00000| PB 0x0000000082b00000| Untracked 
|  44|0x0000000082c00000, 0x0000000082d00000, 0x0000000082d00000|100%| O|  |TAMS 0x0000000082c00000| PB 0x0000000082c00000| Untracked 
|  45|0x0000000082d00000, 0x0000000082e00000, 0x0000000082e00000|100%| O|  |TAMS 0x0000000082d00000| PB 0x0000000082d00000| Untracked 
|  46|0x0000000082e00000, 0x0000000082f00000, 0x0000000082f00000|100%| O|  |TAMS 0x0000000082e00000| PB 0x0000000082e00000| Untracked 
|  47|0x0000000082f00000, 0x0000000083000000, 0x0000000083000000|100%| O|  |TAMS 0x0000000082f00000| PB 0x0000000082f00000| Untracked 
|  48|0x0000000083000000, 0x0000000083100000, 0x0000000083100000|100%| O|Cm|TAMS 0x0000000083000000| PB 0x0000000083000000| Complete 
|  49|0x0000000083100000, 0x0000000083200000, 0x0000000083200000|100%| O|Cm|TAMS 0x0000000083100000| PB 0x0000000083100000| Complete 
|  50|0x0000000083200000, 0x0000000083300000, 0x0000000083300000|100%| O|Cm|TAMS 0x0000000083200000| PB 0x0000000083200000| Complete 
|  51|0x0000000083300000, 0x0000000083400000, 0x0000000083400000|100%| O|  |TAMS 0x0000000083300000| PB 0x0000000083300000| Untracked 
|  52|0x0000000083400000, 0x0000000083500000, 0x0000000083500000|100%| O|  |TAMS 0x0000000083400000| PB 0x0000000083400000| Untracked 
|  53|0x0000000083500000, 0x0000000083600000, 0x0000000083600000|100%|HS|  |TAMS 0x0000000083500000| PB 0x0000000083500000| Complete 
|  54|0x0000000083600000, 0x0000000083700000, 0x0000000083700000|100%| O|  |TAMS 0x0000000083600000| PB 0x0000000083600000| Untracked 
|  55|0x0000000083700000, 0x0000000083800000, 0x0000000083800000|100%|HS|  |TAMS 0x0000000083700000| PB 0x0000000083700000| Complete 
|  56|0x0000000083800000, 0x0000000083900000, 0x0000000083900000|100%|HS|  |TAMS 0x0000000083800000| PB 0x0000000083800000| Complete 
|  57|0x0000000083900000, 0x0000000083a00000, 0x0000000083a00000|100%|HS|  |TAMS 0x0000000083900000| PB 0x0000000083900000| Complete 
|  58|0x0000000083a00000, 0x0000000083b00000, 0x0000000083b00000|100%|HS|  |TAMS 0x0000000083a00000| PB 0x0000000083a00000| Complete 
|  59|0x0000000083b00000, 0x0000000083c00000, 0x0000000083c00000|100%|HC|  |TAMS 0x0000000083b00000| PB 0x0000000083b00000| Complete 
|  60|0x0000000083c00000, 0x0000000083d00000, 0x0000000083d00000|100%|HS|  |TAMS 0x0000000083c00000| PB 0x0000000083c00000| Complete 
|  61|0x0000000083d00000, 0x0000000083e00000, 0x0000000083e00000|100%|HC|  |TAMS 0x0000000083d00000| PB 0x0000000083d00000| Complete 
|  62|0x0000000083e00000, 0x0000000083f00000, 0x0000000083f00000|100%|HS|  |TAMS 0x0000000083e00000| PB 0x0000000083e00000| Complete 
|  63|0x0000000083f00000, 0x0000000084000000, 0x0000000084000000|100%|HS|  |TAMS 0x0000000083f00000| PB 0x0000000083f00000| Complete 
|  64|0x0000000084000000, 0x0000000084100000, 0x0000000084100000|100%|HC|  |TAMS 0x0000000084000000| PB 0x0000000084000000| Complete 
|  65|0x0000000084100000, 0x0000000084200000, 0x0000000084200000|100%|HC|  |TAMS 0x0000000084100000| PB 0x0000000084100000| Complete 
|  66|0x0000000084200000, 0x0000000084300000, 0x0000000084300000|100%|HS|  |TAMS 0x0000000084200000| PB 0x0000000084200000| Complete 
|  67|0x0000000084300000, 0x0000000084400000, 0x0000000084400000|100%| O|  |TAMS 0x0000000084300000| PB 0x0000000084300000| Untracked 
|  68|0x0000000084400000, 0x0000000084500000, 0x0000000084500000|100%|HS|  |TAMS 0x0000000084400000| PB 0x0000000084400000| Complete 
|  69|0x0000000084500000, 0x0000000084600000, 0x0000000084600000|100%|HS|  |TAMS 0x0000000084500000| PB 0x0000000084500000| Complete 
|  70|0x0000000084600000, 0x0000000084700000, 0x0000000084700000|100%| O|  |TAMS 0x0000000084600000| PB 0x0000000084600000| Untracked 
|  71|0x0000000084700000, 0x0000000084800000, 0x0000000084800000|100%| O|  |TAMS 0x0000000084700000| PB 0x0000000084700000| Untracked 
|  72|0x0000000084800000, 0x0000000084900000, 0x0000000084900000|100%| O|  |TAMS 0x0000000084800000| PB 0x0000000084800000| Untracked 
|  73|0x0000000084900000, 0x0000000084a00000, 0x0000000084a00000|100%| O|  |TAMS 0x0000000084900000| PB 0x0000000084900000| Untracked 
|  74|0x0000000084a00000, 0x0000000084b00000, 0x0000000084b00000|100%|HS|  |TAMS 0x0000000084a00000| PB 0x0000000084a00000| Complete 
|  75|0x0000000084b00000, 0x0000000084c00000, 0x0000000084c00000|100%|HC|  |TAMS 0x0000000084b00000| PB 0x0000000084b00000| Complete 
|  76|0x0000000084c00000, 0x0000000084d00000, 0x0000000084d00000|100%|HS|  |TAMS 0x0000000084c00000| PB 0x0000000084c00000| Complete 
|  77|0x0000000084d00000, 0x0000000084e00000, 0x0000000084e00000|100%|HC|  |TAMS 0x0000000084d00000| PB 0x0000000084d00000| Complete 
|  78|0x0000000084e00000, 0x0000000084f00000, 0x0000000084f00000|100%|HS|  |TAMS 0x0000000084e00000| PB 0x0000000084e00000| Complete 
|  79|0x0000000084f00000, 0x0000000085000000, 0x0000000085000000|100%|HS|  |TAMS 0x0000000084f00000| PB 0x0000000084f00000| Complete 
|  80|0x0000000085000000, 0x0000000085100000, 0x0000000085100000|100%|HC|  |TAMS 0x0000000085000000| PB 0x0000000085000000| Complete 
|  81|0x0000000085100000, 0x0000000085200000, 0x0000000085200000|100%|HS|  |TAMS 0x0000000085100000| PB 0x0000000085100000| Complete 
|  82|0x0000000085200000, 0x0000000085300000, 0x0000000085300000|100%| O|  |TAMS 0x0000000085200000| PB 0x0000000085200000| Untracked 
|  83|0x0000000085300000, 0x0000000085400000, 0x0000000085400000|100%|HS|  |TAMS 0x0000000085300000| PB 0x0000000085300000| Complete 
|  84|0x0000000085400000, 0x0000000085500000, 0x0000000085500000|100%|HC|  |TAMS 0x0000000085400000| PB 0x0000000085400000| Complete 
|  85|0x0000000085500000, 0x0000000085600000, 0x0000000085600000|100%|HC|  |TAMS 0x0000000085500000| PB 0x0000000085500000| Complete 
|  86|0x0000000085600000, 0x0000000085700000, 0x0000000085700000|100%| O|  |TAMS 0x0000000085600000| PB 0x0000000085600000| Untracked 
|  87|0x0000000085700000, 0x0000000085800000, 0x0000000085800000|100%| O|Cm|TAMS 0x0000000085700000| PB 0x0000000085700000| Complete 
|  88|0x0000000085800000, 0x0000000085900000, 0x0000000085900000|100%| O|  |TAMS 0x0000000085800000| PB 0x0000000085800000| Untracked 
|  89|0x0000000085900000, 0x0000000085a00000, 0x0000000085a00000|100%| O|  |TAMS 0x0000000085900000| PB 0x0000000085900000| Untracked 
|  90|0x0000000085a00000, 0x0000000085b00000, 0x0000000085b00000|100%|HS|  |TAMS 0x0000000085a00000| PB 0x0000000085a00000| Complete 
|  91|0x0000000085b00000, 0x0000000085c00000, 0x0000000085c00000|100%| O|  |TAMS 0x0000000085b00000| PB 0x0000000085b00000| Untracked 
|  92|0x0000000085c00000, 0x0000000085d00000, 0x0000000085d00000|100%| O|  |TAMS 0x0000000085c00000| PB 0x0000000085c00000| Untracked 
|  93|0x0000000085d00000, 0x0000000085e00000, 0x0000000085e00000|100%| O|  |TAMS 0x0000000085d00000| PB 0x0000000085d00000| Untracked 
|  94|0x0000000085e00000, 0x0000000085f00000, 0x0000000085f00000|100%| O|  |TAMS 0x0000000085e00000| PB 0x0000000085e00000| Untracked 
|  95|0x0000000085f00000, 0x0000000086000000, 0x0000000086000000|100%| O|  |TAMS 0x0000000085f00000| PB 0x0000000085f00000| Untracked 
|  96|0x0000000086000000, 0x0000000086100000, 0x0000000086100000|100%| O|Cm|TAMS 0x0000000086000000| PB 0x0000000086000000| Complete 
|  97|0x0000000086100000, 0x0000000086200000, 0x0000000086200000|100%| O|  |TAMS 0x0000000086100000| PB 0x0000000086100000| Untracked 
|  98|0x0000000086200000, 0x0000000086300000, 0x0000000086300000|100%|HS|  |TAMS 0x0000000086200000| PB 0x0000000086200000| Complete 
|  99|0x0000000086300000, 0x0000000086400000, 0x0000000086400000|100%| O|  |TAMS 0x0000000086300000| PB 0x0000000086300000| Untracked 
| 100|0x0000000086400000, 0x0000000086500000, 0x0000000086500000|100%| O|  |TAMS 0x0000000086400000| PB 0x0000000086400000| Untracked 
| 101|0x0000000086500000, 0x0000000086600000, 0x0000000086600000|100%| O|  |TAMS 0x0000000086500000| PB 0x0000000086500000| Untracked 
| 102|0x0000000086600000, 0x0000000086700000, 0x0000000086700000|100%| O|  |TAMS 0x0000000086600000| PB 0x0000000086600000| Untracked 
| 103|0x0000000086700000, 0x0000000086800000, 0x0000000086800000|100%| O|  |TAMS 0x0000000086700000| PB 0x0000000086700000| Untracked 
| 104|0x0000000086800000, 0x0000000086900000, 0x0000000086900000|100%|HS|  |TAMS 0x0000000086800000| PB 0x0000000086800000| Complete 
| 105|0x0000000086900000, 0x0000000086a00000, 0x0000000086a00000|100%| O|  |TAMS 0x0000000086900000| PB 0x0000000086900000| Untracked 
| 106|0x0000000086a00000, 0x0000000086b00000, 0x0000000086b00000|100%|HS|  |TAMS 0x0000000086a00000| PB 0x0000000086a00000| Complete 
| 107|0x0000000086b00000, 0x0000000086c00000, 0x0000000086c00000|100%| O|  |TAMS 0x0000000086b00000| PB 0x0000000086b00000| Untracked 
| 108|0x0000000086c00000, 0x0000000086d00000, 0x0000000086d00000|100%| O|  |TAMS 0x0000000086c00000| PB 0x0000000086c00000| Untracked 
| 109|0x0000000086d00000, 0x0000000086e00000, 0x0000000086e00000|100%|HS|  |TAMS 0x0000000086d00000| PB 0x0000000086d00000| Complete 
| 110|0x0000000086e00000, 0x0000000086f00000, 0x0000000086f00000|100%|HC|  |TAMS 0x0000000086e00000| PB 0x0000000086e00000| Complete 
| 111|0x0000000086f00000, 0x0000000087000000, 0x0000000087000000|100%|HS|  |TAMS 0x0000000086f00000| PB 0x0000000086f00000| Complete 
| 112|0x0000000087000000, 0x0000000087100000, 0x0000000087100000|100%| O|  |TAMS 0x0000000087000000| PB 0x0000000087000000| Untracked 
| 113|0x0000000087100000, 0x0000000087200000, 0x0000000087200000|100%|HS|  |TAMS 0x0000000087100000| PB 0x0000000087100000| Complete 
| 114|0x0000000087200000, 0x0000000087300000, 0x0000000087300000|100%| O|  |TAMS 0x0000000087200000| PB 0x0000000087200000| Untracked 
| 115|0x0000000087300000, 0x0000000087400000, 0x0000000087400000|100%| O|  |TAMS 0x0000000087300000| PB 0x0000000087300000| Untracked 
| 116|0x0000000087400000, 0x0000000087500000, 0x0000000087500000|100%| O|  |TAMS 0x0000000087400000| PB 0x0000000087400000| Untracked 
| 117|0x0000000087500000, 0x0000000087600000, 0x0000000087600000|100%| O|  |TAMS 0x0000000087500000| PB 0x0000000087500000| Untracked 
| 118|0x0000000087600000, 0x0000000087700000, 0x0000000087700000|100%| O|  |TAMS 0x0000000087600000| PB 0x0000000087600000| Untracked 
| 119|0x0000000087700000, 0x0000000087800000, 0x0000000087800000|100%|HS|  |TAMS 0x0000000087700000| PB 0x0000000087700000| Complete 
| 120|0x0000000087800000, 0x0000000087900000, 0x0000000087900000|100%| O|  |TAMS 0x0000000087800000| PB 0x0000000087800000| Untracked 
| 121|0x0000000087900000, 0x0000000087a00000, 0x0000000087a00000|100%| O|  |TAMS 0x0000000087900000| PB 0x0000000087900000| Untracked 
| 122|0x0000000087a00000, 0x0000000087b00000, 0x0000000087b00000|100%| O|  |TAMS 0x0000000087a00000| PB 0x0000000087a00000| Untracked 
| 123|0x0000000087b00000, 0x0000000087c00000, 0x0000000087c00000|100%| O|Cm|TAMS 0x0000000087b00000| PB 0x0000000087b00000| Complete 
| 124|0x0000000087c00000, 0x0000000087d00000, 0x0000000087d00000|100%| O|  |TAMS 0x0000000087c00000| PB 0x0000000087c00000| Untracked 
| 125|0x0000000087d00000, 0x0000000087e00000, 0x0000000087e00000|100%|HS|  |TAMS 0x0000000087d00000| PB 0x0000000087d00000| Complete 
| 126|0x0000000087e00000, 0x0000000087f00000, 0x0000000087f00000|100%| O|  |TAMS 0x0000000087e00000| PB 0x0000000087e00000| Untracked 
| 127|0x0000000087f00000, 0x0000000088000000, 0x0000000088000000|100%| O|  |TAMS 0x0000000087f00000| PB 0x0000000087f00000| Untracked 
| 128|0x0000000088000000, 0x0000000088100000, 0x0000000088100000|100%| O|  |TAMS 0x0000000088000000| PB 0x0000000088000000| Untracked 
| 129|0x0000000088100000, 0x0000000088200000, 0x0000000088200000|100%|HS|  |TAMS 0x0000000088100000| PB 0x0000000088100000| Complete 
| 130|0x0000000088200000, 0x0000000088300000, 0x0000000088300000|100%|HC|  |TAMS 0x0000000088200000| PB 0x0000000088200000| Complete 
| 131|0x0000000088300000, 0x0000000088400000, 0x0000000088400000|100%| O|Cm|TAMS 0x0000000088300000| PB 0x0000000088300000| Complete 
| 132|0x0000000088400000, 0x0000000088500000, 0x0000000088500000|100%| O|Cm|TAMS 0x0000000088400000| PB 0x0000000088400000| Complete 
| 133|0x0000000088500000, 0x0000000088600000, 0x0000000088600000|100%| O|Cm|TAMS 0x0000000088500000| PB 0x0000000088500000| Complete 
| 134|0x0000000088600000, 0x0000000088700000, 0x0000000088700000|100%| O|Cm|TAMS 0x0000000088600000| PB 0x0000000088600000| Complete 
| 135|0x0000000088700000, 0x0000000088800000, 0x0000000088800000|100%| O|Cm|TAMS 0x0000000088700000| PB 0x0000000088700000| Complete 
| 136|0x0000000088800000, 0x0000000088900000, 0x0000000088900000|100%| O|Cm|TAMS 0x0000000088800000| PB 0x0000000088800000| Complete 
| 137|0x0000000088900000, 0x0000000088a00000, 0x0000000088a00000|100%| O|Cm|TAMS 0x0000000088900000| PB 0x0000000088900000| Complete 
| 138|0x0000000088a00000, 0x0000000088b00000, 0x0000000088b00000|100%| O|Cm|TAMS 0x0000000088a00000| PB 0x0000000088a00000| Complete 
| 139|0x0000000088b00000, 0x0000000088c00000, 0x0000000088c00000|100%| O|Cm|TAMS 0x0000000088b00000| PB 0x0000000088b00000| Complete 
| 140|0x0000000088c00000, 0x0000000088d00000, 0x0000000088d00000|100%| O|Cm|TAMS 0x0000000088c00000| PB 0x0000000088c00000| Complete 
| 141|0x0000000088d00000, 0x0000000088e00000, 0x0000000088e00000|100%| O|Cm|TAMS 0x0000000088d00000| PB 0x0000000088d00000| Complete 
| 142|0x0000000088e00000, 0x0000000088f00000, 0x0000000088f00000|100%| O|  |TAMS 0x0000000088e00000| PB 0x0000000088e00000| Untracked 
| 143|0x0000000088f00000, 0x0000000089000000, 0x0000000089000000|100%| O|  |TAMS 0x0000000088f00000| PB 0x0000000088f00000| Untracked 
| 144|0x0000000089000000, 0x0000000089100000, 0x0000000089100000|100%| O|Cm|TAMS 0x0000000089000000| PB 0x0000000089000000| Complete 
| 145|0x0000000089100000, 0x0000000089200000, 0x0000000089200000|100%|HS|  |TAMS 0x0000000089100000| PB 0x0000000089100000| Complete 
| 146|0x0000000089200000, 0x0000000089300000, 0x0000000089300000|100%| O|  |TAMS 0x0000000089200000| PB 0x0000000089200000| Untracked 
| 147|0x0000000089300000, 0x0000000089400000, 0x0000000089400000|100%| O|  |TAMS 0x0000000089300000| PB 0x0000000089300000| Untracked 
| 148|0x0000000089400000, 0x0000000089500000, 0x0000000089500000|100%| O|  |TAMS 0x0000000089400000| PB 0x0000000089400000| Untracked 
| 149|0x0000000089500000, 0x0000000089600000, 0x0000000089600000|100%| O|  |TAMS 0x0000000089500000| PB 0x0000000089500000| Untracked 
| 150|0x0000000089600000, 0x0000000089700000, 0x0000000089700000|100%| O|  |TAMS 0x0000000089600000| PB 0x0000000089600000| Untracked 
| 151|0x0000000089700000, 0x0000000089800000, 0x0000000089800000|100%| O|  |TAMS 0x0000000089700000| PB 0x0000000089700000| Untracked 
| 152|0x0000000089800000, 0x0000000089900000, 0x0000000089900000|100%| O|  |TAMS 0x0000000089800000| PB 0x0000000089800000| Untracked 
| 153|0x0000000089900000, 0x0000000089a00000, 0x0000000089a00000|100%| O|  |TAMS 0x0000000089900000| PB 0x0000000089900000| Untracked 
| 154|0x0000000089a00000, 0x0000000089b00000, 0x0000000089b00000|100%| O|  |TAMS 0x0000000089a00000| PB 0x0000000089a00000| Untracked 
| 155|0x0000000089b00000, 0x0000000089c00000, 0x0000000089c00000|100%| O|Cm|TAMS 0x0000000089b00000| PB 0x0000000089b00000| Complete 
| 156|0x0000000089c00000, 0x0000000089d00000, 0x0000000089d00000|100%| O|Cm|TAMS 0x0000000089c00000| PB 0x0000000089c00000| Complete 
| 157|0x0000000089d00000, 0x0000000089e00000, 0x0000000089e00000|100%| O|Cm|TAMS 0x0000000089d00000| PB 0x0000000089d00000| Complete 
| 158|0x0000000089e00000, 0x0000000089f00000, 0x0000000089f00000|100%| O|Cm|TAMS 0x0000000089e00000| PB 0x0000000089e00000| Complete 
| 159|0x0000000089f00000, 0x0000000089fe03b0, 0x000000008a000000| 87%| O|  |TAMS 0x0000000089f00000| PB 0x0000000089f00000| Untracked 
| 160|0x000000008a000000, 0x000000008a100000, 0x000000008a100000|100%|HS|  |TAMS 0x000000008a000000| PB 0x000000008a000000| Complete 
| 161|0x000000008a100000, 0x000000008a200000, 0x000000008a200000|100%|HC|  |TAMS 0x000000008a100000| PB 0x000000008a100000| Complete 
| 162|0x000000008a200000, 0x000000008a300000, 0x000000008a300000|100%|HC|  |TAMS 0x000000008a200000| PB 0x000000008a200000| Complete 
| 163|0x000000008a300000, 0x000000008a400000, 0x000000008a400000|100%|HC|  |TAMS 0x000000008a300000| PB 0x000000008a300000| Complete 
| 164|0x000000008a400000, 0x000000008a500000, 0x000000008a500000|100%|HC|  |TAMS 0x000000008a400000| PB 0x000000008a400000| Complete 
| 165|0x000000008a500000, 0x000000008a600000, 0x000000008a600000|100%|HC|  |TAMS 0x000000008a500000| PB 0x000000008a500000| Complete 
| 166|0x000000008a600000, 0x000000008a700000, 0x000000008a700000|100%|HS|  |TAMS 0x000000008a600000| PB 0x000000008a600000| Complete 
| 167|0x000000008a700000, 0x000000008a800000, 0x000000008a800000|100%|HC|  |TAMS 0x000000008a700000| PB 0x000000008a700000| Complete 
| 168|0x000000008a800000, 0x000000008a900000, 0x000000008a900000|100%| O|  |TAMS 0x000000008a800000| PB 0x000000008a800000| Untracked 
| 169|0x000000008a900000, 0x000000008aa00000, 0x000000008aa00000|100%| O|  |TAMS 0x000000008a900000| PB 0x000000008a900000| Untracked 
| 170|0x000000008aa00000, 0x000000008ab00000, 0x000000008ab00000|100%| O|  |TAMS 0x000000008aa00000| PB 0x000000008aa00000| Untracked 
| 171|0x000000008ab00000, 0x000000008ac00000, 0x000000008ac00000|100%| O|  |TAMS 0x000000008ab00000| PB 0x000000008ab00000| Untracked 
| 172|0x000000008ac00000, 0x000000008ad00000, 0x000000008ad00000|100%| O|  |TAMS 0x000000008ac00000| PB 0x000000008ac00000| Untracked 
| 173|0x000000008ad00000, 0x000000008ae00000, 0x000000008ae00000|100%| O|  |TAMS 0x000000008ad00000| PB 0x000000008ad00000| Untracked 
| 174|0x000000008ae00000, 0x000000008af00000, 0x000000008af00000|100%| O|  |TAMS 0x000000008ae00000| PB 0x000000008ae00000| Untracked 
| 175|0x000000008af00000, 0x000000008b000000, 0x000000008b000000|100%| O|  |TAMS 0x000000008af00000| PB 0x000000008af00000| Untracked 
| 176|0x000000008b000000, 0x000000008b100000, 0x000000008b100000|100%| O|  |TAMS 0x000000008b000000| PB 0x000000008b000000| Untracked 
| 177|0x000000008b100000, 0x000000008b200000, 0x000000008b200000|100%| O|  |TAMS 0x000000008b100000| PB 0x000000008b100000| Untracked 
| 178|0x000000008b200000, 0x000000008b300000, 0x000000008b300000|100%| O|Cm|TAMS 0x000000008b200000| PB 0x000000008b200000| Complete 
| 179|0x000000008b300000, 0x000000008b400000, 0x000000008b400000|100%| O|Cm|TAMS 0x000000008b300000| PB 0x000000008b300000| Complete 
| 180|0x000000008b400000, 0x000000008b500000, 0x000000008b500000|100%| O|Cm|TAMS 0x000000008b400000| PB 0x000000008b400000| Complete 
| 181|0x000000008b500000, 0x000000008b600000, 0x000000008b600000|100%|HS|  |TAMS 0x000000008b500000| PB 0x000000008b500000| Complete 
| 182|0x000000008b600000, 0x000000008b700000, 0x000000008b700000|100%| O|Cm|TAMS 0x000000008b600000| PB 0x000000008b600000| Complete 
| 183|0x000000008b700000, 0x000000008b800000, 0x000000008b800000|100%| O|Cm|TAMS 0x000000008b700000| PB 0x000000008b700000| Complete 
| 184|0x000000008b800000, 0x000000008b900000, 0x000000008b900000|100%| O|Cm|TAMS 0x000000008b800000| PB 0x000000008b800000| Complete 
| 185|0x000000008b900000, 0x000000008ba00000, 0x000000008ba00000|100%| O|Cm|TAMS 0x000000008b900000| PB 0x000000008b900000| Complete 
| 186|0x000000008ba00000, 0x000000008bb00000, 0x000000008bb00000|100%|HS|  |TAMS 0x000000008ba00000| PB 0x000000008ba00000| Complete 
| 187|0x000000008bb00000, 0x000000008bc00000, 0x000000008bc00000|100%|HC|  |TAMS 0x000000008bb00000| PB 0x000000008bb00000| Complete 
| 188|0x000000008bc00000, 0x000000008bd00000, 0x000000008bd00000|100%|HC|  |TAMS 0x000000008bc00000| PB 0x000000008bc00000| Complete 
| 189|0x000000008bd00000, 0x000000008be00000, 0x000000008be00000|100%|HC|  |TAMS 0x000000008bd00000| PB 0x000000008bd00000| Complete 
| 190|0x000000008be00000, 0x000000008bf00000, 0x000000008bf00000|100%|HC|  |TAMS 0x000000008be00000| PB 0x000000008be00000| Complete 
| 191|0x000000008bf00000, 0x000000008c000000, 0x000000008c000000|100%|HS|  |TAMS 0x000000008bf00000| PB 0x000000008bf00000| Complete 
| 192|0x000000008c000000, 0x000000008c100000, 0x000000008c100000|100%|HC|  |TAMS 0x000000008c000000| PB 0x000000008c000000| Complete 
| 193|0x000000008c100000, 0x000000008c200000, 0x000000008c200000|100%|HC|  |TAMS 0x000000008c100000| PB 0x000000008c100000| Complete 
| 194|0x000000008c200000, 0x000000008c300000, 0x000000008c300000|100%|HC|  |TAMS 0x000000008c200000| PB 0x000000008c200000| Complete 
| 195|0x000000008c300000, 0x000000008c400000, 0x000000008c400000|100%|HC|  |TAMS 0x000000008c300000| PB 0x000000008c300000| Complete 
| 196|0x000000008c400000, 0x000000008c500000, 0x000000008c500000|100%|HC|  |TAMS 0x000000008c400000| PB 0x000000008c400000| Complete 
| 197|0x000000008c500000, 0x000000008c600000, 0x000000008c600000|100%|HC|  |TAMS 0x000000008c500000| PB 0x000000008c500000| Complete 
| 198|0x000000008c600000, 0x000000008c700000, 0x000000008c700000|100%|HC|  |TAMS 0x000000008c600000| PB 0x000000008c600000| Complete 
| 199|0x000000008c700000, 0x000000008c800000, 0x000000008c800000|100%|HC|  |TAMS 0x000000008c700000| PB 0x000000008c700000| Complete 
| 200|0x000000008c800000, 0x000000008c900000, 0x000000008c900000|100%|HC|  |TAMS 0x000000008c800000| PB 0x000000008c800000| Complete 
| 201|0x000000008c900000, 0x000000008ca00000, 0x000000008ca00000|100%|HC|  |TAMS 0x000000008c900000| PB 0x000000008c900000| Complete 
| 202|0x000000008ca00000, 0x000000008cb00000, 0x000000008cb00000|100%|HC|  |TAMS 0x000000008ca00000| PB 0x000000008ca00000| Complete 
| 203|0x000000008cb00000, 0x000000008cc00000, 0x000000008cc00000|100%|HC|  |TAMS 0x000000008cb00000| PB 0x000000008cb00000| Complete 
| 204|0x000000008cc00000, 0x000000008cd00000, 0x000000008cd00000|100%|HC|  |TAMS 0x000000008cc00000| PB 0x000000008cc00000| Complete 
| 205|0x000000008cd00000, 0x000000008ce00000, 0x000000008ce00000|100%|HC|  |TAMS 0x000000008cd00000| PB 0x000000008cd00000| Complete 
| 206|0x000000008ce00000, 0x000000008cf00000, 0x000000008cf00000|100%|HC|  |TAMS 0x000000008ce00000| PB 0x000000008ce00000| Complete 
| 207|0x000000008cf00000, 0x000000008d000000, 0x000000008d000000|100%|HC|  |TAMS 0x000000008cf00000| PB 0x000000008cf00000| Complete 
| 208|0x000000008d000000, 0x000000008d100000, 0x000000008d100000|100%|HC|  |TAMS 0x000000008d000000| PB 0x000000008d000000| Complete 
| 209|0x000000008d100000, 0x000000008d200000, 0x000000008d200000|100%|HC|  |TAMS 0x000000008d100000| PB 0x000000008d100000| Complete 
| 210|0x000000008d200000, 0x000000008d300000, 0x000000008d300000|100%|HC|  |TAMS 0x000000008d200000| PB 0x000000008d200000| Complete 
| 211|0x000000008d300000, 0x000000008d400000, 0x000000008d400000|100%|HC|  |TAMS 0x000000008d300000| PB 0x000000008d300000| Complete 
| 212|0x000000008d400000, 0x000000008d500000, 0x000000008d500000|100%|HC|  |TAMS 0x000000008d400000| PB 0x000000008d400000| Complete 
| 213|0x000000008d500000, 0x000000008d600000, 0x000000008d600000|100%|HC|  |TAMS 0x000000008d500000| PB 0x000000008d500000| Complete 
| 214|0x000000008d600000, 0x000000008d700000, 0x000000008d700000|100%|HC|  |TAMS 0x000000008d600000| PB 0x000000008d600000| Complete 
| 215|0x000000008d700000, 0x000000008d800000, 0x000000008d800000|100%|HC|  |TAMS 0x000000008d700000| PB 0x000000008d700000| Complete 
| 216|0x000000008d800000, 0x000000008d900000, 0x000000008d900000|100%|HC|  |TAMS 0x000000008d800000| PB 0x000000008d800000| Complete 
| 217|0x000000008d900000, 0x000000008da00000, 0x000000008da00000|100%|HC|  |TAMS 0x000000008d900000| PB 0x000000008d900000| Complete 
| 218|0x000000008da00000, 0x000000008db00000, 0x000000008db00000|100%|HC|  |TAMS 0x000000008da00000| PB 0x000000008da00000| Complete 
| 219|0x000000008db00000, 0x000000008dc00000, 0x000000008dc00000|100%|HC|  |TAMS 0x000000008db00000| PB 0x000000008db00000| Complete 
| 220|0x000000008dc00000, 0x000000008dd00000, 0x000000008dd00000|100%|HC|  |TAMS 0x000000008dc00000| PB 0x000000008dc00000| Complete 
| 221|0x000000008dd00000, 0x000000008de00000, 0x000000008de00000|100%|HS|  |TAMS 0x000000008dd00000| PB 0x000000008dd00000| Complete 
| 222|0x000000008de00000, 0x000000008df00000, 0x000000008df00000|100%|HC|  |TAMS 0x000000008de00000| PB 0x000000008de00000| Complete 
| 223|0x000000008df00000, 0x000000008e000000, 0x000000008e000000|100%|HC|  |TAMS 0x000000008df00000| PB 0x000000008df00000| Complete 
| 224|0x000000008e000000, 0x000000008e100000, 0x000000008e100000|100%|HC|  |TAMS 0x000000008e000000| PB 0x000000008e000000| Complete 
| 225|0x000000008e100000, 0x000000008e200000, 0x000000008e200000|100%|HS|  |TAMS 0x000000008e100000| PB 0x000000008e100000| Complete 
| 226|0x000000008e200000, 0x000000008e300000, 0x000000008e300000|100%|HC|  |TAMS 0x000000008e200000| PB 0x000000008e200000| Complete 
| 227|0x000000008e300000, 0x000000008e400000, 0x000000008e400000|100%|HC|  |TAMS 0x000000008e300000| PB 0x000000008e300000| Complete 
| 228|0x000000008e400000, 0x000000008e500000, 0x000000008e500000|100%|HS|  |TAMS 0x000000008e400000| PB 0x000000008e400000| Complete 
| 229|0x000000008e500000, 0x000000008e600000, 0x000000008e600000|100%|HC|  |TAMS 0x000000008e500000| PB 0x000000008e500000| Complete 
| 230|0x000000008e600000, 0x000000008e700000, 0x000000008e700000|100%|HC|  |TAMS 0x000000008e600000| PB 0x000000008e600000| Complete 
| 231|0x000000008e700000, 0x000000008e800000, 0x000000008e800000|100%|HS|  |TAMS 0x000000008e700000| PB 0x000000008e700000| Complete 
| 232|0x000000008e800000, 0x000000008e900000, 0x000000008e900000|100%|HC|  |TAMS 0x000000008e800000| PB 0x000000008e800000| Complete 
| 233|0x000000008e900000, 0x000000008ea00000, 0x000000008ea00000|100%|HC|  |TAMS 0x000000008e900000| PB 0x000000008e900000| Complete 
| 234|0x000000008ea00000, 0x000000008eb00000, 0x000000008eb00000|100%|HC|  |TAMS 0x000000008ea00000| PB 0x000000008ea00000| Complete 
| 235|0x000000008eb00000, 0x000000008ec00000, 0x000000008ec00000|100%|HC|  |TAMS 0x000000008eb00000| PB 0x000000008eb00000| Complete 
| 236|0x000000008ec00000, 0x000000008ed00000, 0x000000008ed00000|100%|HS|  |TAMS 0x000000008ec00000| PB 0x000000008ec00000| Complete 
| 237|0x000000008ed00000, 0x000000008ee00000, 0x000000008ee00000|100%|HC|  |TAMS 0x000000008ed00000| PB 0x000000008ed00000| Complete 
| 238|0x000000008ee00000, 0x000000008ef00000, 0x000000008ef00000|100%|HC|  |TAMS 0x000000008ee00000| PB 0x000000008ee00000| Complete 
| 239|0x000000008ef00000, 0x000000008f000000, 0x000000008f000000|100%|HC|  |TAMS 0x000000008ef00000| PB 0x000000008ef00000| Complete 
| 240|0x000000008f000000, 0x000000008f100000, 0x000000008f100000|100%|HC|  |TAMS 0x000000008f000000| PB 0x000000008f000000| Complete 
| 241|0x000000008f100000, 0x000000008f200000, 0x000000008f200000|100%|HC|  |TAMS 0x000000008f100000| PB 0x000000008f100000| Complete 
| 242|0x000000008f200000, 0x000000008f300000, 0x000000008f300000|100%|HS|  |TAMS 0x000000008f200000| PB 0x000000008f200000| Complete 
| 243|0x000000008f300000, 0x000000008f400000, 0x000000008f400000|100%|HC|  |TAMS 0x000000008f300000| PB 0x000000008f300000| Complete 
| 244|0x000000008f400000, 0x000000008f500000, 0x000000008f500000|100%|HS|  |TAMS 0x000000008f400000| PB 0x000000008f400000| Complete 
| 245|0x000000008f500000, 0x000000008f600000, 0x000000008f600000|100%|HC|  |TAMS 0x000000008f500000| PB 0x000000008f500000| Complete 
| 246|0x000000008f600000, 0x000000008f700000, 0x000000008f700000|100%|HS|  |TAMS 0x000000008f600000| PB 0x000000008f600000| Complete 
| 247|0x000000008f700000, 0x000000008f800000, 0x000000008f800000|100%|HC|  |TAMS 0x000000008f700000| PB 0x000000008f700000| Complete 
| 248|0x000000008f800000, 0x000000008f900000, 0x000000008f900000|100%|HS|  |TAMS 0x000000008f800000| PB 0x000000008f800000| Complete 
| 249|0x000000008f900000, 0x000000008fa00000, 0x000000008fa00000|100%|HC|  |TAMS 0x000000008f900000| PB 0x000000008f900000| Complete 
| 250|0x000000008fa00000, 0x000000008fb00000, 0x000000008fb00000|100%|HC|  |TAMS 0x000000008fa00000| PB 0x000000008fa00000| Complete 
| 251|0x000000008fb00000, 0x000000008fc00000, 0x000000008fc00000|100%|HS|  |TAMS 0x000000008fb00000| PB 0x000000008fb00000| Complete 
| 252|0x000000008fc00000, 0x000000008fd00000, 0x000000008fd00000|100%|HC|  |TAMS 0x000000008fc00000| PB 0x000000008fc00000| Complete 
| 253|0x000000008fd00000, 0x000000008fe00000, 0x000000008fe00000|100%|HC|  |TAMS 0x000000008fd00000| PB 0x000000008fd00000| Complete 
| 254|0x000000008fe00000, 0x000000008ff00000, 0x000000008ff00000|100%|HC|  |TAMS 0x000000008fe00000| PB 0x000000008fe00000| Complete 
| 255|0x000000008ff00000, 0x0000000090000000, 0x0000000090000000|100%|HC|  |TAMS 0x000000008ff00000| PB 0x000000008ff00000| Complete 
| 256|0x0000000090000000, 0x0000000090100000, 0x0000000090100000|100%|HS|  |TAMS 0x0000000090000000| PB 0x0000000090000000| Complete 
| 257|0x0000000090100000, 0x0000000090200000, 0x0000000090200000|100%|HC|  |TAMS 0x0000000090100000| PB 0x0000000090100000| Complete 
| 258|0x0000000090200000, 0x0000000090300000, 0x0000000090300000|100%|HC|  |TAMS 0x0000000090200000| PB 0x0000000090200000| Complete 
| 259|0x0000000090300000, 0x0000000090400000, 0x0000000090400000|100%|HC|  |TAMS 0x0000000090300000| PB 0x0000000090300000| Complete 
| 260|0x0000000090400000, 0x0000000090500000, 0x0000000090500000|100%|HC|  |TAMS 0x0000000090400000| PB 0x0000000090400000| Complete 
| 261|0x0000000090500000, 0x0000000090600000, 0x0000000090600000|100%|HS|  |TAMS 0x0000000090500000| PB 0x0000000090500000| Complete 
| 262|0x0000000090600000, 0x0000000090700000, 0x0000000090700000|100%|HS|  |TAMS 0x0000000090600000| PB 0x0000000090600000| Complete 
| 263|0x0000000090700000, 0x0000000090800000, 0x0000000090800000|100%|HS|  |TAMS 0x0000000090700000| PB 0x0000000090700000| Complete 
| 264|0x0000000090800000, 0x0000000090900000, 0x0000000090900000|100%|HC|  |TAMS 0x0000000090800000| PB 0x0000000090800000| Complete 
| 265|0x0000000090900000, 0x0000000090a00000, 0x0000000090a00000|100%|HS|  |TAMS 0x0000000090900000| PB 0x0000000090900000| Complete 
| 266|0x0000000090a00000, 0x0000000090b00000, 0x0000000090b00000|100%|HC|  |TAMS 0x0000000090a00000| PB 0x0000000090a00000| Complete 
| 267|0x0000000090b00000, 0x0000000090c00000, 0x0000000090c00000|100%|HS|  |TAMS 0x0000000090b00000| PB 0x0000000090b00000| Complete 
| 268|0x0000000090c00000, 0x0000000090d00000, 0x0000000090d00000|100%|HS|  |TAMS 0x0000000090c00000| PB 0x0000000090c00000| Complete 
| 269|0x0000000090d00000, 0x0000000090e00000, 0x0000000090e00000|100%|HC|  |TAMS 0x0000000090d00000| PB 0x0000000090d00000| Complete 
| 270|0x0000000090e00000, 0x0000000090f00000, 0x0000000090f00000|100%|HS|  |TAMS 0x0000000090e00000| PB 0x0000000090e00000| Complete 
| 271|0x0000000090f00000, 0x0000000091000000, 0x0000000091000000|100%|HC|  |TAMS 0x0000000090f00000| PB 0x0000000090f00000| Complete 
| 272|0x0000000091000000, 0x0000000091100000, 0x0000000091100000|100%|HS|  |TAMS 0x0000000091000000| PB 0x0000000091000000| Complete 
| 273|0x0000000091100000, 0x0000000091200000, 0x0000000091200000|100%|HS|  |TAMS 0x0000000091100000| PB 0x0000000091100000| Complete 
| 274|0x0000000091200000, 0x0000000091300000, 0x0000000091300000|100%|HC|  |TAMS 0x0000000091200000| PB 0x0000000091200000| Complete 
| 275|0x0000000091300000, 0x0000000091400000, 0x0000000091400000|100%|HS|  |TAMS 0x0000000091300000| PB 0x0000000091300000| Complete 
| 276|0x0000000091400000, 0x0000000091500000, 0x0000000091500000|100%|HC|  |TAMS 0x0000000091400000| PB 0x0000000091400000| Complete 
| 277|0x0000000091500000, 0x0000000091600000, 0x0000000091600000|100%|HC|  |TAMS 0x0000000091500000| PB 0x0000000091500000| Complete 
| 278|0x0000000091600000, 0x0000000091700000, 0x0000000091700000|100%|HS|  |TAMS 0x0000000091600000| PB 0x0000000091600000| Complete 
| 279|0x0000000091700000, 0x0000000091798af0, 0x0000000091800000| 59%| S|CS|TAMS 0x0000000091700000| PB 0x0000000091700000| Complete 
| 280|0x0000000091800000, 0x0000000091900000, 0x0000000091900000|100%| S|CS|TAMS 0x0000000091800000| PB 0x0000000091800000| Complete 
| 281|0x0000000091900000, 0x0000000091a00000, 0x0000000091a00000|100%| S|CS|TAMS 0x0000000091900000| PB 0x0000000091900000| Complete 
| 282|0x0000000091a00000, 0x0000000091b00000, 0x0000000091b00000|100%| S|CS|TAMS 0x0000000091a00000| PB 0x0000000091a00000| Complete 
| 283|0x0000000091b00000, 0x0000000091c00000, 0x0000000091c00000|100%|HS|  |TAMS 0x0000000091b00000| PB 0x0000000091b00000| Complete 
| 284|0x0000000091c00000, 0x0000000091d00000, 0x0000000091d00000|100%|HC|  |TAMS 0x0000000091c00000| PB 0x0000000091c00000| Complete 
| 285|0x0000000091d00000, 0x0000000091e00000, 0x0000000091e00000|100%|HC|  |TAMS 0x0000000091d00000| PB 0x0000000091d00000| Complete 
| 286|0x0000000091e00000, 0x0000000091f00000, 0x0000000091f00000|100%|HC|  |TAMS 0x0000000091e00000| PB 0x0000000091e00000| Complete 
| 287|0x0000000091f00000, 0x0000000092000000, 0x0000000092000000|100%|HC|  |TAMS 0x0000000091f00000| PB 0x0000000091f00000| Complete 
| 288|0x0000000092000000, 0x0000000092100000, 0x0000000092100000|100%|HS|  |TAMS 0x0000000092000000| PB 0x0000000092000000| Complete 
| 289|0x0000000092100000, 0x0000000092200000, 0x0000000092200000|100%|HS|  |TAMS 0x0000000092100000| PB 0x0000000092100000| Complete 
| 290|0x0000000092200000, 0x0000000092300000, 0x0000000092300000|100%|HS|  |TAMS 0x0000000092200000| PB 0x0000000092200000| Complete 
| 291|0x0000000092300000, 0x0000000092400000, 0x0000000092400000|100%|HC|  |TAMS 0x0000000092300000| PB 0x0000000092300000| Complete 
| 292|0x0000000092400000, 0x0000000092500000, 0x0000000092500000|100%|HS|  |TAMS 0x0000000092400000| PB 0x0000000092400000| Complete 
| 293|0x0000000092500000, 0x0000000092600000, 0x0000000092600000|100%| E|CS|TAMS 0x0000000092500000| PB 0x0000000092500000| Complete 
| 294|0x0000000092600000, 0x0000000092700000, 0x0000000092700000|100%| E|CS|TAMS 0x0000000092600000| PB 0x0000000092600000| Complete 
| 295|0x0000000092700000, 0x0000000092800000, 0x0000000092800000|100%| E|CS|TAMS 0x0000000092700000| PB 0x0000000092700000| Complete 
| 296|0x0000000092800000, 0x0000000092900000, 0x0000000092900000|100%| E|CS|TAMS 0x0000000092800000| PB 0x0000000092800000| Complete 
| 297|0x0000000092900000, 0x0000000092a00000, 0x0000000092a00000|100%| E|CS|TAMS 0x0000000092900000| PB 0x0000000092900000| Complete 
| 298|0x0000000092a00000, 0x0000000092b00000, 0x0000000092b00000|100%| E|CS|TAMS 0x0000000092a00000| PB 0x0000000092a00000| Complete 
| 299|0x0000000092b00000, 0x0000000092c00000, 0x0000000092c00000|100%| E|CS|TAMS 0x0000000092b00000| PB 0x0000000092b00000| Complete 
| 300|0x0000000092c00000, 0x0000000092d00000, 0x0000000092d00000|100%| E|CS|TAMS 0x0000000092c00000| PB 0x0000000092c00000| Complete 
| 301|0x0000000092d00000, 0x0000000092e00000, 0x0000000092e00000|100%| E|CS|TAMS 0x0000000092d00000| PB 0x0000000092d00000| Complete 
| 302|0x0000000092e00000, 0x0000000092f00000, 0x0000000092f00000|100%|HS|  |TAMS 0x0000000092e00000| PB 0x0000000092e00000| Complete 
| 303|0x0000000092f00000, 0x0000000093000000, 0x0000000093000000|100%|HC|  |TAMS 0x0000000092f00000| PB 0x0000000092f00000| Complete 
| 304|0x0000000093000000, 0x0000000093100000, 0x0000000093100000|100%|HC|  |TAMS 0x0000000093000000| PB 0x0000000093000000| Complete 
| 305|0x0000000093100000, 0x0000000093200000, 0x0000000093200000|100%|HC|  |TAMS 0x0000000093100000| PB 0x0000000093100000| Complete 
| 306|0x0000000093200000, 0x0000000093300000, 0x0000000093300000|100%|HC|  |TAMS 0x0000000093200000| PB 0x0000000093200000| Complete 
| 307|0x0000000093300000, 0x0000000093400000, 0x0000000093400000|100%|HC|  |TAMS 0x0000000093300000| PB 0x0000000093300000| Complete 
| 308|0x0000000093400000, 0x0000000093500000, 0x0000000093500000|100%|HC|  |TAMS 0x0000000093400000| PB 0x0000000093400000| Complete 
| 309|0x0000000093500000, 0x0000000093600000, 0x0000000093600000|100%|HC|  |TAMS 0x0000000093500000| PB 0x0000000093500000| Complete 
| 310|0x0000000093600000, 0x0000000093700000, 0x0000000093700000|100%|HC|  |TAMS 0x0000000093600000| PB 0x0000000093600000| Complete 
| 311|0x0000000093700000, 0x0000000093800000, 0x0000000093800000|100%|HS|  |TAMS 0x0000000093700000| PB 0x0000000093700000| Complete 
| 312|0x0000000093800000, 0x0000000093900000, 0x0000000093900000|100%|HC|  |TAMS 0x0000000093800000| PB 0x0000000093800000| Complete 
| 313|0x0000000093900000, 0x0000000093a00000, 0x0000000093a00000|100%|HC|  |TAMS 0x0000000093900000| PB 0x0000000093900000| Complete 
| 314|0x0000000093a00000, 0x0000000093b00000, 0x0000000093b00000|100%|HS|  |TAMS 0x0000000093a00000| PB 0x0000000093a00000| Complete 
| 315|0x0000000093b00000, 0x0000000093c00000, 0x0000000093c00000|100%|HC|  |TAMS 0x0000000093b00000| PB 0x0000000093b00000| Complete 
| 316|0x0000000093c00000, 0x0000000093d00000, 0x0000000093d00000|100%|HC|  |TAMS 0x0000000093c00000| PB 0x0000000093c00000| Complete 
| 317|0x0000000093d00000, 0x0000000093e00000, 0x0000000093e00000|100%|HC|  |TAMS 0x0000000093d00000| PB 0x0000000093d00000| Complete 
| 318|0x0000000093e00000, 0x0000000093f00000, 0x0000000093f00000|100%|HS|  |TAMS 0x0000000093e00000| PB 0x0000000093e00000| Complete 
| 319|0x0000000093f00000, 0x0000000094000000, 0x0000000094000000|100%| E|  |TAMS 0x0000000093f00000| PB 0x0000000093f00000| Complete 
| 320|0x0000000094000000, 0x0000000094100000, 0x0000000094100000|100%| E|  |TAMS 0x0000000094000000| PB 0x0000000094000000| Complete 
| 321|0x0000000094100000, 0x0000000094200000, 0x0000000094200000|100%| E|CS|TAMS 0x0000000094100000| PB 0x0000000094100000| Complete 
| 322|0x0000000094200000, 0x0000000094300000, 0x0000000094300000|100%| E|CS|TAMS 0x0000000094200000| PB 0x0000000094200000| Complete 
| 323|0x0000000094300000, 0x0000000094400000, 0x0000000094400000|100%| E|CS|TAMS 0x0000000094300000| PB 0x0000000094300000| Complete 
| 324|0x0000000094400000, 0x0000000094500000, 0x0000000094500000|100%| E|CS|TAMS 0x0000000094400000| PB 0x0000000094400000| Complete 
| 325|0x0000000094500000, 0x0000000094600000, 0x0000000094600000|100%| E|CS|TAMS 0x0000000094500000| PB 0x0000000094500000| Complete 
| 326|0x0000000094600000, 0x0000000094700000, 0x0000000094700000|100%| E|CS|TAMS 0x0000000094600000| PB 0x0000000094600000| Complete 
| 327|0x0000000094700000, 0x0000000094800000, 0x0000000094800000|100%| E|CS|TAMS 0x0000000094700000| PB 0x0000000094700000| Complete 
| 328|0x0000000094800000, 0x0000000094900000, 0x0000000094900000|100%| E|CS|TAMS 0x0000000094800000| PB 0x0000000094800000| Complete 
| 329|0x0000000094900000, 0x0000000094a00000, 0x0000000094a00000|100%| E|CS|TAMS 0x0000000094900000| PB 0x0000000094900000| Complete 
| 330|0x0000000094a00000, 0x0000000094b00000, 0x0000000094b00000|100%| E|CS|TAMS 0x0000000094a00000| PB 0x0000000094a00000| Complete 
| 331|0x0000000094b00000, 0x0000000094c00000, 0x0000000094c00000|100%| E|CS|TAMS 0x0000000094b00000| PB 0x0000000094b00000| Complete 
| 332|0x0000000094c00000, 0x0000000094d00000, 0x0000000094d00000|100%| E|CS|TAMS 0x0000000094c00000| PB 0x0000000094c00000| Complete 
| 333|0x0000000094d00000, 0x0000000094e00000, 0x0000000094e00000|100%| E|CS|TAMS 0x0000000094d00000| PB 0x0000000094d00000| Complete 
| 334|0x0000000094e00000, 0x0000000094f00000, 0x0000000094f00000|100%| E|CS|TAMS 0x0000000094e00000| PB 0x0000000094e00000| Complete 
| 335|0x0000000094f00000, 0x0000000095000000, 0x0000000095000000|100%| E|CS|TAMS 0x0000000094f00000| PB 0x0000000094f00000| Complete 
| 336|0x0000000095000000, 0x0000000095100000, 0x0000000095100000|100%| E|CS|TAMS 0x0000000095000000| PB 0x0000000095000000| Complete 
| 337|0x0000000095100000, 0x0000000095200000, 0x0000000095200000|100%| E|CS|TAMS 0x0000000095100000| PB 0x0000000095100000| Complete 
| 338|0x0000000095200000, 0x0000000095300000, 0x0000000095300000|100%| E|CS|TAMS 0x0000000095200000| PB 0x0000000095200000| Complete 
| 339|0x0000000095300000, 0x0000000095400000, 0x0000000095400000|100%| E|CS|TAMS 0x0000000095300000| PB 0x0000000095300000| Complete 
| 340|0x0000000095400000, 0x0000000095500000, 0x0000000095500000|100%| E|CS|TAMS 0x0000000095400000| PB 0x0000000095400000| Complete 
| 341|0x0000000095500000, 0x0000000095600000, 0x0000000095600000|100%| E|CS|TAMS 0x0000000095500000| PB 0x0000000095500000| Complete 
| 342|0x0000000095600000, 0x0000000095700000, 0x0000000095700000|100%| E|CS|TAMS 0x0000000095600000| PB 0x0000000095600000| Complete 
| 343|0x0000000095700000, 0x0000000095800000, 0x0000000095800000|100%| E|CS|TAMS 0x0000000095700000| PB 0x0000000095700000| Complete 
| 344|0x0000000095800000, 0x0000000095900000, 0x0000000095900000|100%| E|CS|TAMS 0x0000000095800000| PB 0x0000000095800000| Complete 
| 345|0x0000000095900000, 0x0000000095a00000, 0x0000000095a00000|100%| E|CS|TAMS 0x0000000095900000| PB 0x0000000095900000| Complete 
| 346|0x0000000095a00000, 0x0000000095b00000, 0x0000000095b00000|100%| E|CS|TAMS 0x0000000095a00000| PB 0x0000000095a00000| Complete 
| 347|0x0000000095b00000, 0x0000000095c00000, 0x0000000095c00000|100%| E|CS|TAMS 0x0000000095b00000| PB 0x0000000095b00000| Complete 
| 348|0x0000000095c00000, 0x0000000095d00000, 0x0000000095d00000|100%| E|CS|TAMS 0x0000000095c00000| PB 0x0000000095c00000| Complete 
| 349|0x0000000095d00000, 0x0000000095e00000, 0x0000000095e00000|100%|HS|  |TAMS 0x0000000095d00000| PB 0x0000000095d00000| Complete 
| 350|0x0000000095e00000, 0x0000000095f00000, 0x0000000095f00000|100%|HC|  |TAMS 0x0000000095e00000| PB 0x0000000095e00000| Complete 
| 351|0x0000000095f00000, 0x0000000096000000, 0x0000000096000000|100%|HC|  |TAMS 0x0000000095f00000| PB 0x0000000095f00000| Complete 
| 352|0x0000000096000000, 0x0000000096100000, 0x0000000096100000|100%|HC|  |TAMS 0x0000000096000000| PB 0x0000000096000000| Complete 
| 353|0x0000000096100000, 0x0000000096200000, 0x0000000096200000|100%|HC|  |TAMS 0x0000000096100000| PB 0x0000000096100000| Complete 
| 354|0x0000000096200000, 0x0000000096300000, 0x0000000096300000|100%|HC|  |TAMS 0x0000000096200000| PB 0x0000000096200000| Complete 
| 355|0x0000000096300000, 0x0000000096400000, 0x0000000096400000|100%|HC|  |TAMS 0x0000000096300000| PB 0x0000000096300000| Complete 
| 356|0x0000000096400000, 0x0000000096500000, 0x0000000096500000|100%|HC|  |TAMS 0x0000000096400000| PB 0x0000000096400000| Complete 
| 357|0x0000000096500000, 0x0000000096600000, 0x0000000096600000|100%|HC|  |TAMS 0x0000000096500000| PB 0x0000000096500000| Complete 
| 358|0x0000000096600000, 0x0000000096700000, 0x0000000096700000|100%|HC|  |TAMS 0x0000000096600000| PB 0x0000000096600000| Complete 
| 359|0x0000000096700000, 0x0000000096800000, 0x0000000096800000|100%|HC|  |TAMS 0x0000000096700000| PB 0x0000000096700000| Complete 
| 360|0x0000000096800000, 0x0000000096900000, 0x0000000096900000|100%|HC|  |TAMS 0x0000000096800000| PB 0x0000000096800000| Complete 
| 361|0x0000000096900000, 0x0000000096a00000, 0x0000000096a00000|100%|HC|  |TAMS 0x0000000096900000| PB 0x0000000096900000| Complete 
| 362|0x0000000096a00000, 0x0000000096b00000, 0x0000000096b00000|100%|HC|  |TAMS 0x0000000096a00000| PB 0x0000000096a00000| Complete 
| 363|0x0000000096b00000, 0x0000000096c00000, 0x0000000096c00000|100%|HC|  |TAMS 0x0000000096b00000| PB 0x0000000096b00000| Complete 
| 364|0x0000000096c00000, 0x0000000096d00000, 0x0000000096d00000|100%|HC|  |TAMS 0x0000000096c00000| PB 0x0000000096c00000| Complete 
| 365|0x0000000096d00000, 0x0000000096e00000, 0x0000000096e00000|100%|HC|  |TAMS 0x0000000096d00000| PB 0x0000000096d00000| Complete 
| 366|0x0000000096e00000, 0x0000000096f00000, 0x0000000096f00000|100%|HS|  |TAMS 0x0000000096e00000| PB 0x0000000096e00000| Complete 
| 367|0x0000000096f00000, 0x0000000097000000, 0x0000000097000000|100%|HC|  |TAMS 0x0000000096f00000| PB 0x0000000096f00000| Complete 
| 368|0x0000000097000000, 0x0000000097100000, 0x0000000097100000|100%|HC|  |TAMS 0x0000000097000000| PB 0x0000000097000000| Complete 
| 369|0x0000000097100000, 0x0000000097200000, 0x0000000097200000|100%|HC|  |TAMS 0x0000000097100000| PB 0x0000000097100000| Complete 
| 370|0x0000000097200000, 0x0000000097300000, 0x0000000097300000|100%|HC|  |TAMS 0x0000000097200000| PB 0x0000000097200000| Complete 
| 371|0x0000000097300000, 0x0000000097400000, 0x0000000097400000|100%|HC|  |TAMS 0x0000000097300000| PB 0x0000000097300000| Complete 
| 372|0x0000000097400000, 0x0000000097500000, 0x0000000097500000|100%|HC|  |TAMS 0x0000000097400000| PB 0x0000000097400000| Complete 
| 373|0x0000000097500000, 0x0000000097600000, 0x0000000097600000|100%|HC|  |TAMS 0x0000000097500000| PB 0x0000000097500000| Complete 
| 374|0x0000000097600000, 0x0000000097700000, 0x0000000097700000|100%|HC|  |TAMS 0x0000000097600000| PB 0x0000000097600000| Complete 
| 375|0x0000000097700000, 0x0000000097800000, 0x0000000097800000|100%|HC|  |TAMS 0x0000000097700000| PB 0x0000000097700000| Complete 
| 376|0x0000000097800000, 0x0000000097900000, 0x0000000097900000|100%|HC|  |TAMS 0x0000000097800000| PB 0x0000000097800000| Complete 
| 377|0x0000000097900000, 0x0000000097a00000, 0x0000000097a00000|100%|HC|  |TAMS 0x0000000097900000| PB 0x0000000097900000| Complete 
| 378|0x0000000097a00000, 0x0000000097b00000, 0x0000000097b00000|100%|HC|  |TAMS 0x0000000097a00000| PB 0x0000000097a00000| Complete 
| 379|0x0000000097b00000, 0x0000000097c00000, 0x0000000097c00000|100%|HC|  |TAMS 0x0000000097b00000| PB 0x0000000097b00000| Complete 
| 380|0x0000000097c00000, 0x0000000097d00000, 0x0000000097d00000|100%|HC|  |TAMS 0x0000000097c00000| PB 0x0000000097c00000| Complete 
| 381|0x0000000097d00000, 0x0000000097e00000, 0x0000000097e00000|100%|HC|  |TAMS 0x0000000097d00000| PB 0x0000000097d00000| Complete 
| 382|0x0000000097e00000, 0x0000000097f00000, 0x0000000097f00000|100%|HC|  |TAMS 0x0000000097e00000| PB 0x0000000097e00000| Complete 
| 383|0x0000000097f00000, 0x0000000098000000, 0x0000000098000000|100%|HC|  |TAMS 0x0000000097f00000| PB 0x0000000097f00000| Complete 
| 384|0x0000000098000000, 0x0000000098100000, 0x0000000098100000|100%|HC|  |TAMS 0x0000000098000000| PB 0x0000000098000000| Complete 
| 385|0x0000000098100000, 0x0000000098200000, 0x0000000098200000|100%|HC|  |TAMS 0x0000000098100000| PB 0x0000000098100000| Complete 
| 386|0x0000000098200000, 0x0000000098300000, 0x0000000098300000|100%|HC|  |TAMS 0x0000000098200000| PB 0x0000000098200000| Complete 
| 387|0x0000000098300000, 0x0000000098400000, 0x0000000098400000|100%|HC|  |TAMS 0x0000000098300000| PB 0x0000000098300000| Complete 
| 388|0x0000000098400000, 0x0000000098500000, 0x0000000098500000|100%|HC|  |TAMS 0x0000000098400000| PB 0x0000000098400000| Complete 
| 389|0x0000000098500000, 0x0000000098600000, 0x0000000098600000|100%|HC|  |TAMS 0x0000000098500000| PB 0x0000000098500000| Complete 
| 390|0x0000000098600000, 0x0000000098700000, 0x0000000098700000|100%|HC|  |TAMS 0x0000000098600000| PB 0x0000000098600000| Complete 
| 391|0x0000000098700000, 0x0000000098800000, 0x0000000098800000|100%|HC|  |TAMS 0x0000000098700000| PB 0x0000000098700000| Complete 
| 392|0x0000000098800000, 0x0000000098900000, 0x0000000098900000|100%|HC|  |TAMS 0x0000000098800000| PB 0x0000000098800000| Complete 
| 393|0x0000000098900000, 0x0000000098a00000, 0x0000000098a00000|100%|HC|  |TAMS 0x0000000098900000| PB 0x0000000098900000| Complete 
| 394|0x0000000098a00000, 0x0000000098b00000, 0x0000000098b00000|100%|HC|  |TAMS 0x0000000098a00000| PB 0x0000000098a00000| Complete 
| 395|0x0000000098b00000, 0x0000000098c00000, 0x0000000098c00000|100%|HC|  |TAMS 0x0000000098b00000| PB 0x0000000098b00000| Complete 
| 396|0x0000000098c00000, 0x0000000098d00000, 0x0000000098d00000|100%|HS|  |TAMS 0x0000000098c00000| PB 0x0000000098c00000| Complete 
| 397|0x0000000098d00000, 0x0000000098e00000, 0x0000000098e00000|100%|HS|  |TAMS 0x0000000098d00000| PB 0x0000000098d00000| Complete 
| 398|0x0000000098e00000, 0x0000000098f00000, 0x0000000098f00000|100%|HC|  |TAMS 0x0000000098e00000| PB 0x0000000098e00000| Complete 
| 399|0x0000000098f00000, 0x0000000098f00000, 0x0000000099000000|  0%| F|  |TAMS 0x0000000098f00000| PB 0x0000000098f00000| Untracked 
|2037|0x00000000ff500000, 0x00000000ff600000, 0x00000000ff600000|100%| O|  |TAMS 0x00000000ff500000| PB 0x00000000ff500000| Untracked 
|2038|0x00000000ff600000, 0x00000000ff700000, 0x00000000ff700000|100%| O|  |TAMS 0x00000000ff600000| PB 0x00000000ff600000| Untracked 
|2039|0x00000000ff700000, 0x00000000ff800000, 0x00000000ff800000|100%| E|CS|TAMS 0x00000000ff700000| PB 0x00000000ff700000| Complete 
|2040|0x00000000ff800000, 0x00000000ff900000, 0x00000000ff900000|100%| O|Cm|TAMS 0x00000000ff800000| PB 0x00000000ff800000| Complete 
|2041|0x00000000ff900000, 0x00000000ffa00000, 0x00000000ffa00000|100%| O|Cm|TAMS 0x00000000ff900000| PB 0x00000000ff900000| Complete 
|2042|0x00000000ffa00000, 0x00000000ffb00000, 0x00000000ffb00000|100%| O|Cm|TAMS 0x00000000ffa00000| PB 0x00000000ffa00000| Complete 
|2043|0x00000000ffb00000, 0x00000000ffc00000, 0x00000000ffc00000|100%| E|CS|TAMS 0x00000000ffb00000| PB 0x00000000ffb00000| Complete 
|2044|0x00000000ffc00000, 0x00000000ffd00000, 0x00000000ffd00000|100%| O|  |TAMS 0x00000000ffc00000| PB 0x00000000ffc00000| Untracked 
|2045|0x00000000ffd00000, 0x00000000ffe00000, 0x00000000ffe00000|100%| O|  |TAMS 0x00000000ffd00000| PB 0x00000000ffd00000| Untracked 
|2046|0x00000000ffe00000, 0x00000000fff00000, 0x00000000fff00000|100%| E|CS|TAMS 0x00000000ffe00000| PB 0x00000000ffe00000| Complete 
|2047|0x00000000fff00000, 0x0000000100000000, 0x0000000100000000|100%| O|  |TAMS 0x00000000fff00000| PB 0x00000000fff00000| Untracked 

Card table byte_map: [0x0000026f31fe0000,0x0000026f323e0000] _byte_map_base: 0x0000026f31be0000

Marking Bits: (CMBitMap*) 0x0000026f1f7b71c0
 Bits: [0x0000026f323e0000, 0x0000026f343e0000)

Polling page: 0x0000026f1ef20000

Metaspace:

Usage:
  Non-class:    130.29 MB used.
      Class:     20.96 MB used.
       Both:    151.24 MB used.

Virtual space:
  Non-class space:      192.00 MB reserved,     131.00 MB ( 68%) committed,  3 nodes.
      Class space:        1.00 GB reserved,      22.00 MB (  2%) committed,  1 nodes.
             Both:        1.19 GB reserved,     153.00 MB ( 13%) committed. 

Chunk freelists:
   Non-Class:  13.00 MB
       Class:  10.46 MB
        Both:  23.46 MB

MaxMetaspaceSize: unlimited
CompressedClassSpaceSize: 1.00 GB
Initial GC threshold: 21.00 MB
Current GC threshold: 254.81 MB
CDS: off
 - commit_granule_bytes: 65536.
 - commit_granule_words: 8192.
 - virtual_space_node_default_size: 8388608.
 - enlarge_chunks_in_place: 1.
 - use_allocation_guard: 0.


Internal statistics:

num_allocs_failed_limit: 9.
num_arena_births: 4946.
num_arena_deaths: 2410.
num_vsnodes_births: 4.
num_vsnodes_deaths: 0.
num_space_committed: 2442.
num_space_uncommitted: 0.
num_chunks_returned_to_freelist: 2730.
num_chunks_taken_from_freelist: 12405.
num_chunk_merges: 986.
num_chunk_splits: 7526.
num_chunks_enlarged: 4794.
num_inconsistent_stats: 0.

CodeHeap 'non-profiled nmethods': size=120000Kb used=13016Kb max_used=13460Kb free=106984Kb
 bounds [0x0000026f2a380000, 0x0000026f2b0c0000, 0x0000026f318b0000]
CodeHeap 'profiled nmethods': size=120000Kb used=30681Kb max_used=33453Kb free=89319Kb
 bounds [0x0000026f228b0000, 0x0000026f24960000, 0x0000026f29de0000]
CodeHeap 'non-nmethods': size=5760Kb used=3335Kb max_used=3417Kb free=2424Kb
 bounds [0x0000026f29de0000, 0x0000026f2a150000, 0x0000026f2a380000]
CodeCache: size=245760Kb, used=47032Kb, max_used=50330Kb, free=198727Kb
 total_blobs=16435, nmethods=15327, adapters=1010, full_count=0
Compilation: enabled, stopped_count=0, restarted_count=0

Compilation events (20 events):
Event: 1992.548 Thread 0x0000026f36f8c4a0 25457       3       org.gradle.api.internal.tasks.properties.OutputUnpacker::lambda$visitOutputFileProperty$0 (21 bytes)
Event: 1992.548 Thread 0x0000026f36f8c4a0 nmethod 25457 0x0000026f22ac0490 code [0x0000026f22ac0640, 0x0000026f22ac0838]
Event: 1992.549 Thread 0x0000026f36f8c4a0 25458       3       org.gradle.internal.classpath.FileUtils::tryReportFileSystemEntryObserved (15 bytes)
Event: 1992.549 Thread 0x0000026f36f8c4a0 nmethod 25458 0x0000026f22d60310 code [0x0000026f22d60540, 0x0000026f22d60d50]
Event: 1992.550 Thread 0x0000026f43c470c0 nmethod 25380 0x0000026f2adbf910 code [0x0000026f2adbfb80, 0x0000026f2adc0758]
Event: 1992.550 Thread 0x0000026f43c470c0 25454       4       org.gradle.internal.file.FilePathUtil::sizeOfCommonPrefix (142 bytes)
Event: 1992.552 Thread 0x0000026f43c492d0 nmethod 25365 0x0000026f2b0b1190 code [0x0000026f2b0b19a0, 0x0000026f2b0b7458]
Event: 1992.552 Thread 0x0000026f43c492d0 25456       4       org.gradle.internal.snapshot.PartialDirectoryNode::withIncompleteChildren (2 bytes)
Event: 1992.552 Thread 0x0000026f43c492d0 nmethod 25456 0x0000026f2a707810 code [0x0000026f2a7079a0, 0x0000026f2a707a28]
Event: 1992.552 Thread 0x0000026f43c492d0 25447       4       org.gradle.execution.plan.ValuedVfsHierarchy::recordValue (73 bytes)
Event: 1992.554 Thread 0x0000026f43c492d0 nmethod 25447 0x0000026f2a3bb990 code [0x0000026f2a3bbb40, 0x0000026f2a3bbda0]
Event: 1992.554 Thread 0x0000026f43c492d0 25378       4       java.util.BitSet::ensureCapacity (39 bytes)
Event: 1992.555 Thread 0x0000026f43c492d0 nmethod 25378 0x0000026f2a708b10 code [0x0000026f2a708ca0, 0x0000026f2a708d68]
Event: 1992.555 Thread 0x0000026f43c492d0 25448       4       org.gradle.internal.execution.UnitOfWork$InputVisitor::visitInputProperty (1 bytes)
Event: 1992.555 Thread 0x0000026f43c492d0 nmethod 25448 0x0000026f2a709410 code [0x0000026f2a7095a0, 0x0000026f2a709628]
Event: 1992.557 Thread 0x0000026f43c492d0 25459       4       com.android.tools.r8.dex.C::<init> (248 bytes)
Event: 1992.561 Thread 0x0000026f36f8c4a0 25460       3       java.lang.invoke.MethodHandle::asTypeCached (52 bytes)
Event: 1992.561 Thread 0x0000026f36f8c4a0 nmethod 25460 0x0000026f22a68c10 code [0x0000026f22a68de0, 0x0000026f22a691f0]
Event: 1992.562 Thread 0x0000026f36f8c4a0 25461       1       org.gradle.api.services.internal.BuildServiceProvider::isImmutable (2 bytes)
Event: 1992.562 Thread 0x0000026f36f8c4a0 nmethod 25461 0x0000026f2a72a290 code [0x0000026f2a72a420, 0x0000026f2a72a4e8]

GC Heap History (20 events):
Event: 1537.925 GC heap before
{Heap before GC invocations=56 (full 0):
 garbage-first heap   total 232448K, used 163315K [0x0000000080000000, 0x0000000100000000)
  region size 1024K, 20 young (20480K), 7 survivors (7168K)
 Metaspace       used 124153K, committed 126464K, reserved 1179648K
  class space    used 17543K, committed 18688K, reserved 1048576K
}
Event: 1537.930 GC heap after
{Heap after GC invocations=57 (full 0):
 garbage-first heap   total 232448K, used 153705K [0x0000000080000000, 0x0000000100000000)
  region size 1024K, 2 young (2048K), 2 survivors (2048K)
 Metaspace       used 124153K, committed 126464K, reserved 1179648K
  class space    used 17543K, committed 18688K, reserved 1048576K
}
Event: 1538.600 GC heap before
{Heap before GC invocations=58 (full 0):
 garbage-first heap   total 266240K, used 217193K [0x0000000080000000, 0x0000000100000000)
  region size 1024K, 60 young (61440K), 2 survivors (2048K)
 Metaspace       used 131902K, committed 134208K, reserved 1179648K
  class space    used 18623K, committed 19712K, reserved 1048576K
}
Event: 1538.603 GC heap after
{Heap after GC invocations=59 (full 0):
 garbage-first heap   total 266240K, used 154628K [0x0000000080000000, 0x0000000100000000)
  region size 1024K, 3 young (3072K), 3 survivors (3072K)
 Metaspace       used 131902K, committed 134208K, reserved 1179648K
  class space    used 18623K, committed 19712K, reserved 1048576K
}
Event: 1539.243 GC heap before
{Heap before GC invocations=59 (full 0):
 garbage-first heap   total 266240K, used 242692K [0x0000000080000000, 0x0000000100000000)
  region size 1024K, 90 young (92160K), 3 survivors (3072K)
 Metaspace       used 142310K, committed 144768K, reserved 1179648K
  class space    used 20363K, committed 21568K, reserved 1048576K
}
Event: 1539.253 GC heap after
{Heap after GC invocations=60 (full 0):
 garbage-first heap   total 266240K, used 146672K [0x0000000080000000, 0x0000000100000000)
  region size 1024K, 4 young (4096K), 4 survivors (4096K)
 Metaspace       used 142310K, committed 144768K, reserved 1179648K
  class space    used 20363K, committed 21568K, reserved 1048576K
}
Event: 1540.106 GC heap before
{Heap before GC invocations=60 (full 0):
 garbage-first heap   total 266240K, used 200944K [0x0000000080000000, 0x0000000100000000)
  region size 1024K, 59 young (60416K), 4 survivors (4096K)
 Metaspace       used 146774K, committed 149184K, reserved 1179648K
  class space    used 21054K, committed 22208K, reserved 1048576K
}
Event: 1540.111 GC heap after
{Heap after GC invocations=61 (full 0):
 garbage-first heap   total 266240K, used 149379K [0x0000000080000000, 0x0000000100000000)
  region size 1024K, 7 young (7168K), 7 survivors (7168K)
 Metaspace       used 146774K, committed 149184K, reserved 1179648K
  class space    used 21054K, committed 22208K, reserved 1048576K
}
Event: 1866.979 GC heap before
{Heap before GC invocations=62 (full 0):
 garbage-first heap   total 314368K, used 279427K [0x0000000080000000, 0x0000000100000000)
  region size 1024K, 97 young (99328K), 7 survivors (7168K)
 Metaspace       used 147300K, committed 149696K, reserved 1179648K
  class space    used 21101K, committed 22272K, reserved 1048576K
}
Event: 1866.990 GC heap after
{Heap after GC invocations=63 (full 0):
 garbage-first heap   total 314368K, used 155888K [0x0000000080000000, 0x0000000100000000)
  region size 1024K, 13 young (13312K), 13 survivors (13312K)
 Metaspace       used 147300K, committed 149696K, reserved 1179648K
  class space    used 21101K, committed 22272K, reserved 1048576K
}
Event: 1989.357 GC heap before
{Heap before GC invocations=63 (full 0):
 garbage-first heap   total 314368K, used 282864K [0x0000000080000000, 0x0000000100000000)
  region size 1024K, 138 young (141312K), 13 survivors (13312K)
 Metaspace       used 147626K, committed 150016K, reserved 1179648K
  class space    used 21114K, committed 22272K, reserved 1048576K
}
Event: 1989.365 GC heap after
{Heap after GC invocations=64 (full 0):
 garbage-first heap   total 314368K, used 150650K [0x0000000080000000, 0x0000000100000000)
  region size 1024K, 4 young (4096K), 4 survivors (4096K)
 Metaspace       used 147626K, committed 150016K, reserved 1179648K
  class space    used 21114K, committed 22272K, reserved 1048576K
}
Event: 1990.613 GC heap before
{Heap before GC invocations=64 (full 0):
 garbage-first heap   total 314368K, used 291962K [0x0000000080000000, 0x0000000100000000)
  region size 1024K, 143 young (146432K), 4 survivors (4096K)
 Metaspace       used 149606K, committed 152064K, reserved 1179648K
  class space    used 21287K, committed 22464K, reserved 1048576K
}
Event: 1990.629 GC heap after
{Heap after GC invocations=65 (full 0):
 garbage-first heap   total 319488K, used 172388K [0x0000000080000000, 0x0000000100000000)
  region size 1024K, 18 young (18432K), 18 survivors (18432K)
 Metaspace       used 149606K, committed 152064K, reserved 1179648K
  class space    used 21287K, committed 22464K, reserved 1048576K
}
Event: 1991.519 GC heap before
{Heap before GC invocations=66 (full 0):
 garbage-first heap   total 319488K, used 289124K [0x0000000080000000, 0x0000000100000000)
  region size 1024K, 126 young (129024K), 18 survivors (18432K)
 Metaspace       used 151473K, committed 154048K, reserved 1245184K
  class space    used 21046K, committed 22528K, reserved 1048576K
}
Event: 1991.533 GC heap after
{Heap after GC invocations=67 (full 0):
 garbage-first heap   total 320512K, used 183808K [0x0000000080000000, 0x0000000100000000)
  region size 1024K, 10 young (10240K), 10 survivors (10240K)
 Metaspace       used 151473K, committed 154048K, reserved 1245184K
  class space    used 21046K, committed 22528K, reserved 1048576K
}
Event: 1992.148 GC heap before
{Heap before GC invocations=67 (full 0):
 garbage-first heap   total 320512K, used 289280K [0x0000000080000000, 0x0000000100000000)
  region size 1024K, 114 young (116736K), 10 survivors (10240K)
 Metaspace       used 154154K, committed 156032K, reserved 1245184K
  class space    used 21386K, committed 22528K, reserved 1048576K
}
Event: 1992.162 GC heap after
{Heap after GC invocations=68 (full 0):
 garbage-first heap   total 320512K, used 175769K [0x0000000080000000, 0x0000000100000000)
  region size 1024K, 6 young (6144K), 6 survivors (6144K)
 Metaspace       used 154154K, committed 156032K, reserved 1245184K
  class space    used 21386K, committed 22528K, reserved 1048576K
}
Event: 1992.260 GC heap before
{Heap before GC invocations=68 (full 0):
 garbage-first heap   total 320512K, used 195225K [0x0000000080000000, 0x0000000100000000)
  region size 1024K, 27 young (27648K), 6 survivors (6144K)
 Metaspace       used 154484K, committed 156288K, reserved 1245184K
  class space    used 21411K, committed 22528K, reserved 1048576K
}
Event: 1992.263 GC heap after
{Heap after GC invocations=69 (full 0):
 garbage-first heap   total 320512K, used 173539K [0x0000000080000000, 0x0000000100000000)
  region size 1024K, 4 young (4096K), 4 survivors (4096K)
 Metaspace       used 154484K, committed 156288K, reserved 1245184K
  class space    used 21411K, committed 22528K, reserved 1048576K
}

Dll operation events (3 events):
Event: 0.010 Loaded shared library C:\Program Files\Android\Android Studio2\jbr\bin\java.dll
Event: 0.016 Loaded shared library C:\Program Files\Android\Android Studio2\jbr\bin\zip.dll
Event: 0.672 Loaded shared library C:\Program Files\Android\Android Studio2\jbr\bin\verify.dll

Deoptimization events (20 events):
Event: 1992.421 Thread 0x0000026f486575e0 DEOPT PACKING pc=0x0000026f2a89dcd8 sp=0x000000d0044fddb0
Event: 1992.422 Thread 0x0000026f486575e0 DEOPT UNPACKING pc=0x0000026f29e37da2 sp=0x000000d0044fdd68 mode 2
Event: 1992.422 Thread 0x0000026f486575e0 Uncommon trap: trap_request=0xffffffde fr.pc=0x0000026f2aabd838 relative=0x0000000000000338
Event: 1992.422 Thread 0x0000026f486575e0 Uncommon trap: reason=class_check action=maybe_recompile pc=0x0000026f2aabd838 method=org.gradle.tooling.internal.provider.runner.ClientBuildEventGenerator.progress(Lorg/gradle/internal/operations/OperationIdentifier;Lorg/gradle/internal/operations/Operat
Event: 1992.422 Thread 0x0000026f486575e0 DEOPT PACKING pc=0x0000026f2aabd838 sp=0x000000d0044fdc50
Event: 1992.422 Thread 0x0000026f486575e0 DEOPT UNPACKING pc=0x0000026f29e37da2 sp=0x000000d0044fdbf0 mode 2
Event: 1992.422 Thread 0x0000026f486575e0 Uncommon trap: trap_request=0xffffffde fr.pc=0x0000026f2aabd838 relative=0x0000000000000338
Event: 1992.422 Thread 0x0000026f486575e0 Uncommon trap: reason=class_check action=maybe_recompile pc=0x0000026f2aabd838 method=org.gradle.tooling.internal.provider.runner.ClientBuildEventGenerator.progress(Lorg/gradle/internal/operations/OperationIdentifier;Lorg/gradle/internal/operations/Operat
Event: 1992.422 Thread 0x0000026f486575e0 DEOPT PACKING pc=0x0000026f2aabd838 sp=0x000000d0044fdc50
Event: 1992.422 Thread 0x0000026f486575e0 DEOPT UNPACKING pc=0x0000026f29e37da2 sp=0x000000d0044fdbf0 mode 2
Event: 1992.422 Thread 0x0000026f486575e0 Uncommon trap: trap_request=0xffffffde fr.pc=0x0000026f2aabd838 relative=0x0000000000000338
Event: 1992.422 Thread 0x0000026f486575e0 Uncommon trap: reason=class_check action=maybe_recompile pc=0x0000026f2aabd838 method=org.gradle.tooling.internal.provider.runner.ClientBuildEventGenerator.progress(Lorg/gradle/internal/operations/OperationIdentifier;Lorg/gradle/internal/operations/Operat
Event: 1992.422 Thread 0x0000026f486575e0 DEOPT PACKING pc=0x0000026f2aabd838 sp=0x000000d0044fdc50
Event: 1992.422 Thread 0x0000026f486575e0 DEOPT UNPACKING pc=0x0000026f29e37da2 sp=0x000000d0044fdbf0 mode 2
Event: 1992.557 Thread 0x0000026f48658990 DEOPT PACKING pc=0x0000026f22a77041 sp=0x000000d0045fd900
Event: 1992.557 Thread 0x0000026f48658990 DEOPT UNPACKING pc=0x0000026f29e388e2 sp=0x000000d0045fce68 mode 0
Event: 1992.561 Thread 0x0000026f48658990 DEOPT PACKING pc=0x0000026f22a77041 sp=0x000000d0045fd900
Event: 1992.561 Thread 0x0000026f48658990 DEOPT UNPACKING pc=0x0000026f29e388e2 sp=0x000000d0045fce68 mode 0
Event: 1992.563 Thread 0x0000026f48658990 DEOPT PACKING pc=0x0000026f22a77041 sp=0x000000d0045fd900
Event: 1992.563 Thread 0x0000026f48658990 DEOPT UNPACKING pc=0x0000026f29e388e2 sp=0x000000d0045fce68 mode 0

Classes loaded (20 events):
Event: 1991.877 Loading class java/util/TreeMap$DescendingSubMap
Event: 1991.877 Loading class java/util/TreeMap$NavigableSubMap
Event: 1991.878 Loading class java/util/TreeMap$NavigableSubMap done
Event: 1991.878 Loading class java/util/TreeMap$DescendingSubMap done
Event: 1991.878 Loading class java/util/TreeMap$DescendingSubMap$DescendingEntrySetView
Event: 1991.878 Loading class java/util/TreeMap$NavigableSubMap$EntrySetView
Event: 1991.878 Loading class java/util/TreeMap$NavigableSubMap$EntrySetView done
Event: 1991.878 Loading class java/util/TreeMap$DescendingSubMap$DescendingEntrySetView done
Event: 1991.878 Loading class java/util/TreeMap$NavigableSubMap$DescendingSubMapEntryIterator
Event: 1991.878 Loading class java/util/TreeMap$NavigableSubMap$SubMapIterator
Event: 1991.878 Loading class java/util/TreeMap$NavigableSubMap$SubMapIterator done
Event: 1991.878 Loading class java/util/TreeMap$NavigableSubMap$DescendingSubMapEntryIterator done
Event: 1991.883 Loading class com/sun/org/apache/xerces/internal/dom/DeepNodeListImpl
Event: 1991.883 Loading class com/sun/org/apache/xerces/internal/dom/DeepNodeListImpl done
Event: 1992.179 Loading class java/nio/channels/Channels$WritableByteChannelImpl
Event: 1992.179 Loading class java/nio/channels/Channels$WritableByteChannelImpl done
Event: 1992.180 Loading class java/util/Collections$UnmodifiableSortedMap
Event: 1992.180 Loading class java/util/Collections$UnmodifiableSortedMap done
Event: 1992.183 Loading class java/nio/StringCharBuffer
Event: 1992.183 Loading class java/nio/StringCharBuffer done

Classes unloaded (20 events):
Event: 1990.759 Thread 0x0000026f36e33900 Unloading class 0x00000001001bcc00 'java/lang/invoke/LambdaForm$MH+0x00000001001bcc00'
Event: 1990.759 Thread 0x0000026f36e33900 Unloading class 0x00000001001bc800 'java/lang/invoke/LambdaForm$MH+0x00000001001bc800'
Event: 1990.759 Thread 0x0000026f36e33900 Unloading class 0x00000001001b5000 'java/lang/invoke/LambdaForm$MH+0x00000001001b5000'
Event: 1990.759 Thread 0x0000026f36e33900 Unloading class 0x00000001001b4c00 'java/lang/invoke/LambdaForm$MH+0x00000001001b4c00'
Event: 1990.759 Thread 0x0000026f36e33900 Unloading class 0x00000001001b4800 'java/lang/invoke/LambdaForm$MH+0x00000001001b4800'
Event: 1990.759 Thread 0x0000026f36e33900 Unloading class 0x00000001001b4400 'java/lang/invoke/LambdaForm$MH+0x00000001001b4400'
Event: 1990.759 Thread 0x0000026f36e33900 Unloading class 0x00000001001b4000 'java/lang/invoke/LambdaForm$BMH+0x00000001001b4000'
Event: 1990.759 Thread 0x0000026f36e33900 Unloading class 0x0000000100185000 'java/lang/invoke/LambdaForm$MH+0x0000000100185000'
Event: 1990.759 Thread 0x0000026f36e33900 Unloading class 0x0000000100184c00 'java/lang/invoke/LambdaForm$MH+0x0000000100184c00'
Event: 1990.759 Thread 0x0000026f36e33900 Unloading class 0x0000000100184800 'java/lang/invoke/LambdaForm$MH+0x0000000100184800'
Event: 1990.759 Thread 0x0000026f36e33900 Unloading class 0x000000010012dc00 'java/lang/invoke/LambdaForm$MH+0x000000010012dc00'
Event: 1990.759 Thread 0x0000026f36e33900 Unloading class 0x000000010012d800 'java/lang/invoke/LambdaForm$MH+0x000000010012d800'
Event: 1990.759 Thread 0x0000026f36e33900 Unloading class 0x000000010012c000 'java/lang/invoke/LambdaForm$MH+0x000000010012c000'
Event: 1990.759 Thread 0x0000026f36e33900 Unloading class 0x0000000100100c00 'java/lang/invoke/LambdaForm$MH+0x0000000100100c00'
Event: 1990.759 Thread 0x0000026f36e33900 Unloading class 0x0000000100100800 'java/lang/invoke/LambdaForm$MH+0x0000000100100800'
Event: 1990.759 Thread 0x0000026f36e33900 Unloading class 0x0000000100100000 'java/lang/invoke/LambdaForm$MH+0x0000000100100000'
Event: 1990.759 Thread 0x0000026f36e33900 Unloading class 0x00000001000c1800 'java/lang/invoke/LambdaForm$MH+0x00000001000c1800'
Event: 1990.759 Thread 0x0000026f36e33900 Unloading class 0x00000001000c1400 'java/lang/invoke/LambdaForm$MH+0x00000001000c1400'
Event: 1990.759 Thread 0x0000026f36e33900 Unloading class 0x00000001000c1000 'java/lang/invoke/LambdaForm$MH+0x00000001000c1000'
Event: 1990.759 Thread 0x0000026f36e33900 Unloading class 0x00000001000c0800 'java/lang/invoke/LambdaForm$MH+0x00000001000c0800'

Classes redefined (0 events):
No events

Internal exceptions (20 events):
Event: 1992.393 Thread 0x0000026f48659d40 Exception <a 'sun/nio/fs/WindowsException'{0x00000000925c8508}> (0x00000000925c8508) 
thrown [s\src\hotspot\share\prims\jni.cpp, line 537]
Event: 1992.396 Thread 0x0000026f48658300 Exception <a 'sun/nio/fs/WindowsException'{0x00000000925d66d8}> (0x00000000925d66d8) 
thrown [s\src\hotspot\share\prims\jni.cpp, line 537]
Event: 1992.398 Thread 0x0000026f48658300 Exception <a 'sun/nio/fs/WindowsException'{0x00000000925d9d48}> (0x00000000925d9d48) 
thrown [s\src\hotspot\share\prims\jni.cpp, line 537]
Event: 1992.404 Thread 0x0000026f48651370 Exception <a 'sun/nio/fs/WindowsException'{0x0000000092baa920}> (0x0000000092baa920) 
thrown [s\src\hotspot\share\prims\jni.cpp, line 537]
Event: 1992.409 Thread 0x0000026f40df5970 Exception <a 'sun/nio/fs/WindowsException'{0x0000000092897ad0}> (0x0000000092897ad0) 
thrown [s\src\hotspot\share\prims\jni.cpp, line 537]
Event: 1992.414 Thread 0x0000026f48655ba0 Exception <a 'sun/nio/fs/WindowsException'{0x0000000092557a10}> (0x0000000092557a10) 
thrown [s\src\hotspot\share\prims\jni.cpp, line 537]
Event: 1992.548 Thread 0x0000026f40df24f0 Exception <a 'sun/nio/fs/WindowsException'{0x0000000094479530}> (0x0000000094479530) 
thrown [s\src\hotspot\share\prims\jni.cpp, line 537]
Event: 1992.548 Thread 0x0000026f40df24f0 Exception <a 'sun/nio/fs/WindowsException'{0x000000009447a4a0}> (0x000000009447a4a0) 
thrown [s\src\hotspot\share\prims\jni.cpp, line 537]
Event: 1992.548 Thread 0x0000026f40df24f0 Exception <a 'sun/nio/fs/WindowsException'{0x000000009447a658}> (0x000000009447a658) 
thrown [s\src\hotspot\share\prims\jni.cpp, line 537]
Event: 1992.549 Thread 0x0000026f40df24f0 Exception <a 'sun/nio/fs/WindowsException'{0x000000009447b838}> (0x000000009447b838) 
thrown [s\src\hotspot\share\prims\jni.cpp, line 537]
Event: 1992.549 Thread 0x0000026f40df24f0 Exception <a 'sun/nio/fs/WindowsException'{0x000000009447c790}> (0x000000009447c790) 
thrown [s\src\hotspot\share\prims\jni.cpp, line 537]
Event: 1992.549 Thread 0x0000026f40df24f0 Exception <a 'sun/nio/fs/WindowsException'{0x000000009447c930}> (0x000000009447c930) 
thrown [s\src\hotspot\share\prims\jni.cpp, line 537]
Event: 1992.549 Thread 0x0000026f40df24f0 Exception <a 'sun/nio/fs/WindowsException'{0x000000009447dac0}> (0x000000009447dac0) 
thrown [s\src\hotspot\share\prims\jni.cpp, line 537]
Event: 1992.549 Thread 0x0000026f40df24f0 Exception <a 'sun/nio/fs/WindowsException'{0x000000009447ea28}> (0x000000009447ea28) 
thrown [s\src\hotspot\share\prims\jni.cpp, line 537]
Event: 1992.549 Thread 0x0000026f40df24f0 Exception <a 'sun/nio/fs/WindowsException'{0x000000009447ebd8}> (0x000000009447ebd8) 
thrown [s\src\hotspot\share\prims\jni.cpp, line 537]
Event: 1992.549 Thread 0x0000026f40df24f0 Exception <a 'sun/nio/fs/WindowsException'{0x000000009447fd08}> (0x000000009447fd08) 
thrown [s\src\hotspot\share\prims\jni.cpp, line 537]
Event: 1992.549 Thread 0x0000026f40df24f0 Exception <a 'sun/nio/fs/WindowsException'{0x0000000094480c40}> (0x0000000094480c40) 
thrown [s\src\hotspot\share\prims\jni.cpp, line 537]
Event: 1992.549 Thread 0x0000026f40df24f0 Exception <a 'sun/nio/fs/WindowsException'{0x0000000094480dc0}> (0x0000000094480dc0) 
thrown [s\src\hotspot\share\prims\jni.cpp, line 537]
Event: 1992.549 Thread 0x0000026f40df24f0 Exception <a 'sun/nio/fs/WindowsException'{0x0000000094481f18}> (0x0000000094481f18) 
thrown [s\src\hotspot\share\prims\jni.cpp, line 537]
Event: 1992.563 Thread 0x0000026f40df24f0 Exception <a 'java/lang/NoSuchMethodError'{0x00000000940faf40}: static Lcom/android/builder/internal/aapt/AaptOptions;.<clinit>()V> (0x00000000940faf40) 
thrown [s\src\hotspot\share\prims\jni.cpp, line 1144]

ZGC Phase Switch (0 events):
No events

VM Operations (20 events):
Event: 1991.812 Executing VM operation: ICBufferFull
Event: 1991.812 Executing VM operation: ICBufferFull done
Event: 1991.870 Executing VM operation: HandshakeAllThreads (Deoptimize)
Event: 1991.871 Executing VM operation: HandshakeAllThreads (Deoptimize) done
Event: 1991.944 Executing VM operation: HandshakeAllThreads (Deoptimize)
Event: 1991.944 Executing VM operation: HandshakeAllThreads (Deoptimize) done
Event: 1991.947 Executing VM operation: HandshakeAllThreads (Deoptimize)
Event: 1991.947 Executing VM operation: HandshakeAllThreads (Deoptimize) done
Event: 1992.125 Executing VM operation: ICBufferFull
Event: 1992.125 Executing VM operation: ICBufferFull done
Event: 1992.148 Executing VM operation: G1CollectForAllocation (G1 Evacuation Pause)
Event: 1992.162 Executing VM operation: G1CollectForAllocation (G1 Evacuation Pause) done
Event: 1992.182 Executing VM operation: HandshakeAllThreads (Deoptimize)
Event: 1992.182 Executing VM operation: HandshakeAllThreads (Deoptimize) done
Event: 1992.260 Executing VM operation: G1TryInitiateConcMark (G1 Humongous Allocation)
Event: 1992.263 Executing VM operation: G1TryInitiateConcMark (G1 Humongous Allocation) done
Event: 1992.379 Executing VM operation: G1PauseRemark
Event: 1992.388 Executing VM operation: G1PauseRemark done
Event: 1992.466 Executing VM operation: G1PauseCleanup
Event: 1992.466 Executing VM operation: G1PauseCleanup done

Memory protections (0 events):
No events

Nmethod flushes (20 events):
Event: 1992.386 Thread 0x0000026f36e33900 flushing  nmethod 0x0000026f2403e610
Event: 1992.386 Thread 0x0000026f36e33900 flushing  nmethod 0x0000026f2403ea90
Event: 1992.386 Thread 0x0000026f36e33900 flushing  nmethod 0x0000026f2403f790
Event: 1992.386 Thread 0x0000026f36e33900 flushing  nmethod 0x0000026f2403fb10
Event: 1992.386 Thread 0x0000026f36e33900 flushing  nmethod 0x0000026f24088090
Event: 1992.386 Thread 0x0000026f36e33900 flushing  nmethod 0x0000026f2408b990
Event: 1992.386 Thread 0x0000026f36e33900 flushing  nmethod 0x0000026f240c4090
Event: 1992.386 Thread 0x0000026f36e33900 flushing  nmethod 0x0000026f240c4590
Event: 1992.386 Thread 0x0000026f36e33900 flushing  nmethod 0x0000026f240c4c10
Event: 1992.386 Thread 0x0000026f36e33900 flushing  nmethod 0x0000026f240c6690
Event: 1992.386 Thread 0x0000026f36e33900 flushing  nmethod 0x0000026f240c7d10
Event: 1992.386 Thread 0x0000026f36e33900 flushing  nmethod 0x0000026f240cf590
Event: 1992.386 Thread 0x0000026f36e33900 flushing  nmethod 0x0000026f2425c710
Event: 1992.386 Thread 0x0000026f36e33900 flushing  nmethod 0x0000026f2425d210
Event: 1992.386 Thread 0x0000026f36e33900 flushing  nmethod 0x0000026f24262690
Event: 1992.386 Thread 0x0000026f36e33900 flushing  nmethod 0x0000026f245a6b10
Event: 1992.386 Thread 0x0000026f36e33900 flushing  nmethod 0x0000026f245a8390
Event: 1992.386 Thread 0x0000026f36e33900 flushing  nmethod 0x0000026f245a8e10
Event: 1992.386 Thread 0x0000026f36e33900 flushing  nmethod 0x0000026f245a9690
Event: 1992.386 Thread 0x0000026f36e33900 flushing  nmethod 0x0000026f245a9a90

Events (20 events):
Event: 1991.963 Thread 0x0000026f40df24f0 Thread added: 0x0000026f41bd1400
Event: 1991.963 Thread 0x0000026f40df24f0 Thread added: 0x0000026f41bce610
Event: 1991.997 Thread 0x0000026f40df24f0 Thread added: 0x0000026f41bcf330
Event: 1991.997 Thread 0x0000026f40df24f0 Thread added: 0x0000026f41bd4880
Event: 1991.997 Thread 0x0000026f40df24f0 Thread added: 0x0000026f41bcf9c0
Event: 1991.997 Thread 0x0000026f40df24f0 Thread added: 0x0000026f41bd0050
Event: 1991.997 Thread 0x0000026f40df24f0 Thread added: 0x0000026f41bd06e0
Event: 1991.997 Thread 0x0000026f40df24f0 Thread added: 0x0000026f41bcd8f0
Event: 1991.998 Thread 0x0000026f40df24f0 Thread added: 0x0000026f41bd4f10
Event: 1992.066 Thread 0x0000026f40df1e60 Thread added: 0x0000026f41bd0d70
Event: 1992.067 Thread 0x0000026f40df1e60 Thread added: 0x0000026f41bd1a90
Event: 1992.067 Thread 0x0000026f40df1e60 Thread added: 0x0000026f41bd2120
Event: 1992.067 Thread 0x0000026f40df1e60 Thread added: 0x0000026f41bd2e40
Event: 1992.067 Thread 0x0000026f40df1e60 Thread added: 0x0000026f41bd34d0
Event: 1992.067 Thread 0x0000026f40df1e60 Thread added: 0x0000026f41bd3b60
Event: 1992.067 Thread 0x0000026f40df1e60 Thread added: 0x0000026f41bd27b0
Event: 1992.188 Thread 0x0000026f40df0420 Thread added: 0x0000026f3ff40750
Event: 1992.188 Thread 0x0000026f40df0420 Thread added: 0x0000026f3ff40de0
Event: 1992.188 Thread 0x0000026f40df0420 Thread added: 0x0000026f3ff44f80
Event: 1992.188 Thread 0x0000026f40df0420 Thread added: 0x0000026f3ff47d70


Dynamic libraries:
0x00007ff7e1400000 - 0x00007ff7e140a000 	C:\Program Files\Android\Android Studio2\jbr\bin\java.exe
0x00007ff84cdb0000 - 0x00007ff84cfc8000 	C:\WINDOWS\SYSTEM32\ntdll.dll
0x00007ff84bc80000 - 0x00007ff84bd44000 	C:\WINDOWS\System32\KERNEL32.DLL
0x00007ff84a580000 - 0x00007ff84a953000 	C:\WINDOWS\System32\KERNELBASE.dll
0x00007ff849ec0000 - 0x00007ff849fd1000 	C:\WINDOWS\System32\ucrtbase.dll
0x00007ff83f6d0000 - 0x00007ff83f6eb000 	C:\Program Files\Android\Android Studio2\jbr\bin\VCRUNTIME140.dll
0x00007ff8278c0000 - 0x00007ff8278d8000 	C:\Program Files\Android\Android Studio2\jbr\bin\jli.dll
0x00007ff84ae90000 - 0x00007ff84b042000 	C:\WINDOWS\System32\USER32.dll
0x00007ff82f530000 - 0x00007ff82f7cc000 	C:\WINDOWS\WinSxS\amd64_microsoft.windows.common-controls_6595b64144ccf1df_6.0.22621.6060_none_2712eda17382d24b\COMCTL32.dll
0x00007ff84a060000 - 0x00007ff84a086000 	C:\WINDOWS\System32\win32u.dll
0x00007ff84c660000 - 0x00007ff84c707000 	C:\WINDOWS\System32\msvcrt.dll
0x00007ff84b160000 - 0x00007ff84b189000 	C:\WINDOWS\System32\GDI32.dll
0x00007ff84a090000 - 0x00007ff84a1ab000 	C:\WINDOWS\System32\gdi32full.dll
0x00007ff84a1b0000 - 0x00007ff84a24a000 	C:\WINDOWS\System32\msvcp_win.dll
0x00007ff84adf0000 - 0x00007ff84ae21000 	C:\WINDOWS\System32\IMM32.DLL
0x00007ff841f20000 - 0x00007ff841f2c000 	C:\Program Files\Android\Android Studio2\jbr\bin\vcruntime140_1.dll
0x00007ff805b30000 - 0x00007ff805bbd000 	C:\Program Files\Android\Android Studio2\jbr\bin\msvcp140.dll
0x00007fffea910000 - 0x00007fffeb5a6000 	C:\Program Files\Android\Android Studio2\jbr\bin\server\jvm.dll
0x00007ff84c710000 - 0x00007ff84c7c1000 	C:\WINDOWS\System32\ADVAPI32.dll
0x00007ff84bbd0000 - 0x00007ff84bc78000 	C:\WINDOWS\System32\sechost.dll
0x00007ff84aa20000 - 0x00007ff84aa48000 	C:\WINDOWS\System32\bcrypt.dll
0x00007ff84b610000 - 0x00007ff84b728000 	C:\WINDOWS\System32\RPCRT4.dll
0x00007ff84cbb0000 - 0x00007ff84cc21000 	C:\WINDOWS\System32\WS2_32.dll
0x00007ff841e10000 - 0x00007ff841e44000 	C:\WINDOWS\SYSTEM32\WINMM.dll
0x00007ff841bd0000 - 0x00007ff841bda000 	C:\WINDOWS\SYSTEM32\VERSION.dll
0x00007ff848cd0000 - 0x00007ff848d1d000 	C:\WINDOWS\SYSTEM32\POWRPROF.dll
0x00007ff848cb0000 - 0x00007ff848cc3000 	C:\WINDOWS\SYSTEM32\UMPDC.dll
0x00007ff848f50000 - 0x00007ff848f68000 	C:\WINDOWS\SYSTEM32\kernel.appcore.dll
0x00007ff841e90000 - 0x00007ff841e9a000 	C:\Program Files\Android\Android Studio2\jbr\bin\jimage.dll
0x00007ff847400000 - 0x00007ff847633000 	C:\WINDOWS\SYSTEM32\DBGHELP.DLL
0x00007ff84aa50000 - 0x00007ff84ade1000 	C:\WINDOWS\System32\combase.dll
0x00007ff84c7d0000 - 0x00007ff84c8a8000 	C:\WINDOWS\System32\OLEAUT32.dll
0x00007ff8218c0000 - 0x00007ff8218f2000 	C:\WINDOWS\SYSTEM32\dbgcore.DLL
0x00007ff849fe0000 - 0x00007ff84a05b000 	C:\WINDOWS\System32\bcryptPrimitives.dll
0x00007ff832140000 - 0x00007ff83214e000 	C:\Program Files\Android\Android Studio2\jbr\bin\instrument.dll
0x00007ff832f50000 - 0x00007ff832f70000 	C:\Program Files\Android\Android Studio2\jbr\bin\java.dll
0x00007ff832e00000 - 0x00007ff832e18000 	C:\Program Files\Android\Android Studio2\jbr\bin\zip.dll
0x00007ff84bd70000 - 0x00007ff84c60c000 	C:\WINDOWS\System32\SHELL32.dll
0x00007ff84a250000 - 0x00007ff84a38f000 	C:\WINDOWS\System32\wintypes.dll
0x00007ff847d80000 - 0x00007ff84869a000 	C:\WINDOWS\SYSTEM32\windows.storage.dll
0x00007ff84b730000 - 0x00007ff84b834000 	C:\WINDOWS\System32\SHCORE.dll
0x00007ff84bb60000 - 0x00007ff84bbc9000 	C:\WINDOWS\System32\shlwapi.dll
0x00007ff849df0000 - 0x00007ff849e15000 	C:\WINDOWS\SYSTEM32\profapi.dll
0x00007ff841e50000 - 0x00007ff841e60000 	C:\Program Files\Android\Android Studio2\jbr\bin\net.dll
0x00007ff843350000 - 0x00007ff84347c000 	C:\WINDOWS\SYSTEM32\WINHTTP.dll
0x00007ff849410000 - 0x00007ff849479000 	C:\WINDOWS\system32\mswsock.dll
0x00007ff832de0000 - 0x00007ff832df6000 	C:\Program Files\Android\Android Studio2\jbr\bin\nio.dll
0x00007ff832f80000 - 0x00007ff832f90000 	C:\Program Files\Android\Android Studio2\jbr\bin\verify.dll
0x00007ff822160000 - 0x00007ff822187000 	C:\Users\DELL\.gradle\native\c067742578af261105cb4f569cf0c3c89f3d7b1fecec35dd04571415982c5e48\windows-amd64\native-platform.dll
0x00007fffff1e0000 - 0x00007fffff324000 	C:\Users\DELL\.gradle\native\100fb08df4bc3b14c8652ba06237920a3bd2aa13389f12d3474272988ae205f9\windows-amd64\native-platform-file-events.dll
0x00007ff83f720000 - 0x00007ff83f729000 	C:\Program Files\Android\Android Studio2\jbr\bin\management.dll
0x00007ff83f6c0000 - 0x00007ff83f6cb000 	C:\Program Files\Android\Android Studio2\jbr\bin\management_ext.dll
0x00007ff84bd60000 - 0x00007ff84bd68000 	C:\WINDOWS\System32\PSAPI.DLL
0x00007ff849760000 - 0x00007ff84977b000 	C:\WINDOWS\SYSTEM32\CRYPTSP.dll
0x00007ff848eb0000 - 0x00007ff848ee7000 	C:\WINDOWS\system32\rsaenh.dll
0x00007ff8494b0000 - 0x00007ff8494d8000 	C:\WINDOWS\SYSTEM32\USERENV.dll
0x00007ff849740000 - 0x00007ff84974c000 	C:\WINDOWS\SYSTEM32\CRYPTBASE.dll
0x00007ff848970000 - 0x00007ff84899d000 	C:\WINDOWS\SYSTEM32\IPHLPAPI.DLL
0x00007ff84bd50000 - 0x00007ff84bd59000 	C:\WINDOWS\System32\NSI.dll
0x00007ff83f9b0000 - 0x00007ff83f9b9000 	C:\Program Files\Android\Android Studio2\jbr\bin\extnet.dll
0x00007ff8418a0000 - 0x00007ff8418a8000 	C:\WINDOWS\system32\wshunix.dll
0x00007ff8245d0000 - 0x00007ff8245e7000 	C:\WINDOWS\system32\napinsp.dll
0x00007ff8245b0000 - 0x00007ff8245cb000 	C:\WINDOWS\system32\pnrpnsp.dll
0x00007ff8489a0000 - 0x00007ff848a98000 	C:\WINDOWS\SYSTEM32\DNSAPI.dll
0x00007ff824590000 - 0x00007ff8245a1000 	C:\WINDOWS\System32\winrnr.dll
0x00007ff841830000 - 0x00007ff841845000 	C:\WINDOWS\system32\wshbth.dll
0x00007ff824560000 - 0x00007ff824581000 	C:\WINDOWS\system32\nlansp_c.dll
0x00007ff8431f0000 - 0x00007ff8431fa000 	C:\Windows\System32\rasadhlp.dll
0x00007ff841950000 - 0x00007ff8419d4000 	C:\WINDOWS\System32\fwpuclnt.dll
0x00007ff843120000 - 0x00007ff843127000 	C:\Program Files\Android\Android Studio2\jbr\bin\rmi.dll
0x00007ff849060000 - 0x00007ff849094000 	C:\WINDOWS\SYSTEM32\ntmarta.dll

JVMTI agents:
C:\Users\DELL\.gradle\wrapper\dists\gradle-8.11.1-bin\bpt9gzteqjrbo1mjrsomdt32c\gradle-8.11.1\lib\agents\gradle-instrumentation-agent-8.11.1.jar path:C:\Program Files\Android\Android Studio2\jbr\bin\instrument.dll, loaded, initialized, instrumentlib options:none

dbghelp: loaded successfully - version: 4.0.5 - missing functions: none
symbol engine: initialized successfully - sym options: 0x614 - pdb path: .;C:\Program Files\Android\Android Studio2\jbr\bin;C:\WINDOWS\SYSTEM32;C:\WINDOWS\WinSxS\amd64_microsoft.windows.common-controls_6595b64144ccf1df_6.0.22621.6060_none_2712eda17382d24b;C:\Program Files\Android\Android Studio2\jbr\bin\server;C:\Users\DELL\.gradle\native\c067742578af261105cb4f569cf0c3c89f3d7b1fecec35dd04571415982c5e48\windows-amd64;C:\Users\DELL\.gradle\native\100fb08df4bc3b14c8652ba06237920a3bd2aa13389f12d3474272988ae205f9\windows-amd64

VM Arguments:
jvm_args: --add-opens=java.base/java.lang=ALL-UNNAMED --add-opens=java.base/java.lang.invoke=ALL-UNNAMED --add-opens=java.base/java.util=ALL-UNNAMED --add-opens=java.prefs/java.util.prefs=ALL-UNNAMED --add-exports=jdk.compiler/com.sun.tools.javac.api=ALL-UNNAMED --add-exports=jdk.compiler/com.sun.tools.javac.util=ALL-UNNAMED --add-opens=java.base/java.util=ALL-UNNAMED --add-opens=java.prefs/java.util.prefs=ALL-UNNAMED --add-opens=java.base/java.nio.charset=ALL-UNNAMED --add-opens=java.base/java.net=ALL-UNNAMED --add-opens=java.base/java.util.concurrent.atomic=ALL-UNNAMED --add-opens=java.xml/javax.xml.namespace=ALL-UNNAMED -Xmx2048m -Dfile.encoding=UTF-8 -Duser.country=US -Duser.language=en -Duser.variant -javaagent:C:\Users\DELL\.gradle\wrapper\dists\gradle-8.11.1-bin\bpt9gzteqjrbo1mjrsomdt32c\gradle-8.11.1\lib\agents\gradle-instrumentation-agent-8.11.1.jar 
java_command: org.gradle.launcher.daemon.bootstrap.GradleDaemon 8.11.1
java_class_path (initial): C:\Users\DELL\.gradle\wrapper\dists\gradle-8.11.1-bin\bpt9gzteqjrbo1mjrsomdt32c\gradle-8.11.1\lib\gradle-daemon-main-8.11.1.jar
Launcher Type: SUN_STANDARD

[Global flags]
     intx CICompilerCount                          = 4                                         {product} {ergonomic}
     uint ConcGCThreads                            = 2                                         {product} {ergonomic}
     uint G1ConcRefinementThreads                  = 8                                         {product} {ergonomic}
   size_t G1HeapRegionSize                         = 1048576                                   {product} {ergonomic}
    uintx GCDrainStackTargetSize                   = 64                                        {product} {ergonomic}
   size_t InitialHeapSize                          = 264241152                                 {product} {ergonomic}
   size_t MarkStackSize                            = 4194304                                   {product} {ergonomic}
   size_t MaxHeapSize                              = 2147483648                                {product} {command line}
   size_t MaxNewSize                               = 1287651328                                {product} {ergonomic}
   size_t MinHeapDeltaBytes                        = 1048576                                   {product} {ergonomic}
   size_t MinHeapSize                              = 8388608                                   {product} {ergonomic}
    uintx NonNMethodCodeHeapSize                   = 5839372                                {pd product} {ergonomic}
    uintx NonProfiledCodeHeapSize                  = 122909434                              {pd product} {ergonomic}
    uintx ProfiledCodeHeapSize                     = 122909434                              {pd product} {ergonomic}
    uintx ReservedCodeCacheSize                    = 251658240                              {pd product} {ergonomic}
     bool SegmentedCodeCache                       = true                                      {product} {ergonomic}
   size_t SoftMaxHeapSize                          = 2147483648                             {manageable} {ergonomic}
     bool UseCompressedOops                        = true                           {product lp64_product} {ergonomic}
     bool UseG1GC                                  = true                                      {product} {ergonomic}
     bool UseLargePagesIndividualAllocation        = false                                  {pd product} {ergonomic}

Logging:
Log output configuration:
 #0: stdout all=warning uptime,level,tags foldmultilines=false
 #1: stderr all=off uptime,level,tags foldmultilines=false

Environment Variables:
JAVA_HOME=C:\Program Files\Java\jdk-21\bin
PATH=C:\Program Files (x86)\VMware\VMware Workstation\bin\;C:\Program Files\Common Files\Oracle\Java\javapath;C:\WINDOWS\system32;C:\WINDOWS;C:\WINDOWS\System32\Wbem;C:\WINDOWS\System32\WindowsPowerShell\v1.0\;C:\WINDOWS\System32\OpenSSH\;C:\Program Files\Java\jdk-21\bin;C:\Program Files\Git\cmd;C:\Program Files\nodejs\;C:\Program Files\Docker\Docker\resources\bin;C:\Program Files\PuTTY\;C:\Program Files (x86)\Microsoft SQL Server\160\Tools\Binn\;C:\Program Files\Microsoft SQL Server\160\Tools\Binn\;C:\Program Files\Microsoft SQL Server\Client SDK\ODBC\170\Tools\Binn\;C:\Program Files\Microsoft SQL Server\160\DTS\Binn\;C:\Program Files\CMake\bin;C:\Program Files\dotnet\;C:\Users\DELL\AppData\Local\Programs\Python\Python313\Scripts\;C:\Users\DELL\AppData\Local\Programs\Python\Python313\;C:\Users\DELL\AppData\Local\Programs\Python\Python312\Scripts\;C:\Users\DELL\AppData\Local\Programs\Python\Python312\;C:\Users\DELL\AppData\Local\Microsoft\WindowsApps;C:\Users\DELL\AppData\Local\Programs\Microsoft VS Code\bin;C:\Users\DELL\AppData\Roaming\npm;C:\Program Files\JetBrains\IntelliJ IDEA 2024.3.2.2\bin;;C:\msys64\ucrt64\bin;;C:\Users\DELL\AppData\Local\Programs\Ollama;C:\Users\DELL\.dotnet\tools
USERNAME=DELL
OS=Windows_NT
PROCESSOR_IDENTIFIER=Intel64 Family 6 Model 140 Stepping 2, GenuineIntel
TMP=C:\Users\DELL\AppData\Local\Temp
TEMP=C:\Users\DELL\AppData\Local\Temp




Periodic native trim disabled

JNI global refs:
JNI global refs: 29, weak refs: 0

JNI global refs memory usage: 835, weak refs: 833

Process memory usage:
Resident Set Size: 766616K (4% of 16513828K total physical memory with 653364K free physical memory)

OOME stack traces (most recent first):
Classloader memory used:
Loader org.gradle.internal.classloader.VisitableURLClassLoader$InstrumentingVisitableURLClassLoader: 60499K
Loader org.gradle.internal.classloader.VisitableURLClassLoader                         : 47533K
Loader bootstrap                                                                       : 31136K
Loader org.gradle.initialization.MixInLegacyTypesClassLoader                           : 13743K
Loader jdk.internal.reflect.DelegatingClassLoader                                      : 793K
Loader jdk.internal.loader.ClassLoaders$PlatformClassLoader                            : 522K
Loader org.gradle.internal.classloader.VisitableURLClassLoader                         : 242K
Loader jdk.internal.loader.ClassLoaders$AppClassLoader                                 : 235K
Loader org.gradle.groovy.scripts.internal.DefaultScriptCompilationHandler$ScriptClassLoader: 135K
Loader org.codehaus.groovy.runtime.callsite.CallSiteClassLoader                        : 27648B
Loader sun.reflect.misc.MethodUtil                                                     : 2984B

Classes loaded by more than one classloader:
Class Program                                                                         : loaded 5 times (x 72B)
Class Build_gradle                                                                    : loaded 3 times (x 130B)
Class Build_gradle$1                                                                  : loaded 3 times (x 74B)
Class com.google.common.collect.RegularImmutableMap$KeySet                            : loaded 2 times (x 150B)
Class org.gradle.internal.classloader.FilteringClassLoader                            : loaded 2 times (x 105B)
Class [Lcom.google.common.collect.MapMakerInternalMap$Segment;                        : loaded 2 times (x 69B)
Class com.google.common.io.FileWriteMode                                              : loaded 2 times (x 79B)
Class [Lcom.google.common.base.AbstractIterator$State;                                : loaded 2 times (x 69B)
Class com.google.common.base.CharMatcher$IsEither                                     : loaded 2 times (x 111B)
Class org.gradle.internal.classloader.ClassLoaderHierarchy                            : loaded 2 times (x 70B)
Class com.google.common.collect.AbstractMapBasedMultimap$WrappedCollection            : loaded 2 times (x 124B)
Class com.google.common.collect.ImmutableEnumSet                                      : loaded 2 times (x 146B)
Class com.google.common.util.concurrent.ExecutionError                                : loaded 2 times (x 82B)
Class com.google.common.collect.ImmutableList$1                                       : loaded 2 times (x 97B)
Class ijJvmDebugger1_858lgih2bb2q0e27cpsinjh49$_run_closure1                          : loaded 2 times (x 139B)
Class org.gradle.api.internal.classpath.ManifestUtil                                  : loaded 2 times (x 71B)
Class com.google.common.collect.RegularImmutableMap                                   : loaded 2 times (x 121B)
Class com.google.common.collect.ImmutableMap$MapViewOfValuesAsSingletonSets           : loaded 2 times (x 125B)
Class com.google.common.collect.TransformedListIterator                               : loaded 2 times (x 93B)
Class com.google.common.reflect.TypeCapture                                           : loaded 2 times (x 71B)
Class [Lorg.objectweb.asm.Symbol;                                                     : loaded 2 times (x 69B)
Class org.objectweb.asm.ClassVisitor                                                  : loaded 2 times (x 88B)
Class com.google.common.collect.UnmodifiableListIterator                              : loaded 2 times (x 95B)
Class com.google.common.collect.MapMakerInternalMap$StrongKeyDummyValueEntry$LinkedStrongKeyDummyValueEntry: loaded 2 times (x 82B)
Class com.google.common.collect.MapMakerInternalMap$Strength                          : loaded 2 times (x 80B)
Class com.google.common.base.Platform$JdkPatternCompiler                              : loaded 2 times (x 75B)
Class org.objectweb.asm.MethodTooLargeException                                       : loaded 2 times (x 83B)
Class [Lcom.google.common.cache.CacheBuilder$OneWeigher;                              : loaded 2 times (x 69B)
Class com.google.common.base.Suppliers                                                : loaded 2 times (x 71B)
Class org.gradle.internal.classloader.DefaultClassLoaderFactory                       : loaded 2 times (x 82B)
Class org.apache.commons.io.file.PathUtils                                            : loaded 2 times (x 71B)
Class [Lcom.google.common.collect.AbstractIterator$State;                             : loaded 2 times (x 69B)
Class com.google.common.base.CharMatcher$None                                         : loaded 2 times (x 112B)
Class org.gradle.internal.classloader.ClassLoaderVisitor                              : loaded 2 times (x 76B)
Class [Lcom.google.common.collect.ImmutableMapEntry;                                  : loaded 2 times (x 69B)
Class org.gradle.api.internal.classpath.EffectiveClassPath                            : loaded 2 times (x 90B)
Class [Lorg.apache.commons.io.StandardLineSeparator;                                  : loaded 2 times (x 69B)
Class org.apache.commons.io.output.StringBuilderWriter                                : loaded 2 times (x 100B)
Class com.google.common.collect.AbstractIterator$1                                    : loaded 2 times (x 71B)
Class com.google.common.collect.ImmutableRangeSet                                     : loaded 2 times (x 115B)
Class com.google.common.collect.ImmutableEnumMap                                      : loaded 2 times (x 125B)
Class com.google.common.collect.ListMultimap                                          : loaded 2 times (x 70B)
Class com.google.common.collect.Iterators$EmptyModifiableIterator                     : loaded 2 times (x 86B)
Class com.google.common.collect.ImmutableSet$SerializedForm                           : loaded 2 times (x 73B)
Class com.google.common.collect.Sets$1                                                : loaded 2 times (x 139B)
Class org.objectweb.asm.AnnotationVisitor                                             : loaded 2 times (x 78B)
Class com.google.common.base.Splitter                                                 : loaded 2 times (x 72B)
Class org.gradle.api.internal.DefaultClassPathProvider                                : loaded 2 times (x 76B)
Class com.google.common.collect.MapMakerInternalMap$Strength$1                        : loaded 2 times (x 80B)
Class com.google.common.collect.Maps$ViewCachingAbstractMap                           : loaded 2 times (x 125B)
Class [Lcom.google.common.base.Function;                                              : loaded 2 times (x 69B)
Class com.google.common.collect.Sets$2                                                : loaded 2 times (x 139B)
Class [Lorg.gradle.api.internal.ClassPathProvider;                                    : loaded 2 times (x 69B)
Class org.gradle.api.internal.ClassPathProvider                                       : loaded 2 times (x 70B)
Class com.google.common.collect.MapMakerInternalMap$Strength$2                        : loaded 2 times (x 80B)
Class com.google.common.reflect.Types$ClassOwnership$1                                : loaded 2 times (x 80B)
Class [Lorg.objectweb.asm.AnnotationVisitor;                                          : loaded 2 times (x 69B)
Class com.google.common.collect.Sets$3                                                : loaded 2 times (x 139B)
Class com.google.common.util.concurrent.AbstractFuture$SafeAtomicHelper               : loaded 2 times (x 79B)
Class com.google.common.cache.LocalCache$LocalLoadingCache                            : loaded 2 times (x 134B)
Class com.google.common.base.AbstractIterator$State                                   : loaded 2 times (x 79B)
Class org.gradle.internal.service.UnknownServiceException                             : loaded 2 times (x 83B)
Class com.google.common.collect.MapMakerInternalMap$StrongValueEntry                  : loaded 2 times (x 70B)
Class com.google.common.reflect.Types$ClassOwnership$2                                : loaded 2 times (x 80B)
Class com.google.common.reflect.TypeResolver                                          : loaded 2 times (x 72B)
Class com.google.common.collect.Sets$4                                                : loaded 2 times (x 139B)
Class org.objectweb.asm.ModuleVisitor                                                 : loaded 2 times (x 81B)
Class com.google.common.cache.LocalCache$Strength$1                                   : loaded 2 times (x 81B)
Class org.apache.commons.io.output.QueueOutputStream                                  : loaded 2 times (x 87B)
Class com.google.common.collect.Collections2$FilteredCollection                       : loaded 2 times (x 119B)
Class com.google.common.reflect.Types$ClassOwnership$3                                : loaded 2 times (x 71B)
Class com.google.common.util.concurrent.SettableFuture                                : loaded 2 times (x 114B)
Class com.google.common.cache.LocalCache$Strength$2                                   : loaded 2 times (x 81B)
Class com.google.common.collect.Interners$InternerImpl                                : loaded 2 times (x 75B)
Class com.google.common.collect.Interner                                              : loaded 2 times (x 70B)
Class com.google.common.collect.TransformedIterator                                   : loaded 2 times (x 80B)
Class [Lcom.google.common.collect.Maps$EntryFunction;                                 : loaded 2 times (x 69B)
Class com.google.common.cache.LocalCache$Strength$3                                   : loaded 2 times (x 81B)
Class com.google.common.collect.MapDifference                                         : loaded 2 times (x 70B)
Class com.google.common.base.Splitter$1                                               : loaded 2 times (x 77B)
Class com.google.common.collect.MapMaker$Dummy                                        : loaded 2 times (x 79B)
Class com.google.common.reflect.Invokable                                             : loaded 2 times (x 103B)
Class org.objectweb.asm.FieldWriter                                                   : loaded 2 times (x 78B)
Class com.google.common.cache.CacheBuilder$NullListener                               : loaded 2 times (x 82B)
Class org.gradle.internal.classpath.TransformedClassPath                              : loaded 2 times (x 96B)
Class org.gradle.internal.classloader.InstrumentingClassLoader                        : loaded 2 times (x 70B)
Class org.apache.commons.io.output.UnsynchronizedByteArrayOutputStream                : loaded 2 times (x 102B)
Class com.google.common.collect.ImmutableListMultimap                                 : loaded 2 times (x 176B)
Class com.google.common.collect.Maps$IteratorBasedAbstractMap$1                       : loaded 2 times (x 138B)
Class com.google.common.reflect.Types$ParameterizedTypeImpl                           : loaded 2 times (x 81B)
Class com.google.common.collect.ImmutableRangeSet$AsSet                               : loaded 2 times (x 299B)
Class com.google.common.cache.CacheLoader$FunctionToCacheLoader                       : loaded 2 times (x 75B)
Class com.google.common.collect.Iterators$ArrayItr                                    : loaded 2 times (x 97B)
Class com.google.common.collect.ImmutableCollection$Builder                           : loaded 2 times (x 76B)
Class org.apache.commons.io.output.ByteArrayOutputStream                              : loaded 2 times (x 102B)
Class com.google.common.collect.EmptyImmutableListMultimap                            : loaded 2 times (x 176B)
Class com.google.common.collect.BaseImmutableMultimap                                 : loaded 2 times (x 123B)
Class com.google.common.reflect.TypeResolver$TypeVariableKey                          : loaded 2 times (x 72B)
Class com.google.common.base.Joiner                                                   : loaded 2 times (x 79B)
Class com.google.common.base.MoreObjects                                              : loaded 2 times (x 71B)
Class [Lorg.objectweb.asm.Type;                                                       : loaded 2 times (x 69B)
Class com.google.common.collect.Platform                                              : loaded 2 times (x 71B)
Class com.google.common.collect.UnmodifiableIterator                                  : loaded 2 times (x 80B)
Class org.gradle.internal.service.ServiceLocator                                      : loaded 2 times (x 70B)
Class org.apache.commons.io.FileExistsException                                       : loaded 2 times (x 82B)
Class com.google.common.base.Ascii                                                    : loaded 2 times (x 71B)
Class com.google.common.collect.SingletonImmutableBiMap                               : loaded 2 times (x 143B)
Class com.google.common.cache.LocalCache$1                                            : loaded 2 times (x 89B)
Class com.google.common.collect.AbstractMapEntry                                      : loaded 2 times (x 81B)
Class com.google.common.collect.MapMakerInternalMap$AbstractStrongKeyEntry            : loaded 2 times (x 80B)
Class com.google.common.reflect.TypeToken$SimpleTypeToken                             : loaded 2 times (x 73B)
Class com.google.common.collect.Sets$ImprovedAbstractSet                              : loaded 2 times (x 135B)
Class com.google.common.collect.ImmutableList$Builder                                 : loaded 2 times (x 77B)
Class com.google.common.cache.LocalCache$2                                            : loaded 2 times (x 142B)
Class com.google.common.collect.AbstractMultimap                                      : loaded 2 times (x 123B)
Class ijJvmDebugger1_858lgih2bb2q0e27cpsinjh49$_run_closure1$_closure2                : loaded 2 times (x 140B)
Class com.google.common.collect.ImmutableRangeSet$1                                   : loaded 2 times (x 209B)
Class com.google.common.util.concurrent.AbstractFuture$UnsafeAtomicHelper$1           : loaded 2 times (x 76B)
Class com.google.common.collect.RegularImmutableAsList                                : loaded 2 times (x 216B)
Class com.google.common.base.Optional                                                 : loaded 2 times (x 80B)
Class com.google.common.collect.Range                                                 : loaded 2 times (x 87B)
Class com.google.common.util.concurrent.AbstractFuture$Trusted                        : loaded 2 times (x 70B)
Class com.google.common.collect.Iterators                                             : loaded 2 times (x 71B)
Class com.google.common.base.CharMatcher$RangesMatcher                                : loaded 2 times (x 112B)
Class com.google.common.io.ByteSink$AsCharSink                                        : loaded 2 times (x 80B)
Class com.google.common.util.concurrent.UncheckedExecutionException                   : loaded 2 times (x 82B)
Class com.google.common.collect.Lists$StringAsImmutableList                           : loaded 2 times (x 207B)
Class org.gradle.kotlin.dsl.VersionCatalogAccessorsKt                                 : loaded 2 times (x 71B)
Class com.google.common.collect.ImmutableSortedSetFauxverideShim                      : loaded 2 times (x 147B)
Class com.google.common.base.CharMatcher$JavaLetterOrDigit                            : loaded 2 times (x 111B)
Class org.gradle.internal.InternalTransformer                                         : loaded 2 times (x 70B)
Class com.google.common.collect.AbstractMapBasedMultimap$KeySet$1                     : loaded 2 times (x 82B)
Class org.objectweb.asm.ClassWriter                                                   : loaded 2 times (x 106B)
Class com.google.common.cache.CacheLoader$UnsupportedLoadingOperationException        : loaded 2 times (x 82B)
Class com.google.common.base.CharMatcher$And                                          : loaded 2 times (x 112B)
Class org.gradle.internal.classloader.ClasspathUtil$1                                 : loaded 2 times (x 76B)
Class com.google.common.collect.FluentIterable$1                                      : loaded 2 times (x 81B)
Class com.google.common.base.Objects                                                  : loaded 2 times (x 71B)
Class org.objectweb.asm.FieldVisitor                                                  : loaded 2 times (x 77B)
Class com.google.common.collect.IndexedImmutableSet                                   : loaded 2 times (x 150B)
Class com.google.common.collect.ImmutableMap$1                                        : loaded 2 times (x 81B)
Class com.google.common.collect.BiMap                                                 : loaded 2 times (x 70B)
Class org.gradle.api.internal.classpath.DefaultModuleRegistry$DefaultModule           : loaded 2 times (x 86B)
Class com.google.common.collect.FluentIterable$2                                      : loaded 2 times (x 81B)
Class com.google.common.base.Absent                                                   : loaded 2 times (x 80B)
Class com.google.common.reflect.Reflection                                            : loaded 2 times (x 71B)
Class com.google.common.base.Equivalence$Identity                                     : loaded 2 times (x 82B)
Class com.google.common.collect.AbstractIterator                                      : loaded 2 times (x 82B)
Class com.google.common.collect.FluentIterable$3                                      : loaded 2 times (x 81B)
Class com.google.common.math.MathPreconditions                                        : loaded 2 times (x 71B)
Class com.google.common.collect.Multiset                                              : loaded 2 times (x 70B)
Class com.google.common.collect.ArrayListMultimapGwtSerializationDependencies         : loaded 2 times (x 172B)
Class com.google.common.collect.ObjectArrays                                          : loaded 2 times (x 71B)
Class com.google.common.collect.AbstractIndexedListIterator                           : loaded 2 times (x 96B)
Class org.apache.commons.io.output.NullOutputStream                                   : loaded 2 times (x 85B)
Class com.google.common.collect.ImmutableMapEntrySet                                  : loaded 2 times (x 151B)
Class org.gradle.api.internal.classpath.Module                                        : loaded 2 times (x 70B)
Class com.google.common.cache.Weigher                                                 : loaded 2 times (x 70B)
Class org.gradle.api.internal.classpath.UnknownModuleException                        : loaded 2 times (x 82B)
Class com.google.common.base.Stopwatch                                                : loaded 2 times (x 72B)
Class com.google.common.cache.LocalCache$Strength                                     : loaded 2 times (x 81B)
Class com.google.common.cache.Cache                                                   : loaded 2 times (x 70B)
Class org.apache.commons.io.filefilter.IOFileFilter                                   : loaded 2 times (x 70B)
Class com.google.common.io.AppendableWriter                                           : loaded 2 times (x 100B)
Class com.google.common.io.Files$2                                                    : loaded 2 times (x 76B)
Class com.google.common.util.concurrent.AbstractFuture$Cancellation                   : loaded 2 times (x 72B)
Class com.google.common.collect.ImmutableMap$Builder                                  : loaded 2 times (x 82B)
Class com.google.common.base.NullnessCasts                                            : loaded 2 times (x 71B)
Class com.google.common.collect.AbstractMapBasedMultimap$WrappedCollection$WrappedIterator: loaded 2 times (x 84B)
Class com.google.common.collect.Maps$EntryFunction$1                                  : loaded 2 times (x 91B)
Class com.google.common.base.Present                                                  : loaded 2 times (x 81B)
Class com.google.common.cache.RemovalListener                                         : loaded 2 times (x 70B)
Class org.gradle.api.internal.DefaultClassPathRegistry                                : loaded 2 times (x 76B)
Class org.apache.commons.io.file.DeleteOption                                         : loaded 2 times (x 70B)
Class com.google.common.collect.ImmutableMultimap$Keys                                : loaded 2 times (x 166B)
Class com.google.common.collect.Maps$EntryFunction$2                                  : loaded 2 times (x 91B)
Class com.google.common.reflect.Invokable$ConstructorInvokable                        : loaded 2 times (x 107B)
Class com.google.common.primitives.IntsMethodsForWeb                                  : loaded 2 times (x 71B)
Class com.google.common.collect.Multimap                                              : loaded 2 times (x 70B)
Class org.gradle.api.internal.ClassPathRegistry                                       : loaded 2 times (x 70B)
Class org.gradle.internal.classpath.DefaultClassPath$ImmutableUniqueList              : loaded 2 times (x 199B)
Class org.apache.commons.io.IOUtils                                                   : loaded 2 times (x 71B)
Class com.google.common.collect.MapMakerInternalMap$Segment                           : loaded 2 times (x 142B)
Class com.google.common.base.ExtraObjectsMethodsForWeb                                : loaded 2 times (x 71B)
Class com.google.common.reflect.TypeToken                                             : loaded 2 times (x 73B)
Class com.google.common.base.PairwiseEquivalence                                      : loaded 2 times (x 83B)
Class com.google.common.io.ByteSink                                                   : loaded 2 times (x 76B)
Class com.google.common.cache.CacheBuilder                                            : loaded 2 times (x 72B)
Class com.google.common.collect.SingletonImmutableList                                : loaded 2 times (x 207B)
Class Settings_gradle$1                                                               : loaded 2 times (x 74B)
Class org.gradle.internal.classpath.ClassPath                                         : loaded 2 times (x 70B)
Class org.gradle.api.UncheckedIOException                                             : loaded 2 times (x 82B)
Class com.google.common.collect.Interners$InternerBuilder                             : loaded 2 times (x 76B)
Class com.google.common.io.Files$FileByteSource                                       : loaded 2 times (x 85B)
Class [Lcom.google.common.reflect.Types$JavaVersion;                                  : loaded 2 times (x 69B)
Class com.google.common.collect.ImmutableList$ReverseImmutableList                    : loaded 2 times (x 208B)
Class com.google.common.base.JdkPattern                                               : loaded 2 times (x 75B)
Class com.google.common.io.CharStreams$NullWriter                                     : loaded 2 times (x 99B)
Class org.objectweb.asm.SymbolTable$Entry                                             : loaded 2 times (x 74B)
Class com.google.common.util.concurrent.AbstractFuture$AtomicHelper                   : loaded 2 times (x 78B)
Class org.objectweb.asm.Edge                                                          : loaded 2 times (x 72B)
Class com.google.common.base.Suppliers$SupplierOfInstance                             : loaded 2 times (x 79B)
Class com.google.common.collect.Iterators$1                                           : loaded 2 times (x 81B)
Class com.google.common.reflect.TypeToken$1                                           : loaded 2 times (x 110B)
Class com.google.common.cache.LocalCache$ComputingValueReference                      : loaded 2 times (x 96B)
Class com.google.common.collect.SingletonImmutableSet                                 : loaded 2 times (x 146B)
Class com.google.common.collect.ImmutableMap$IteratorBasedImmutableMap                : loaded 2 times (x 125B)
Class com.google.common.reflect.TypeToken$2                                           : loaded 2 times (x 110B)
Class com.google.common.cache.LocalCache$Segment                                      : loaded 2 times (x 154B)
Class com.google.common.collect.SortedIterable                                        : loaded 2 times (x 70B)
Class [Lorg.objectweb.asm.SymbolTable$Entry;                                          : loaded 2 times (x 69B)
Class com.google.common.cache.CacheLoader                                             : loaded 2 times (x 74B)
Class com.google.common.collect.Iterators$4                                           : loaded 2 times (x 82B)
Class com.google.common.collect.ImmutableBiMap                                        : loaded 2 times (x 143B)
Class com.google.common.collect.AbstractListMultimap                                  : loaded 2 times (x 172B)
Class org.gradle.internal.installation.GradleInstallation$1                           : loaded 2 times (x 75B)
Class org.gradle.api.internal.classpath.ModuleRegistry                                : loaded 2 times (x 70B)
Class org.apache.commons.io.output.NullWriter                                         : loaded 2 times (x 99B)
Class com.google.common.util.concurrent.internal.InternalFutureFailureAccess          : loaded 2 times (x 72B)
Class com.google.common.collect.Iterators$5                                           : loaded 2 times (x 82B)
Class com.google.common.collect.ImmutableSet$JdkBackedSetBuilderImpl                  : loaded 2 times (x 76B)
Class com.google.common.base.Splitter$SplittingIterator                               : loaded 2 times (x 84B)
Class com.google.common.collect.ImmutableMultimap$Values                              : loaded 2 times (x 126B)
Class com.google.common.collect.Iterators$6                                           : loaded 2 times (x 81B)
Class com.google.common.io.Closer$SuppressingSuppressor                               : loaded 2 times (x 75B)
Class com.google.common.util.concurrent.AbstractFuture$UnsafeAtomicHelper             : loaded 2 times (x 78B)
Class com.google.common.cache.LocalCache$LocalManualCache$1                           : loaded 2 times (x 75B)
Class com.google.common.base.CharMatcher$ForPredicate                                 : loaded 2 times (x 112B)
Class ijKotlinCoroutineJvmDebugInit1_7ur5bwen8i9sx3ssfdbh6sgvx$_run_closure1$_closure2: loaded 2 times (x 139B)
Class com.google.common.collect.ImmutableCollection                                   : loaded 2 times (x 125B)
Class com.google.common.base.CharMatcher$AnyOf                                        : loaded 2 times (x 112B)
Class org.gradle.api.internal.classpath.DefaultModuleRegistry                         : loaded 2 times (x 86B)
Class com.google.common.util.concurrent.ListenableFuture                              : loaded 2 times (x 70B)
Class com.google.common.cache.ReferenceEntry                                          : loaded 2 times (x 70B)
Class com.google.common.collect.ImmutableSet$CachingAsList                            : loaded 2 times (x 147B)
Class com.google.common.base.Converter                                                : loaded 2 times (x 90B)
Class com.google.common.collect.Lists                                                 : loaded 2 times (x 71B)
Class com.google.common.base.CharMatcher$Any                                          : loaded 2 times (x 112B)
Class com.google.common.util.concurrent.AbstractFuture                                : loaded 2 times (x 106B)
Class com.google.common.base.FunctionalEquivalence                                    : loaded 2 times (x 83B)
Class com.google.common.collect.Iterators$9                                           : loaded 2 times (x 81B)
Class com.google.common.collect.AbstractMapBasedMultimap                              : loaded 2 times (x 139B)
Class com.google.common.collect.ImmutableAsList                                       : loaded 2 times (x 209B)
Class com.google.common.io.CharStreams                                                : loaded 2 times (x 71B)
Class com.google.common.collect.ImmutableMultiset                                     : loaded 2 times (x 163B)
Class com.google.common.reflect.TypeResolver$TypeTable                                : loaded 2 times (x 73B)
Class org.objectweb.asm.RecordComponentVisitor                                        : loaded 2 times (x 77B)
Class com.google.common.cache.CacheLoader$SupplierToCacheLoader                       : loaded 2 times (x 75B)
Class com.google.common.reflect.TypeResolver$TypeTable$1                              : loaded 2 times (x 73B)
Class com.google.common.collect.Maps$EntryTransformer                                 : loaded 2 times (x 70B)
Class org.gradle.internal.service.ServiceLookupException                              : loaded 2 times (x 82B)
Class com.google.common.collect.ImmutableSortedSet                                    : loaded 2 times (x 299B)
Class [Lcom.google.common.cache.LocalCache$EntryFactory;                              : loaded 2 times (x 69B)
Class com.google.common.base.CharMatcher$JavaLetter                                   : loaded 2 times (x 111B)
Class org.gradle.internal.classloader.ClassLoaderFactory                              : loaded 2 times (x 70B)
Class org.apache.commons.io.CloseableURLConnection                                    : loaded 2 times (x 116B)
Class com.google.common.collect.ImmutableMap$SerializedForm                           : loaded 2 times (x 73B)
Class com.google.common.cache.LocalCache$LocalManualCache                             : loaded 2 times (x 99B)
Class com.google.common.base.CharMatcher$IsNot                                        : loaded 2 times (x 111B)
Class com.google.common.base.CommonPattern                                            : loaded 2 times (x 74B)
Class org.gradle.internal.service.CachingServiceLocator                               : loaded 2 times (x 82B)
Class com.google.common.collect.AbstractMapBasedMultimap$KeySet                       : loaded 2 times (x 137B)
Class com.google.common.collect.RegularImmutableSortedSet                             : loaded 2 times (x 299B)
Class com.google.common.math.IntMath                                                  : loaded 2 times (x 71B)
Class com.google.common.collect.MapMakerInternalMap$InternalEntry                     : loaded 2 times (x 70B)
Class com.google.common.reflect.Types$TypeVariableInvocationHandler                   : loaded 2 times (x 75B)
Class com.google.common.collect.Iterators$10                                          : loaded 2 times (x 81B)
Class com.google.common.collect.ImmutableMapEntry                                     : loaded 2 times (x 85B)
Class com.google.common.base.CharMatcher$JavaDigit                                    : loaded 2 times (x 111B)
Class com.google.common.collect.ImmutableMultimap                                     : loaded 2 times (x 147B)
Class com.google.common.base.Predicates                                               : loaded 2 times (x 71B)
Class com.google.common.base.Equivalence                                              : loaded 2 times (x 82B)
Class com.google.common.collect.ImmutableMapEntry$NonTerminalImmutableMapEntry        : loaded 2 times (x 85B)
Class com.google.common.base.Function                                                 : loaded 2 times (x 70B)
Class org.apache.commons.io.output.AbstractByteArrayOutputStream                      : loaded 2 times (x 102B)
Class com.google.common.cache.CacheBuilder$OneWeigher                                 : loaded 2 times (x 82B)
Class com.google.common.collect.RegularImmutableList                                  : loaded 2 times (x 212B)
Class com.google.common.collect.Maps$EntryFunction                                    : loaded 2 times (x 91B)
Class com.google.common.reflect.Types$ClassOwnership$1LocalClass                      : loaded 2 times (x 71B)
Class com.google.common.collect.ImmutableBiMapFauxverideShim                          : loaded 2 times (x 120B)
Class org.gradle.internal.classloader.ClasspathUtil                                   : loaded 2 times (x 71B)
Class com.google.common.base.Charsets                                                 : loaded 2 times (x 71B)
Class com.google.common.util.concurrent.Uninterruptibles                              : loaded 2 times (x 71B)
Class com.google.common.collect.Maps                                                  : loaded 2 times (x 71B)
Class com.google.common.base.CharMatcher$JavaUpperCase                                : loaded 2 times (x 111B)
Class org.gradle.api.specs.Spec                                                       : loaded 2 times (x 70B)
Class org.apache.commons.io.file.PathFilter                                           : loaded 2 times (x 70B)
Class com.google.common.collect.MapMaker                                              : loaded 2 times (x 72B)
Class com.google.common.reflect.Types$JavaVersion                                     : loaded 2 times (x 83B)
Class [Lcom.google.common.collect.ImmutableEntry;                                     : loaded 2 times (x 69B)
Class com.google.common.collect.Sets$3$1                                              : loaded 2 times (x 82B)
Class com.google.common.cache.LocalCache$LoadingValueReference                        : loaded 2 times (x 96B)
Class com.google.common.primitives.Ints                                               : loaded 2 times (x 71B)
Class com.google.common.io.LineReader$1                                               : loaded 2 times (x 75B)
Class com.google.common.collect.CollectSpliterators                                   : loaded 2 times (x 71B)
Class com.google.common.collect.AbstractMapBasedMultimap$AsMap                        : loaded 2 times (x 128B)
Class com.google.common.collect.MapMakerInternalMap$StrongKeyDummyValueEntry          : loaded 2 times (x 82B)
Class com.google.common.reflect.Invokable$MethodInvokable                             : loaded 2 times (x 107B)
Class com.google.common.base.Platform                                                 : loaded 2 times (x 71B)
Class com.google.common.collect.AbstractMapBasedMultimap$WrappedList                  : loaded 2 times (x 205B)
Class [Lorg.objectweb.asm.AnnotationWriter;                                           : loaded 2 times (x 69B)
Class com.google.common.primitives.Ints$IntConverter                                  : loaded 2 times (x 90B)
Class com.google.common.collect.Maps$8                                                : loaded 2 times (x 82B)
Class [Lcom.google.common.collect.Iterators$EmptyModifiableIterator;                  : loaded 2 times (x 69B)
Class com.google.common.base.Predicates$CompositionPredicate                          : loaded 2 times (x 88B)
Class com.google.common.collect.ImmutableRangeSet$Builder                             : loaded 2 times (x 77B)
Class com.google.common.collect.Sets$SetView                                          : loaded 2 times (x 138B)
Class com.google.common.cache.LocalCache$StrongValueReference                         : loaded 2 times (x 90B)
Class com.google.common.util.concurrent.AbstractFuture$SynchronizedHelper             : loaded 2 times (x 78B)
Class com.google.common.base.CharMatcher$Invisible                                    : loaded 2 times (x 112B)
Class com.google.common.graph.SuccessorsFunction                                      : loaded 2 times (x 70B)
Class org.objectweb.asm.Type                                                          : loaded 2 times (x 72B)
Class org.gradle.internal.classloader.VisitableURLClassLoader$InstrumentingVisitableURLClassLoader: loaded 2 times (x 123B)
Class org.apache.commons.io.FileUtils                                                 : loaded 2 times (x 71B)
Class com.google.common.collect.MapMakerInternalMap$StrongKeyDummyValueEntry$Helper   : loaded 2 times (x 79B)
Class com.google.common.io.Files$FileByteSink                                         : loaded 2 times (x 77B)
Class org.objectweb.asm.ByteVector                                                    : loaded 2 times (x 79B)
Class [Lcom.google.common.cache.CacheBuilder$NullListener;                            : loaded 2 times (x 69B)
Class com.google.common.math.IntMath$1                                                : loaded 2 times (x 71B)
Class org.gradle.internal.classloader.VisitableURLClassLoader$Spec                    : loaded 2 times (x 74B)
Class org.gradle.internal.classpath.DefaultClassPath                                  : loaded 2 times (x 90B)
Class com.google.common.reflect.Types$ClassOwnership                                  : loaded 2 times (x 80B)
Class org.objectweb.asm.Symbol                                                        : loaded 2 times (x 73B)
Class com.google.common.base.AbstractIterator                                         : loaded 2 times (x 80B)
Class ijKotlinCoroutineJvmDebugInit1_7ur5bwen8i9sx3ssfdbh6sgvx$_run_closure1          : loaded 2 times (x 139B)
Class com.google.common.io.Java8Compatibility                                         : loaded 2 times (x 71B)
Class com.google.common.collect.Sets$FilteredSet                                      : loaded 2 times (x 137B)
Class com.google.common.io.Closer                                                     : loaded 2 times (x 78B)
Class com.google.common.collect.RegularImmutableMap$Values                            : loaded 2 times (x 207B)
Class com.google.common.collect.ImmutableSet                                          : loaded 2 times (x 145B)
Class com.google.common.base.CharMatcher$BitSetMatcher                                : loaded 2 times (x 112B)
Class com.google.common.base.CharMatcher$Ascii                                        : loaded 2 times (x 112B)
Class org.gradle.internal.classloader.ClassLoaderSpec                                 : loaded 2 times (x 71B)
Class org.objectweb.asm.AnnotationWriter                                              : loaded 2 times (x 79B)
Class com.google.common.cache.CacheStats                                              : loaded 2 times (x 71B)
Class com.google.common.collect.ImmutableMultisetGwtSerializationDependencies         : loaded 2 times (x 125B)
Class com.google.common.collect.Interners                                             : loaded 2 times (x 71B)
Class com.google.common.io.LineProcessor                                              : loaded 2 times (x 70B)
Class com.google.common.io.Closer$Suppressor                                          : loaded 2 times (x 70B)
Class org.objectweb.asm.RecordComponentWriter                                         : loaded 2 times (x 78B)
Class com.google.common.util.concurrent.AbstractFuture$Listener                       : loaded 2 times (x 72B)
Class com.google.common.base.CharMatcher$Or                                           : loaded 2 times (x 112B)
Class Settings_gradle$1$1                                                             : loaded 2 times (x 74B)
Class ijKotlinCoroutineJvmDebugInit1_7ur5bwen8i9sx3ssfdbh6sgvx                        : loaded 2 times (x 179B)
Class org.objectweb.asm.Attribute                                                     : loaded 2 times (x 77B)
Class com.google.common.base.Supplier                                                 : loaded 2 times (x 70B)
Class org.gradle.internal.classloader.VisitableURLClassLoader                         : loaded 2 times (x 117B)
Class com.google.common.collect.ImmutableList$SerializedForm                          : loaded 2 times (x 73B)
Class com.google.common.util.concurrent.AbstractFuture$Waiter                         : loaded 2 times (x 72B)
Class Settings_gradle                                                                 : loaded 2 times (x 128B)
Class org.gradle.internal.Cast                                                        : loaded 2 times (x 71B)
Class org.gradle.api.Action                                                           : loaded 2 times (x 70B)
Class com.google.common.collect.MapMakerInternalMap                                   : loaded 2 times (x 161B)
Class com.google.common.base.Strings                                                  : loaded 2 times (x 71B)
Class com.google.common.collect.Sets                                                  : loaded 2 times (x 71B)
Class org.objectweb.asm.Handler                                                       : loaded 2 times (x 72B)
Class com.google.common.base.Ticker                                                   : loaded 2 times (x 72B)
Class com.google.common.base.CharMatcher$FastMatcher                                  : loaded 2 times (x 111B)
Class [Lcom.google.common.cache.LocalCache$Segment;                                   : loaded 2 times (x 69B)
Class [Lcom.google.common.cache.LocalCache$Strength;                                  : loaded 2 times (x 69B)
Class com.google.common.cache.CacheBuilder$1                                          : loaded 2 times (x 85B)
Class com.google.common.collect.ImmutableMap                                          : loaded 2 times (x 120B)
Class com.google.common.base.Predicate                                                : loaded 2 times (x 70B)
Class org.gradle.internal.classpath.DefaultClassPath$ImmutableUniqueList$Builder      : loaded 2 times (x 75B)
Class com.google.common.collect.MapMakerInternalMap$WeakValueReference                : loaded 2 times (x 70B)
Class com.google.common.collect.AbstractRangeSet                                      : loaded 2 times (x 114B)
Class com.google.common.cache.LocalCache                                              : loaded 2 times (x 187B)
Class com.google.common.cache.CacheBuilder$2                                          : loaded 2 times (x 72B)
Class com.google.common.base.CharMatcher$NegatedFastMatcher                           : loaded 2 times (x 113B)
Class [Lcom.google.common.collect.AbstractMapEntry;                                   : loaded 2 times (x 69B)
Class com.google.common.collect.ImmutableEntry                                        : loaded 2 times (x 82B)
Class com.google.common.collect.ArrayListMultimap                                     : loaded 2 times (x 172B)
Class com.google.common.base.AbstractIterator$1                                       : loaded 2 times (x 71B)
Class com.google.common.base.CharMatcher$Digit                                        : loaded 2 times (x 112B)
Class org.gradle.api.GradleException                                                  : loaded 2 times (x 82B)
Class org.apache.commons.io.StandardLineSeparator                                     : loaded 2 times (x 79B)
Class com.google.common.base.Suppliers$MemoizingSupplier                              : loaded 2 times (x 79B)
Class com.google.common.collect.CollectPreconditions                                  : loaded 2 times (x 71B)
Class com.google.common.base.CharMatcher$JavaIsoControl                               : loaded 2 times (x 112B)
Class [Lcom.google.common.collect.MapMakerInternalMap$Strength;                       : loaded 2 times (x 69B)
Class [Lcom.google.common.io.FileWriteMode;                                           : loaded 2 times (x 69B)
Class com.google.common.collect.Maps$AbstractFilteredMap                              : loaded 2 times (x 127B)
Class com.google.common.collect.SortedMapDifference                                   : loaded 2 times (x 70B)
Class com.google.common.base.CharMatcher$JavaLowerCase                                : loaded 2 times (x 111B)
Class com.google.common.collect.MapMakerInternalMap$StrongKeyDummyValueSegment        : loaded 2 times (x 142B)
Class com.google.common.cache.LocalCache$WriteThroughEntry                            : loaded 2 times (x 79B)
Class com.google.common.cache.LocalCache$HashIterator                                 : loaded 2 times (x 86B)
Class com.google.common.io.Files                                                      : loaded 2 times (x 71B)
Class com.google.common.cache.LocalCache$EntryFactory                                 : loaded 2 times (x 83B)
Class [Lcom.google.common.collect.MapMaker$Dummy;                                     : loaded 2 times (x 69B)
Class com.google.common.collect.Iterables$5                                           : loaded 2 times (x 81B)
Class com.google.common.reflect.Types$NativeTypeVariableEquals                        : loaded 2 times (x 71B)
Class com.google.common.reflect.TypeParameter                                         : loaded 2 times (x 72B)
Class com.google.common.cache.LocalCache$AbstractReferenceEntry                       : loaded 2 times (x 107B)
Class com.google.common.base.Splitter$1$1                                             : loaded 2 times (x 86B)
Class com.google.common.base.CharMatcher$Whitespace                                   : loaded 2 times (x 112B)
Class org.gradle.internal.IoActions                                                   : loaded 2 times (x 71B)
Class com.google.common.collect.ImmutableMapKeySet                                    : loaded 2 times (x 150B)
Class com.google.common.collect.ImmutableRangeSet$ComplementRanges                    : loaded 2 times (x 207B)
Class org.objectweb.asm.SymbolTable                                                   : loaded 2 times (x 72B)
Class com.google.common.cache.CacheLoader$InvalidCacheLoadException                   : loaded 2 times (x 82B)
Class com.google.common.collect.ImmutableSet$RegularSetBuilderImpl                    : loaded 2 times (x 77B)
Class com.google.common.base.CharMatcher$SingleWidth                                  : loaded 2 times (x 112B)
Class org.gradle.internal.classloader.SystemClassLoaderSpec                           : loaded 2 times (x 71B)
Class com.google.common.collect.FluentIterable                                        : loaded 2 times (x 81B)
Class com.google.common.cache.LocalCache$StrongEntry                                  : loaded 2 times (x 108B)
Class com.google.common.util.concurrent.AbstractFuture$TrustedFuture                  : loaded 2 times (x 114B)
Class com.google.common.cache.LoadingCache                                            : loaded 2 times (x 70B)
Class com.google.common.base.Suppliers$NonSerializableMemoizingSupplier               : loaded 2 times (x 79B)
Class org.objectweb.asm.MethodWriter                                                  : loaded 2 times (x 106B)
Class [Lcom.google.common.cache.Weigher;                                              : loaded 2 times (x 69B)
Class com.google.common.collect.RegularImmutableMap$BucketOverflowException           : loaded 2 times (x 82B)
Class com.google.common.collect.ImmutableMultimap$1                                   : loaded 2 times (x 82B)
Class com.google.common.collect.AbstractMapBasedMultimap$RandomAccessWrappedList      : loaded 2 times (x 205B)
Class com.google.common.collect.ImmutableMultimap$2                                   : loaded 2 times (x 81B)
Class com.google.common.collect.AbstractIterator$State                                : loaded 2 times (x 79B)
Class com.google.common.reflect.Types$JavaVersion$1                                   : loaded 2 times (x 83B)
Class com.google.common.collect.RegularImmutableBiMap                                 : loaded 2 times (x 148B)
Class com.google.common.cache.LocalCache$ValueReference                               : loaded 2 times (x 70B)
Class com.google.common.base.CharMatcher$Negated                                      : loaded 2 times (x 113B)
Class com.google.common.base.CharMatcher$Is                                           : loaded 2 times (x 111B)
Class com.google.common.reflect.Types$JavaVersion$2                                   : loaded 2 times (x 83B)
Class com.google.common.reflect.Types                                                 : loaded 2 times (x 71B)
Class com.google.common.hash.PrimitiveSink                                            : loaded 2 times (x 70B)
Class com.google.common.base.PatternCompiler                                          : loaded 2 times (x 70B)
Class com.google.common.util.concurrent.AbstractFuture$Failure                        : loaded 2 times (x 72B)
Class com.google.common.base.Equivalence$Equals                                       : loaded 2 times (x 82B)
Class com.google.common.collect.Hashing                                               : loaded 2 times (x 71B)
Class com.google.common.base.Preconditions                                            : loaded 2 times (x 71B)
Class [Lorg.apache.commons.io.file.DeleteOption;                                      : loaded 2 times (x 69B)
Class com.google.common.collect.ImmutableSetMultimap                                  : loaded 2 times (x 180B)
Class com.google.common.io.CharSink                                                   : loaded 2 times (x 79B)
Class com.google.common.reflect.Types$JavaVersion$3                                   : loaded 2 times (x 83B)
Class com.google.common.base.Joiner$1                                                 : loaded 2 times (x 80B)
Class org.objectweb.asm.Label                                                         : loaded 2 times (x 73B)
Class org.objectweb.asm.CurrentFrame                                                  : loaded 2 times (x 73B)
Class org.objectweb.asm.ClassTooLargeException                                        : loaded 2 times (x 83B)
Class com.google.common.collect.PeekingIterator                                       : loaded 2 times (x 70B)
Class com.google.common.base.CharMatcher                                              : loaded 2 times (x 111B)
Class com.google.common.collect.MapMakerInternalMap$InternalEntryHelper               : loaded 2 times (x 70B)
Class com.google.common.collect.Table                                                 : loaded 2 times (x 70B)
Class com.google.common.collect.Maps$IteratorBasedAbstractMap                         : loaded 2 times (x 125B)
Class com.google.common.reflect.Types$JavaVersion$4                                   : loaded 2 times (x 83B)
Class com.google.common.collect.RangeGwtSerializationDependencies                     : loaded 2 times (x 71B)
Class com.google.common.base.Joiner$2                                                 : loaded 2 times (x 79B)
Class org.objectweb.asm.Frame                                                         : loaded 2 times (x 73B)
Class org.objectweb.asm.MethodVisitor                                                 : loaded 2 times (x 105B)
Class com.google.common.cache.LocalCache$EntryFactory$1                               : loaded 2 times (x 83B)
Class [Lcom.google.common.cache.RemovalListener;                                      : loaded 2 times (x 69B)
Class com.google.common.base.CharMatcher$1                                            : loaded 2 times (x 113B)
Class com.google.common.base.CharMatcher$NamedFastMatcher                             : loaded 2 times (x 112B)
Class com.google.common.reflect.Types$JavaVersion$5                                   : loaded 2 times (x 71B)
Class [Lcom.google.common.reflect.Types$ClassOwnership;                               : loaded 2 times (x 69B)
Class com.google.common.collect.RangeSet                                              : loaded 2 times (x 70B)
Class com.google.common.cache.LocalCache$EntryFactory$2                               : loaded 2 times (x 83B)
Class org.gradle.api.internal.classpath.GlobalCacheRootsProvider                      : loaded 2 times (x 70B)
Class com.google.common.collect.CollectCollectors                                     : loaded 2 times (x 71B)
Class org.objectweb.asm.ModuleWriter                                                  : loaded 2 times (x 82B)
Class com.google.common.cache.LocalCache$EntryFactory$3                               : loaded 2 times (x 83B)
Class com.google.common.base.Ticker$1                                                 : loaded 2 times (x 72B)
Class com.google.common.collect.ImmutableMapEntrySet$RegularEntrySet                  : loaded 2 times (x 151B)
Class com.google.common.collect.Maps$BiMapConverter                                   : loaded 2 times (x 90B)
Class com.google.common.collect.CollectSpliterators$1                                 : loaded 2 times (x 90B)
Class com.google.common.collect.SetMultimap                                           : loaded 2 times (x 70B)
Class com.google.common.cache.LocalCache$EntryFactory$4                               : loaded 2 times (x 83B)
Class com.google.common.collect.ImmutableSet$Builder                                  : loaded 2 times (x 85B)
Class com.google.common.base.CharMatcher$InRange                                      : loaded 2 times (x 111B)
Class com.google.common.cache.LocalCache$EntryFactory$5                               : loaded 2 times (x 83B)
Class com.google.common.io.LineReader                                                 : loaded 2 times (x 72B)
Class org.apache.commons.io.output.AppendableWriter                                   : loaded 2 times (x 100B)
Class com.google.common.cache.LocalCache$EntryFactory$6                               : loaded 2 times (x 83B)
Class org.gradle.internal.installation.CurrentGradleInstallationLocator               : loaded 2 times (x 71B)
Class org.apache.commons.io.output.ThresholdingOutputStream                           : loaded 2 times (x 95B)
Class com.google.common.collect.ImmutableMultimap$Builder                             : loaded 2 times (x 83B)
Class com.google.common.collect.Maps$KeySet                                           : loaded 2 times (x 137B)
Class com.google.common.cache.LocalCache$EntryFactory$7                               : loaded 2 times (x 83B)
Class com.google.common.collect.ImmutableSet$EmptySetBuilderImpl                      : loaded 2 times (x 76B)
Class com.google.common.collect.ImmutableList                                         : loaded 2 times (x 206B)
Class ijJvmDebugger1_858lgih2bb2q0e27cpsinjh49                                        : loaded 2 times (x 179B)
Class org.gradle.internal.service.DefaultServiceLocator                               : loaded 2 times (x 83B)
Class com.google.common.collect.ImmutableMultimap$EntryCollection                     : loaded 2 times (x 127B)
Class com.google.common.collect.Maps$EntrySet                                         : loaded 2 times (x 136B)
Class com.google.common.cache.LocalCache$EntryFactory$8                               : loaded 2 times (x 83B)
Class com.google.common.collect.ImmutableSet$SetBuilderImpl                           : loaded 2 times (x 76B)
Class org.gradle.internal.installation.CurrentGradleInstallation                      : loaded 2 times (x 73B)
Class com.google.common.cache.CacheLoader$1                                           : loaded 2 times (x 75B)
Class com.google.common.collect.ForwardingObject                                      : loaded 2 times (x 72B)
Class com.google.common.collect.ImmutableList$SubList                                 : loaded 2 times (x 208B)
Class org.gradle.util.internal.GUtil                                                  : loaded 2 times (x 71B)
Class com.google.common.io.ByteSource                                                 : loaded 2 times (x 84B)
Class com.google.common.util.concurrent.AbstractFuture$SetFuture                      : loaded 2 times (x 75B)
Class com.google.common.cache.AbstractCache$StatsCounter                              : loaded 2 times (x 70B)
Class com.google.common.io.LineBuffer                                                 : loaded 2 times (x 75B)
Class com.google.common.collect.MapMakerInternalMap$1                                 : loaded 2 times (x 83B)
Class com.google.common.reflect.Types$TypeVariableImpl                                : loaded 2 times (x 72B)
Class com.google.common.collect.Iterators$MergingIterator                             : loaded 2 times (x 81B)
Class com.google.common.collect.RegularImmutableSet                                   : loaded 2 times (x 148B)
Class org.gradle.internal.installation.GradleInstallation                             : loaded 2 times (x 75B)
Class com.google.common.collect.Iterables                                             : loaded 2 times (x 71B)
Class com.google.common.base.Splitter$Strategy                                        : loaded 2 times (x 70B)

---------------  S Y S T E M  ---------------

OS:
 Windows 11 , 64 bit Build 22621 (10.0.22621.5415)
OS uptime: 14 days 9:12 hours
Hyper-V role detected

CPU: total 8 (initial active 8) (4 cores per cpu, 2 threads per core) family 6 model 140 stepping 2 microcode 0x3c, cx8, cmov, fxsr, ht, mmx, 3dnowpref, sse, sse2, sse3, ssse3, sse4.1, sse4.2, popcnt, lzcnt, tsc, tscinvbit, avx, avx2, aes, erms, clmul, bmi1, bmi2, adx, avx512f, avx512dq, avx512cd, avx512bw, avx512vl, sha, fma, vzeroupper, avx512_vpopcntdq, avx512_vpclmulqdq, avx512_vaes, avx512_vnni, clflush, clflushopt, clwb, avx512_vbmi2, avx512_vbmi, hv, rdtscp, rdpid, fsrm, gfni, avx512_bitalg, f16c, cet_ibt, cet_ss, avx512_ifma
Processor Information for processor 0
  Max Mhz: 2496, Current Mhz: 2496, Mhz Limit: 2496
Processor Information for processor 1
  Max Mhz: 2496, Current Mhz: 2496, Mhz Limit: 2496
Processor Information for processor 2
  Max Mhz: 2496, Current Mhz: 2496, Mhz Limit: 2496
Processor Information for processor 3
  Max Mhz: 2496, Current Mhz: 1198, Mhz Limit: 2496
Processor Information for processor 4
  Max Mhz: 2496, Current Mhz: 2496, Mhz Limit: 2496
Processor Information for processor 5
  Max Mhz: 2496, Current Mhz: 2496, Mhz Limit: 2496
Processor Information for processor 6
  Max Mhz: 2496, Current Mhz: 2496, Mhz Limit: 2496
Processor Information for processor 7
  Max Mhz: 2496, Current Mhz: 2496, Mhz Limit: 2496

Memory: 4k page, system-wide physical 16126M (638M free)
TotalPageFile size 18174M (AvailPageFile size 6M)
current process WorkingSet (physical memory assigned to process): 748M, peak: 748M
current process commit charge ("private bytes"): 844M, peak: 847M

vm_info: OpenJDK 64-Bit Server VM (21.0.8+-14196175-b1038.72) for windows-amd64 JRE (21.0.8+-14196175-b1038.72), built on 2025-10-01T10:24:33Z by "builder" with MS VC++ 16.10 / 16.11 (VS2019)

END.
